id;name;file
;AnalogDetective_Pants;noid/AnalogDetective_Pants.png
;AnalogDetective_Shirt;noid/AnalogDetective_Shirt.png
;Anniversary_10_Box;noid/Anniversary_10_Box.png
;Arid_Aura_Wicked;noid/Arid_Aura_Wicked.png
;Artist_Canvas;noid/Artist_Canvas.png
;Artist_Pants;noid/Artist_Pants.png
;Artist_Ripped;noid/Artist_Ripped.png
;Artist_Shirt;noid/Artist_Shirt.png
;AutumnComforts_Bag;noid/AutumnComforts_Bag.png
;AutumnComforts_Cap;noid/AutumnComforts_Cap.png
;AutumnComforts_Pants;noid/AutumnComforts_Pants.png
;AutumnComforts_Sweater;noid/AutumnComforts_Sweater.png
;Beekeeper_Backpack;noid/Beekeeper_Backpack.png
;Beekeeper_Belt;noid/Beekeeper_Belt.png
;Beekeeper_Hat;noid/Beekeeper_Hat.png
;Beekeeper_Pants;noid/Beekeeper_Pants.png
;Beekeeper_Top;noid/Beekeeper_Top.png
;Beret_Orange_Quadruple;noid/Beret_Orange_Quadruple.png
;Breakfast_Bottom;noid/Breakfast_Bottom.png
;Breakfast_Glasses;noid/Breakfast_Glasses.png
;Breakfast_Tie;noid/Breakfast_Tie.png
;Breakfast_Top;noid/Breakfast_Top.png
;Breakfast_Top_Hat;noid/Breakfast_Top_Hat.png
;Buak_ADITS_Wheel;noid/Buak_ADITS_Wheel.png
;Buak_Angel_Devil;noid/Buak_Angel_Devil.png
;Buak_Anomaly;noid/Buak_Anomaly.png
;Buak_Box;noid/Buak_Box.png
;Buak_Cat_Hoodie;noid/Buak_Cat_Hoodie.png
;Buak_Digital_Artist;noid/Buak_Digital_Artist.png
;Buak_Dino_Shirt;noid/Buak_Dino_Shirt.png
;Buak_Friendship_L;noid/Buak_Friendship_L.png
;Buak_Friendship_R;noid/Buak_Friendship_R.png
;Buak_Griefer_Mask;noid/Buak_Griefer_Mask.png
;Buak_Hooded_Cap;noid/Buak_Hooded_Cap.png
;Buak_Keytar;noid/Buak_Keytar.png
;Buak_Menpo;noid/Buak_Menpo.png
;Buak_Pilot_Hat;noid/Buak_Pilot_Hat.png
;Buak_Pine_Hat_Blue;noid/Buak_Pine_Hat_Blue.png
;Buak_Pine_Hat_Green;noid/Buak_Pine_Hat_Green.png
;Buak_Pine_Hat_Red;noid/Buak_Pine_Hat_Red.png
;Buak_Pink_Hoodie;noid/Buak_Pink_Hoodie.png
;Buak_Poncho_Black;noid/Buak_Poncho_Black.png
;Buak_Poncho_Blue;noid/Buak_Poncho_Blue.png
;Buak_Poncho_Green;noid/Buak_Poncho_Green.png
;Buak_Poncho_Orange;noid/Buak_Poncho_Orange.png
;Buak_Poncho_Pink;noid/Buak_Poncho_Pink.png
;Buak_Poncho_Purple;noid/Buak_Poncho_Purple.png
;Buak_Poncho_Red;noid/Buak_Poncho_Red.png
;Buak_Poncho_White;noid/Buak_Poncho_White.png
;Buak_Poncho_Yellow;noid/Buak_Poncho_Yellow.png
;Buak_Ram_Horns;noid/Buak_Ram_Horns.png
;Buak_Recycled_Armour;noid/Buak_Recycled_Armour.png
;Buak_S_7_Tee;noid/Buak_S_7_Tee.png
;Buak_Scarf_Black;noid/Buak_Scarf_Black.png
;Buak_Scarf_Blue;noid/Buak_Scarf_Blue.png
;Buak_Scarf_Green;noid/Buak_Scarf_Green.png
;Buak_Scarf_Orange;noid/Buak_Scarf_Orange.png
;Buak_Scarf_Pink;noid/Buak_Scarf_Pink.png
;Buak_Scarf_Purple;noid/Buak_Scarf_Purple.png
;Buak_Scarf_Red;noid/Buak_Scarf_Red.png
;Buak_Scarf_White;noid/Buak_Scarf_White.png
;Buak_Scarf_Yellow;noid/Buak_Scarf_Yellow.png
;Buak_Scorpion;noid/Buak_Scorpion.png
;Buak_Scythe;noid/Buak_Scythe.png
;Buak_Skater_Locks;noid/Buak_Skater_Locks.png
;Buak_Skeleton_Hoodie;noid/Buak_Skeleton_Hoodie.png
;Buak_Skeleton_Pants;noid/Buak_Skeleton_Pants.png
;Buak_Tinkerer;noid/Buak_Tinkerer.png
;Buak_WafflesTee;noid/Buak_WafflesTee.png
;Buak_Wind_Up_Key_II;noid/Buak_Wind_Up_Key_II.png
;Buak_Wizard_Hat;noid/Buak_Wizard_Hat.png
;Buak_Zipper;noid/Buak_Zipper.png
;CC24_BlackApron;noid/CC24_BlackApron.png
;CC24_Craftable_Box;noid/CC24_Craftable_Box.png
;CC24_FlannelShirt;noid/CC24_FlannelShirt.png
;CC24_PizzaSweater;noid/CC24_PizzaSweater.png
;CC24_Premium_Box;noid/CC24_Premium_Box.png
;CC24_StrawberrySweater;noid/CC24_StrawberrySweater.png
;CC24_Sweater;noid/CC24_Sweater.png
;Chicken_Chick;noid/Chicken_Chick.png
;Chicken_Mask;noid/Chicken_Mask.png
;Chicken_Pants;noid/Chicken_Pants.png
;Chicken_Shirt;noid/Chicken_Shirt.png
;Classic_Alicepack;noid/Classic_Alicepack.png
;Classic_Cloak;noid/Classic_Cloak.png
;Classic_Coyotepack;noid/Classic_Coyotepack.png
;Classic_Dixie_Hat;noid/Classic_Dixie_Hat.png
;Classic_Fire_Hat;noid/Classic_Fire_Hat.png
;Classic_Knapsack;noid/Classic_Knapsack.png
;Classic_Lumberjack;noid/Classic_Lumberjack.png
;Classic_Pink_Shirt;noid/Classic_Pink_Shirt.png
;Classic_Plaid;noid/Classic_Plaid.png
;Classic_Poncho;noid/Classic_Poncho.png
;Classic_Rucksack;noid/Classic_Rucksack.png
;Classic_Schoolbag;noid/Classic_Schoolbag.png
;Classic_Stetson;noid/Classic_Stetson.png
;Classic_Sweatervest;noid/Classic_Sweatervest.png
;Classic_Travelpack;noid/Classic_Travelpack.png
;Classic_Ushanka;noid/Classic_Ushanka.png
;Classic_White_Hat;noid/Classic_White_Hat.png
;Executioner_Backpack;noid/Executioner_Backpack.png
;Executioner_Bottom;noid/Executioner_Bottom.png
;Executioner_Hat;noid/Executioner_Hat.png
;Executioner_Top;noid/Executioner_Top.png
;Executioner_Vest;noid/Executioner_Vest.png
;FirefighterZombiePlush;noid/FirefighterZombiePlush.png
;Frost_Aura_Crown_Fire;noid/Frost_Aura_Crown_Fire.png
;Frost_Aura_Crown_Ice;noid/Frost_Aura_Crown_Ice.png
;Goth_Pants;noid/Goth_Pants.png
;Goth_Raven;noid/Goth_Raven.png
;Goth_Top;noid/Goth_Top.png
;HW2_Candy_Corn_Bag;noid/HW2_Candy_Corn_Bag.png
;HW2_Cheese;noid/HW2_Cheese.png
;HW2_Coffin_Bag;noid/HW2_Coffin_Bag.png
;HW2_College_Jacket;noid/HW2_College_Jacket.png
;HW2_Devil_Horns;noid/HW2_Devil_Horns.png
;HW2_Eye;noid/HW2_Eye.png
;HW2_Freckles;noid/HW2_Freckles.png
;HW2_Halo_Black;noid/HW2_Halo_Black.png
;HW2_Halo_White;noid/HW2_Halo_White.png
;HW2_Jack_O_Bandana;noid/HW2_Jack_O_Bandana.png
;HW2_Paper_Bag;noid/HW2_Paper_Bag.png
;HW2_Pillow;noid/HW2_Pillow.png
;HW2_Scars;noid/HW2_Scars.png
;HW2_Shark_Head;noid/HW2_Shark_Head.png
;HW2_Skull_Shirt;noid/HW2_Skull_Shirt.png
;HW2_Spike_Collar;noid/HW2_Spike_Collar.png
;HW2_Tinfoil_Hat;noid/HW2_Tinfoil_Hat.png
;Halloween2024_Box;noid/Halloween2024_Box.png
;Hooligan_Bottom;noid/Hooligan_Bottom.png
;Hooligan_Cap;noid/Hooligan_Cap.png
;Hooligan_Lollipop;noid/Hooligan_Lollipop.png
;Hooligan_Tie;noid/Hooligan_Tie.png
;Hooligan_Top;noid/Hooligan_Top.png
;Infernal_Armor;noid/Infernal_Armor.png
;Infernal_Core;noid/Infernal_Core.png
;Infernal_Pants;noid/Infernal_Pants.png
;Infernal_Skull;noid/Infernal_Skull.png
;Infernal_Teeth;noid/Infernal_Teeth.png
;Jersey_PrideProgress;noid/Jersey_PrideProgress.png
;Kuwait_Aura_PalmNights;noid/Kuwait_Aura_PalmNights.png
;Kuwait_Aura_Sunrise;noid/Kuwait_Aura_Sunrise.png
;Kuwait_Aura_Sunset;noid/Kuwait_Aura_Sunset.png
;LS_AcidBurnShirt;noid/LS_AcidBurnShirt.png
;LS_Athlete_Bottoms;noid/LS_Athlete_Bottoms.png
;LS_Athlete_ShoulderBag;noid/LS_Athlete_ShoulderBag.png
;LS_Athlete_Top;noid/LS_Athlete_Top.png
;LS_Athlete_VisorCap;noid/LS_Athlete_VisorCap.png
;LS_BeachShorts;noid/LS_BeachShorts.png
;LS_BlastGlasses;noid/LS_BlastGlasses.png
;LS_BrigadierVest;noid/LS_BrigadierVest.png
;LS_ChisanaShirt;noid/LS_ChisanaShirt.png
;LS_CrewmanBackpack;noid/LS_CrewmanBackpack.png
;LS_CrewmanHelmet;noid/LS_CrewmanHelmet.png
;LS_FlakVest;noid/LS_FlakVest.png
;LS_ForemansToolbag;noid/LS_ForemansToolbag.png
;LS_FragGoggles_0;noid/LS_FragGoggles_0.png
;LS_FragGoggles_1;noid/LS_FragGoggles_1.png
;LS_FragGoggles_2;noid/LS_FragGoggles_2.png
;LS_FragGoggles_3;noid/LS_FragGoggles_3.png
;LS_FragGoggles_4;noid/LS_FragGoggles_4.png
;LS_FragGoggles_5;noid/LS_FragGoggles_5.png
;LS_Gasmask;noid/LS_Gasmask.png
;LS_HiVisJacket;noid/LS_HiVisJacket.png
;LS_HiVisVest;noid/LS_HiVisVest.png
;LS_Hood_Beige;noid/LS_Hood_Beige.png
;LS_Hood_Black;noid/LS_Hood_Black.png
;LS_Hood_Green;noid/LS_Hood_Green.png
;LS_Hood_Navy;noid/LS_Hood_Navy.png
;LS_Hood_Red;noid/LS_Hood_Red.png
;LS_Hood_Yellow;noid/LS_Hood_Yellow.png
;LS_ImpHair;noid/LS_ImpHair.png
;LS_ImpTail;noid/LS_ImpTail.png
;LS_LifeguardVest;noid/LS_LifeguardVest.png
;LS_Oversize;noid/LS_Oversize.png
;LS_PatriotJacket;noid/LS_PatriotJacket.png
;LS_PatrolRig;noid/LS_PatrolRig.png
;LS_PerchedGlasses;noid/LS_PerchedGlasses.png
;LS_PetWorm;noid/LS_PetWorm.png
;LS_ReconCap;noid/LS_ReconCap.png
;LS_Shark;noid/LS_Shark.png
;LS_ShirtContractor;noid/LS_ShirtContractor.png
;LS_SkiMask_0;noid/LS_SkiMask_0.png
;LS_SkiMask_1;noid/LS_SkiMask_1.png
;LS_SkiMask_2;noid/LS_SkiMask_2.png
;LS_SkiMask_3;noid/LS_SkiMask_3.png
;LS_Softshell_0;noid/LS_Softshell_0.png
;LS_Softshell_1;noid/LS_Softshell_1.png
;LS_Softshell_2;noid/LS_Softshell_2.png
;LS_TimberlineShirt;noid/LS_TimberlineShirt.png
;LS_TowerBag;noid/LS_TowerBag.png
;LS_VRHeadset;noid/LS_VRHeadset.png
;LS_VanguardVest;noid/LS_VanguardVest.png
;LS_Warden_Glasses;noid/LS_Warden_Glasses.png
;LS_Warden_Helm;noid/LS_Warden_Helm.png
;LS_Warden_Mask;noid/LS_Warden_Mask.png
;LS_Warden_Pants;noid/LS_Warden_Pants.png
;LS_Warden_Shirt;noid/LS_Warden_Shirt.png
;LS_Warden_Vest;noid/LS_Warden_Vest.png
;LS_WendigoShirt;noid/LS_WendigoShirt.png
;LS_Whiskers;noid/LS_Whiskers.png
;LS_WindproofJacket;noid/LS_WindproofJacket.png
;LS_WirelesEarbuds;noid/LS_WirelesEarbuds.png
;LS_WolfMask;noid/LS_WolfMask.png
;LS_Zip;noid/LS_Zip.png
;LimeTracksuit_Bottom;noid/LimeTracksuit_Bottom.png
;LimeTracksuit_Cap;noid/LimeTracksuit_Cap.png
;LimeTracksuit_Fannypack;noid/LimeTracksuit_Fannypack.png
;LimeTracksuit_Top;noid/LimeTracksuit_Top.png
;Limestone_Box;noid/Limestone_Box.png
;LonelyMusician_Bottom;noid/LonelyMusician_Bottom.png
;LonelyMusician_Top;noid/LonelyMusician_Top.png
;Molt_Hair;noid/Molt_Hair.png
;Molt_Hoodie;noid/Molt_Hoodie.png
;Molt_Scarf;noid/Molt_Scarf.png
;Molt_Wings;noid/Molt_Wings.png
;PBS_Aura_Purple_Hole;noid/PBS_Aura_Purple_Hole.png
;PBS_Black_Button;noid/PBS_Black_Button.png
;PBS_Blue_Button;noid/PBS_Blue_Button.png
;PBS_Box;noid/PBS_Box.png
;PBS_Container_Pack;noid/PBS_Container_Pack.png
;PBS_Cowboy_Hat;noid/PBS_Cowboy_Hat.png
;PBS_Exo_Spine;noid/PBS_Exo_Spine.png
;PBS_Fishing_Overalls_0;noid/PBS_Fishing_Overalls_0.png
;PBS_Fishing_Overalls_1;noid/PBS_Fishing_Overalls_1.png
;PBS_Fishing_Top_0;noid/PBS_Fishing_Top_0.png
;PBS_Fishing_Top_1;noid/PBS_Fishing_Top_1.png
;PBS_Fishing_Top_2;noid/PBS_Fishing_Top_2.png
;PBS_Frag_Goggles;noid/PBS_Frag_Goggles.png
;PBS_Green_Button;noid/PBS_Green_Button.png
;PBS_HPA_Pack;noid/PBS_HPA_Pack.png
;PBS_Hard_Hat;noid/PBS_Hard_Hat.png
;PBS_Headphones_Mask;noid/PBS_Headphones_Mask.png
;PBS_Heavy_Vest;noid/PBS_Heavy_Vest.png
;PBS_Holster_Bottoms;noid/PBS_Holster_Bottoms.png
;PBS_Layered_Hoodie_0;noid/PBS_Layered_Hoodie_0.png
;PBS_Layered_Hoodie_1;noid/PBS_Layered_Hoodie_1.png
;PBS_Layered_Hoodie_2;noid/PBS_Layered_Hoodie_2.png
;PBS_Long_Ears;noid/PBS_Long_Ears.png
;PBS_Medic_Vest;noid/PBS_Medic_Vest.png
;PBS_Ponytail_Hair;noid/PBS_Ponytail_Hair.png
;PBS_Red_Button;noid/PBS_Red_Button.png
;PBS_Rice_Hat;noid/PBS_Rice_Hat.png
;PBS_SSamurai_Bottom;noid/PBS_SSamurai_Bottom.png
;PBS_SSamurai_Top;noid/PBS_SSamurai_Top.png
;PBS_Shield_Helmet;noid/PBS_Shield_Helmet.png
;PBS_Taped_Up;noid/PBS_Taped_Up.png
;PBS_Three_Hole_Mask;noid/PBS_Three_Hole_Mask.png
;PBS_Turtleneck;noid/PBS_Turtleneck.png
;PBS_Wheat_Beard;noid/PBS_Wheat_Beard.png
;PBS_White_Button;noid/PBS_White_Button.png
;PBS_Yellow_Button;noid/PBS_Yellow_Button.png
;Pharaoh_Bottoms;noid/Pharaoh_Bottoms.png
;Pharaoh_Hat;noid/Pharaoh_Hat.png
;Pharaoh_Necklace;noid/Pharaoh_Necklace.png
;Pharaoh_Top;noid/Pharaoh_Top.png
;ProgressPridePin;noid/ProgressPridePin.png
;Ragdoll_Effect_Rainbow;noid/Ragdoll_Effect_Rainbow.png
;Ragdoll_Effect_Rosegold;noid/Ragdoll_Effect_Rosegold.png
;Ragdoll_Effect_Void;noid/Ragdoll_Effect_Void.png
;Rio_Box;noid/Rio_Box.png
;Rio_Chewing_Gum;noid/Rio_Chewing_Gum.png
;Rio_Crop_Black;noid/Rio_Crop_Black.png
;Rio_Crop_Blue;noid/Rio_Crop_Blue.png
;Rio_Crop_Green;noid/Rio_Crop_Green.png
;Rio_Crop_Orange;noid/Rio_Crop_Orange.png
;Rio_Crop_Purple;noid/Rio_Crop_Purple.png
;Rio_Crop_Red;noid/Rio_Crop_Red.png
;Rio_Crop_White;noid/Rio_Crop_White.png
;Rio_Crop_Yellow;noid/Rio_Crop_Yellow.png
;Rio_SergeantSkull_Pants;noid/Rio_SergeantSkull_Pants.png
;Rio_SergeantSkull_Top;noid/Rio_SergeantSkull_Top.png
;Rio_Soccer_Bottom_Black;noid/Rio_Soccer_Bottom_Black.png
;Rio_Soccer_Bottom_Blue;noid/Rio_Soccer_Bottom_Blue.png
;Rio_Soccer_Bottom_Green;noid/Rio_Soccer_Bottom_Green.png
;Rio_Soccer_Bottom_Red;noid/Rio_Soccer_Bottom_Red.png
;Rio_Soccer_Bottom_White;noid/Rio_Soccer_Bottom_White.png
;Rio_Soccer_Bottom_Yellow;noid/Rio_Soccer_Bottom_Yellow.png
;Rio_Soccer_Top_Argentina;noid/Rio_Soccer_Top_Argentina.png
;Rio_Soccer_Top_Australia;noid/Rio_Soccer_Top_Australia.png
;Rio_Soccer_Top_Belgium;noid/Rio_Soccer_Top_Belgium.png
;Rio_Soccer_Top_Bolivia;noid/Rio_Soccer_Top_Bolivia.png
;Rio_Soccer_Top_Brazil;noid/Rio_Soccer_Top_Brazil.png
;Rio_Soccer_Top_Canada;noid/Rio_Soccer_Top_Canada.png
;Rio_Soccer_Top_Chile;noid/Rio_Soccer_Top_Chile.png
;Rio_Soccer_Top_China;noid/Rio_Soccer_Top_China.png
;Rio_Soccer_Top_Colombia;noid/Rio_Soccer_Top_Colombia.png
;Rio_Soccer_Top_Croatia;noid/Rio_Soccer_Top_Croatia.png
;Rio_Soccer_Top_Denmark;noid/Rio_Soccer_Top_Denmark.png
;Rio_Soccer_Top_England;noid/Rio_Soccer_Top_England.png
;Rio_Soccer_Top_Finland;noid/Rio_Soccer_Top_Finland.png
;Rio_Soccer_Top_France;noid/Rio_Soccer_Top_France.png
;Rio_Soccer_Top_Germany;noid/Rio_Soccer_Top_Germany.png
;Rio_Soccer_Top_Greece;noid/Rio_Soccer_Top_Greece.png
;Rio_Soccer_Top_Hungary;noid/Rio_Soccer_Top_Hungary.png
;Rio_Soccer_Top_Iceland;noid/Rio_Soccer_Top_Iceland.png
;Rio_Soccer_Top_Italy;noid/Rio_Soccer_Top_Italy.png
;Rio_Soccer_Top_Japan;noid/Rio_Soccer_Top_Japan.png
;Rio_Soccer_Top_Korea;noid/Rio_Soccer_Top_Korea.png
;Rio_Soccer_Top_Mexico;noid/Rio_Soccer_Top_Mexico.png
;Rio_Soccer_Top_Morocco;noid/Rio_Soccer_Top_Morocco.png
;Rio_Soccer_Top_Netherlands;noid/Rio_Soccer_Top_Netherlands.png
;Rio_Soccer_Top_Norway;noid/Rio_Soccer_Top_Norway.png
;Rio_Soccer_Top_Philippines;noid/Rio_Soccer_Top_Philippines.png
;Rio_Soccer_Top_Poland;noid/Rio_Soccer_Top_Poland.png
;Rio_Soccer_Top_Portugal;noid/Rio_Soccer_Top_Portugal.png
;Rio_Soccer_Top_Romania;noid/Rio_Soccer_Top_Romania.png
;Rio_Soccer_Top_Russia;noid/Rio_Soccer_Top_Russia.png
;Rio_Soccer_Top_Serbia;noid/Rio_Soccer_Top_Serbia.png
;Rio_Soccer_Top_SouthAfrica;noid/Rio_Soccer_Top_SouthAfrica.png
;Rio_Soccer_Top_Spain;noid/Rio_Soccer_Top_Spain.png
;Rio_Soccer_Top_Sweden;noid/Rio_Soccer_Top_Sweden.png
;Rio_Soccer_Top_Turkey;noid/Rio_Soccer_Top_Turkey.png
;Rio_Soccer_Top_USA;noid/Rio_Soccer_Top_USA.png
;Rio_Soccer_Top_Ukraine;noid/Rio_Soccer_Top_Ukraine.png
;Rio_Soccer_Top_Uruguay;noid/Rio_Soccer_Top_Uruguay.png
;Rio_Sporty_Hoodie;noid/Rio_Sporty_Hoodie.png
;Rio_Sporty_Shoes;noid/Rio_Sporty_Shoes.png
;Rio_Sproutheads;noid/Rio_Sproutheads.png
;Rio_Street_Jacket;noid/Rio_Street_Jacket.png
;Rio_Tank_Top_Black;noid/Rio_Tank_Top_Black.png
;Rio_Tank_Top_Blue;noid/Rio_Tank_Top_Blue.png
;Rio_Tank_Top_Green;noid/Rio_Tank_Top_Green.png
;Rio_Tank_Top_Orange;noid/Rio_Tank_Top_Orange.png
;Rio_Tank_Top_Purple;noid/Rio_Tank_Top_Purple.png
;Rio_Tank_Top_Red;noid/Rio_Tank_Top_Red.png
;Rio_Tank_Top_White;noid/Rio_Tank_Top_White.png
;Rio_Tank_Top_Yellow;noid/Rio_Tank_Top_Yellow.png
;SDGNelsonPlush;noid/SDGNelsonPlush.png
;SDG_Hoodie;noid/SDG_Hoodie.png
;SDG_Pants;noid/SDG_Pants.png
;Shroomy_Backpack;noid/Shroomy_Backpack.png
;Shroomy_Belt;noid/Shroomy_Belt.png
;Shroomy_Hat;noid/Shroomy_Hat.png
;Shroomy_Pants;noid/Shroomy_Pants.png
;Shroomy_Shirt;noid/Shroomy_Shirt.png
;Ski_Backpack;noid/Ski_Backpack.png
;Ski_Glasses;noid/Ski_Glasses.png
;Ski_Helmet;noid/Ski_Helmet.png
;Ski_Pants;noid/Ski_Pants.png
;Ski_Shirt;noid/Ski_Shirt.png
;Ski_Shovel;noid/Ski_Shovel.png
;StrawberryWaitress_Apron;noid/StrawberryWaitress_Apron.png
;StrawberryWaitress_Bottoms;noid/StrawberryWaitress_Bottoms.png
;StrawberryWaitress_Hair;noid/StrawberryWaitress_Hair.png
;StrawberryWaitress_Top;noid/StrawberryWaitress_Top.png
;WanderingWizard_Coat;noid/WanderingWizard_Coat.png
;WanderingWizard_Hat;noid/WanderingWizard_Hat.png
;WanderingWizard_Mask;noid/WanderingWizard_Mask.png
;WanderingWizard_Pants;noid/WanderingWizard_Pants.png
;WanderingWizard_Shirt;noid/WanderingWizard_Shirt.png
;WanderingWizard_Spellbook;noid/WanderingWizard_Spellbook.png
2;Jeans_Work;2.png
3;Hoodie_Orange;3.png
4;Eaglefire;4.png
5;Eaglefire_Iron_Sights;5.png
6;Military_30;6.png
7;Military_Suppressor;7.png
8;Vertical_Grip;8.png
9;Daypack_Red;9.png
10;Vest_Police;10.png
11;Bandana_Red;11.png
13;Canned_Beans;13.png
14;Bottled_Water;14.png
15;Medkit;15.png
16;Axe_Camp;16.png
17;Military_100;17.png
18;Timberwolf;18.png
19;Timberwolf_Iron_Sights;19.png
20;Timberwolf_6;20.png
21;8x_Scope;21.png
22;Red_Cross_Scope;22.png
23;Tuxedo_Bottom_Gold;23.png
24;Tuxedo_Top_Gold;24.png
25;Bowtie_Gold;25.png
26;Monocle_Gold;26.png
27;Tophat;27.png
28;Gas;28.png
29;Fortification_Maple;29.png
30;Barricade_Maple;30.png
31;Floor_Maple;31.png
32;Doorway_Maple;32.png
33;Wall_Maple;33.png
34;Window_Maple;34.png
35;Roof_Maple;35.png
36;Pillar_Maple;36.png
37;Log_Birch;37.png
38;Stick_Birch;38.png
39;Log_Maple;39.png
40;Stick_Maple;40.png
41;Log_Pine;41.png
42;Stick_Pine;42.png
43;Military_40;43.png
44;Civilian_40;44.png
45;Barricade_Birch;45.png
46;Barricade_Pine;46.png
47;Fortification_Birch;47.png
48;Fortification_Pine;48.png
49;Doorway_Birch;49.png
50;Doorway_Pine;50.png
51;Floor_Birch;51.png
52;Floor_Pine;52.png
53;Pillar_Birch;53.png
54;Pillar_Pine;54.png
55;Roof_Birch;55.png
56;Roof_Pine;56.png
57;Wall_Birch;57.png
58;Wall_Pine;58.png
59;Window_Birch;59.png
60;Window_Pine;60.png
61;Plank_Maple;61.png
62;Plank_Birch;62.png
63;Plank_Pine;63.png
64;Rope;64.png
65;Wire;65.png
66;Cloth;66.png
67;Scrap_Metal;67.png
68;Sheet_Metal;68.png
69;Tape;69.png
70;Glue;70.png
71;Nails;71.png
72;Can;72.png
73;Explosives;73.png
74;Bricks;74.png
75;Chemicals;75.png
76;Blowtorch;76.png
77;Canned_Soup_Tomato;77.png
78;Canned_Soup_Chicken;78.png
79;Canned_Tuna;79.png
80;Canned_Cola;80.png
81;Bag_MRE;81.png
82;Bag_Chips;82.png
83;Bar_Chocolate;83.png
84;Bar_Candy;84.png
85;Bar_Granola;85.png
86;Bar_Energy;86.png
87;Canned_Pasta;87.png
88;Canned_Bacon;88.png
89;Canned_Beef;89.png
90;Canned_Sardines;90.png
91;Juice_Apple;91.png
92;Juice_Grape;92.png
93;Bottled_Energy;93.png
94;Bottled_Coconut;94.png
95;Bandage;95.png
96;Splint;96.png
97;Colt;97.png
98;Colt_7;98.png
99;Cobra;99.png
100;Cobra_20;100.png
101;Schofield;101.png
102;Schofield_Iron_Sights;102.png
103;Schofield_5;103.png
104;Axe_Fire;104.png
105;Bat;105.png
106;Hockey;106.png
107;Ace;107.png
108;Ace_6;108.png
109;Hawkhound;109.png
110;Hawkhound_Iron_Sights;110.png
111;Hawkhound_8;111.png
112;Bluntforce;112.png
113;Shells_8;113.png
114;Bluntforce_Iron_Sights;114.png
115;Berry_Mauve;115.png
116;Honeybadger;116.png
118;Honeybadger_Iron_Sights;118.png
119;Ranger_40;119.png
120;Knife_Kitchen;120.png
121;Knife_Military;121.png
122;Zubeknakov;122.png
123;Ranger_35;123.png
124;Zubeknakov_Iron_Sights;124.png
125;Ranger_75;125.png
126;Nykorev;126.png
127;Nykorev_200;127.png
128;Nykorev_Iron_Sights;128.png
129;Snayperskya;129.png
130;Snayperskya_7;130.png
131;Snayperskya_Iron_Sights;131.png
132;Dragonfang;132.png
133;Dragonfang_150;133.png
134;Dragonfang_Iron_Sights;134.png
135;Golf;135.png
136;Sledgehammer;136.png
137;Knife_Butcher;137.png
138;Hammer;138.png
139;Knife_Swiss;139.png
140;Knife_Butterfly;140.png
141;Saw;141.png
142;Rake;142.png
143;Bipod;143.png
144;Ranger_Suppressor;144.png
145;Horizontal_Grip;145.png
146;Red_Dot_Sight;146.png
147;Red_Halo_Sight;147.png
148;Red_Chevron_Scope;148.png
149;Military_Barrel;149.png
150;Military_Muzzle;150.png
151;Tactical_Laser;151.png
152;Tactical_Light;152.png
153;7x_Scope;153.png
154;Shirt_Orange;154.png
155;Tee_Orange;155.png
156;Parka_Orange;156.png
157;Hoodie_Purple;157.png
158;Shirt_Purple;158.png
159;Tee_Purple;159.png
160;Parka_Purple;160.png
161;Hoodie_Green;161.png
162;Parka_Green;162.png
163;Shirt_Green;163.png
164;Tee_Green;164.png
165;Hoodie_Red;165.png
166;Parka_Red;166.png
167;Shirt_Red;167.png
168;Tee_Red;168.png
169;Hoodie_Yellow;169.png
170;Parka_Yellow;170.png
171;Shirt_Yellow;171.png
172;Tee_Yellow;172.png
173;Hoodie_Blue;173.png
174;Parka_Blue;174.png
175;Shirt_Blue;175.png
176;Tee_Blue;176.png
177;Hoodie_White;177.png
178;Parka_White;178.png
179;Shirt_White;179.png
180;Tee_White;180.png
181;Hoodie_Black;181.png
182;Parka_Black;182.png
183;Shirt_Black;183.png
184;Tee_Black;184.png
185;Bandana_Black;185.png
186;Bandana_Blue;186.png
187;Bandana_Green;187.png
188;Bandana_Orange;188.png
189;Bandana_Purple;189.png
190;Bandana_White;190.png
191;Bandana_Yellow;191.png
192;Toque_Black;192.png
193;Toque_Blue;193.png
194;Toque_Green;194.png
195;Toque_Orange;195.png
196;Toque_Purple;196.png
197;Toque_Red;197.png
198;Toque_White;198.png
199;Toque_Yellow;199.png
200;Daypack_Black;200.png
201;Daypack_Blue;201.png
202;Daypack_Green;202.png
203;Daypack_Orange;203.png
204;Daypack_Purple;204.png
205;Daypack_White;205.png
206;Daypack_Yellow;206.png
207;Jeans_Outfit;207.png
208;Jeans_Cowboy;208.png
209;Cargo_Pants;209.png
211;Plaid_Shirt;211.png
212;Khaki_Pants;212.png
213;Corduroy_Pants;213.png
214;Trouser_Pants;214.png
215;Sweatervest_Black;215.png
216;Sweatervest_Blue;216.png
217;Sweatervest_Green;217.png
218;Sweatervest_Orange;218.png
219;Sweatervest_Purple;219.png
220;Sweatervest_Red;220.png
221;Sweatervest_White;221.png
222;Sweatervest_Yellow;222.png
223;Police_Top;223.png
224;Police_Bottom;224.png
225;Police_Cap;225.png
226;Khaki_Shorts;226.png
227;Cargo_Shorts;227.png
228;Corduroy_Shorts;228.png
229;Trouser_Shorts;229.png
230;Chef_Top;230.png
231;Chef_Bottom;231.png
232;Construction_Top;232.png
233;Firefighter_Top;233.png
234;Firefighter_Bottom;234.png
235;Ghillie_Top;235.png
236;Ghillie_Bottom;236.png
237;Ghillie_Hood;237.png
238;Ghillie_Vest;238.png
239;Chef_Hat;239.png
240;Construction_Helmet;240.png
241;Firefighter_Helmet;241.png
242;Farmer_Top;242.png
243;Farmer_Bottom;243.png
244;Farmer_Hat;244.png
245;Travelpack_Black;245.png
246;Travelpack_Blue;246.png
247;Travelpack_Green;247.png
248;Travelpack_Orange;248.png
249;Travelpack_Purple;249.png
250;Travelpack_Red;250.png
251;Travelpack_White;251.png
252;Travelpack_Yellow;252.png
253;Alicepack;253.png
254;Grenade;254.png
255;Flare_Blue;255.png
256;Flare_Green;256.png
257;Flare_Orange;257.png
258;Flare_Purple;258.png
259;Flare_Red;259.png
260;Flare_Yellow;260.png
261;Smoke_Black;261.png
262;Smoke_Blue;262.png
263;Smoke_Green;263.png
264;Smoke_Orange;264.png
265;Smoke_Purple;265.png
266;Smoke_Red;266.png
267;Smoke_White;267.png
268;Smoke_Yellow;268.png
269;Vaccine;269.png
270;Berry_Amber;270.png
271;Berry_Indigo;271.png
272;Berry_Jade;272.png
273;Berry_Russet;273.png
274;Berry_Teal;274.png
275;Berry_Vermillion;275.png
276;Flashlight;276.png
277;Carjack;277.png
278;Festive_Hat;278.png
279;Festive_Top;279.png
280;Festive_Bottom;280.png
281;Door_Maple;281.png
282;Door_Birch;282.png
283;Door_Pine;283.png
284;Door_Jail;284.png
285;Bar_Metal;285.png
286;Door_Vault;286.png
287;Fortification_Bars;287.png
288;Bedroll_Black;288.png
289;Bedroll_Blue;289.png
290;Bedroll_Green;290.png
291;Bedroll_Orange;291.png
292;Bedroll_Purple;292.png
293;Bedroll_Red;293.png
294;Bedroll_White;294.png
295;Bedroll_Yellow;295.png
296;16x_Scope;296.png
297;Grizzly;297.png
298;Grizzly_5;298.png
299;Grizzly_Iron_Sights;299.png
300;Shadowstalker;300.png
301;Rail_1;301.png
302;Shadowstalker_Scope;302.png
303;Prisoner_Top;303.png
304;Prisoner_Bottom;304.png
305;RCMP_Bottom;305.png
306;RCMP_Top;306.png
307;Military_Top_Forest;307.png
308;Military_Bottom_Forest;308.png
309;Military_Helmet_Forest;309.png
310;Military_Vest_Forest;310.png
311;Medic_Top;311.png
312;Medic_Bottom;312.png
313;RCMP_Hat;313.png
314;Grocer_Top;314.png
315;Grocer_Bottom;315.png
316;Stairs_Maple;316.png
317;Stairs_Pine;317.png
318;Stairs_Birch;318.png
319;Hole_Maple;319.png
320;Hole_Pine;320.png
321;Hole_Birch;321.png
322;Ramp_Maple;322.png
323;Ramp_Birch;323.png
324;Ramp_Pine;324.png
325;Ladder_Maple;325.png
326;Ladder_Birch;326.png
327;Ladder_Pine;327.png
328;Locker;328.png
329;Carrot;329.png
330;Seed_Carrot;330.png
331;Planter;331.png
332;Fertilizer;332.png
333;Binoculars;333.png
334;Nightvision_Military;334.png
335;Corn;335.png
336;Seed_Corn;336.png
337;Canteen;337.png
338;Lettuce;338.png
339;Seed_Lettuce;339.png
340;Tomato;340.png
341;Seed_Tomato;341.png
342;Potato;342.png
343;Seed_Potato;343.png
344;Wheat;344.png
345;Seed_Wheat;345.png
346;Crossbow;346.png
347;Arrow_1;347.png
348;Arrow_Maple_1;348.png
349;Crossbow_Iron_Sights;349.png
351;Arrow_Birch_1;351.png
352;Arrow_Pine_1;352.png
353;Bow_Maple;353.png
355;Bow_Birch;355.png
356;Bow_Pine;356.png
357;Bow_Compound;357.png
358;Compound_Iron_Sights;358.png
359;Torch_Maple;359.png
360;Torch_Birch;360.png
361;Torch_Pine;361.png
362;Campfire;362.png
363;Maplestrike;363.png
364;Maplestrike_Iron_Sights;364.png
365;Sandbag;365.png
366;Crate_Maple;366.png
367;Crate_Birch;367.png
368;Crate_Pine;368.png
369;Floor_Metal;369.png
370;Doorway_Metal;370.png
371;Wall_Metal;371.png
372;Window_Metal;372.png
373;Roof_Metal;373.png
374;Pillar_Metal;374.png
375;Stairs_Metal;375.png
376;Hole_Metal;376.png
377;Ramp_Metal;377.png
378;Door_Metal;378.png
379;Ladder_Metal;379.png
380;Masterkey;380.png
381;Shells_2;381.png
382;Caltrop;382.png
383;Spikes_Maple;383.png
384;Spikes_Birch;384.png
385;Spikes_Pine;385.png
386;Barbedwire;386.png
387;Adrenaline;387.png
388;Morphine;388.png
389;Antibiotics;389.png
390;Painkillers;390.png
391;Vitamins;391.png
392;Tablets;392.png
393;Rag;393.png
394;Dressing;394.png
395;Bloodbag;395.png
396;Crushed_Mauve;396.png
397;Crushed_Amber;397.png
398;Crushed_Indigo;398.png
399;Crushed_Jade;399.png
400;Crushed_Russet;400.png
401;Crushed_Teal;401.png
402;Crushed_Vermillion;402.png
403;Suturekit;403.png
404;Syrup_Cough;404.png
405;Mechanic_Top;405.png
406;Mechanic_Bottom;406.png
407;Engineer_Top;407.png
408;Engineer_Bottom;408.png
409;Aviators_Pilot;409.png
410;Poncho_Black;410.png
411;Poncho_Blue;411.png
412;Poncho_Green;412.png
413;Poncho_Orange;413.png
414;Poncho_Purple;414.png
415;Poncho_Red;415.png
416;Poncho_White;416.png
417;Poncho_Yellow;417.png
418;Headphones;418.png
419;Jacket_Pilot;419.png
420;Jacket_Biker;420.png
421;Suit_Top;421.png
422;Suit_Bottom;422.png
423;Engineer_Hat;423.png
424;Fedora;424.png
425;Cap_Black;425.png
426;Cap_Blue;426.png
427;Cap_Green;427.png
428;Cap_Orange;428.png
429;Cap_Purple;429.png
430;Cap_Red;430.png
431;Cap_White;431.png
432;Cap_Yellow;432.png
433;Beret_Forest;433.png
434;Balaclava_Black;434.png
435;Balaclava_Blue;435.png
436;Balaclava_Green;436.png
437;Balaclava_Orange;437.png
438;Balaclava_Purple;438.png
439;Balaclava_Red;439.png
440;Balaclava_White;440.png
441;Balaclava_Yellow;441.png
442;Rampart_Maple;442.png
443;Post_Maple;443.png
444;Rampart_Birch;444.png
445;Rampart_Pine;445.png
446;Rampart_Metal;446.png
447;Post_Birch;447.png
448;Post_Pine;448.png
449;Post_Metal;449.png
450;Garage_Maple;450.png
451;Gate_Maple;451.png
452;Garage_Birch;452.png
453;Garage_Pine;453.png
454;Garage_Metal;454.png
455;Gate_Birch;455.png
456;Gate_Pine;456.png
457;Gate_Metal;457.png
458;Generator_Small;458.png
459;Spotlight;459.png
460;Bread;460.png
461;Sandwich_Tuna;461.png
462;Box_Milk;462.png
463;Box_Orange;463.png
464;Cheese;464.png
465;Canned_Soda;465.png
466;Sandwich_Cheese;466.png
467;Sandwich_BLT;467.png
468;Sandwich_Ham;468.png
469;Canned_Ham;469.png
470;Eggs;470.png
471;Cake;471.png
472;Bottled_Cola;472.png
473;Bottled_Soda;473.png
474;Rifle_Maple;474.png
475;Rifle_Iron_Sights;475.png
476;Makeshift_Scope;476.png
477;Makeshift_Muffler;477.png
478;Rifle_5;478.png
479;Rifle_Birch;479.png
480;Rifle_Pine;480.png
481;Bottle_Maple;481.png
482;Bottle_Birch;482.png
483;Bottle_Pine;483.png
484;Sportshot;484.png
485;Sportshot_10;485.png
486;Sportshot_Iron_Sights;486.png
487;Makeshift_Bat;487.png
488;Desert_Falcon;488.png
489;Desert_Falcon_7;489.png
490;Chainsaw;490.png
491;Aviators_Gold;491.png
492;3D;492.png
493;Key_0;493.png
494;Mystery_Box_0;494.png
495;Fez;495.png
496;Crown;496.png
497;Obi;497.png
498;Antlers;498.png
499;Paper;499.png
500;Headress;500.png
501;Viking;501.png
502;Eyepatch;502.png
503;Rod_Fishing;503.png
504;Trout_Raw;504.png
505;Salmon_Raw;505.png
506;Rod_Birch;506.png
507;Rod_Maple;507.png
508;Rod_Pine;508.png
509;Fishing_Hat;509.png
510;Fishing_Top;510.png
511;Fishing_Bottom;511.png
512;Trout_Cooked;512.png
513;Salmon_Cooked;513.png
514;Venison_Raw;514.png
515;Venison_Cooked;515.png
516;Leather;516.png
517;Leather_Top;517.png
518;Leather_Bottom;518.png
519;Launcher_Rocket;519.png
520;Rocket_1;520.png
521;Rocket_Iron_Sights;521.png
522;Tee_Twitch;522.png
523;Tee_Spark_Emission;523.png
524;Tee_Blaze_Emission;524.png
525;Tee_Spark;525.png
526;Tee_Blaze;526.png
527;Mystery_Box_1;527.png
528;Tuxedo_Top_White;528.png
529;Tuxedo_Bottom_White;529.png
530;Fedora_White;530.png
531;Rose;531.png
532;Tie_Rainbow;532.png
533;Tie_Rainbow_Emission;533.png
534;Bowtie_Rainbow;534.png
535;Bowtie_Rainbow_Emission;535.png
536;Shirt_Turtle;536.png
537;Shirt_Banana;537.png
538;Jeans_Designer_Pro;538.png
539;Shirt_Wave;539.png
540;Shirt_Fish;540.png
541;Shirt_Heart;541.png
542;Shirt_Snow;542.png
543;Shirt_Tornado;543.png
544;Shirt_Flower;544.png
545;Pirate;545.png
546;Pirate_Top;546.png
547;Pirate_Bottom;547.png
548;Jeans_Designer;548.png
549;Jeans_Outfit_Pro;549.png
550;Jeans_Work_Pro;550.png
551;Trouser_Pants_Pro;551.png
552;Tie_Gold;552.png
553;Suit_Top_Gold;553.png
554;Suit_Bottom_Gold;554.png
555;Tophat_Gold;555.png
556;Corduroy_Pants_Pro;556.png
557;Khaki_Pants_Pro;557.png
558;Astronaut_Top;558.png
559;Astronaut_Bottom;559.png
560;Astronaut;560.png
561;Magic_Hat;561.png
562;Magic_Cape;562.png
563;Magic_Top;563.png
564;Magic_Bottom;564.png
565;Corduroy_Shorts_Pro;565.png
566;Khaki_Shorts_Pro;566.png
567;Trouser_Shorts_Pro;567.png
568;Shades;568.png
569;Ushanka;569.png
570;Earbuds;570.png
571;Berry_Hanu;571.png
572;Crushed_Hanu;572.png
573;Pie_Hanu;573.png
574;Seed_Hanu;574.png
577;Mystery_Box_2;577.png
578;Mystery_Box_3;578.png
579;Pumpkin;579.png
580;Halloween_Cape;580.png
581;Halloween_Top;581.png
582;Halloween_Bottom;582.png
583;Mystery_Box_4;583.png
584;Mummy;584.png
585;Mummy_Top;585.png
586;Mummy_Bottom;586.png
587;Skeleton_Top;587.png
588;Skeleton_Bottom;588.png
589;Bandana_Web;589.png
590;Mystery_Box_5;590.png
591;Snowman;591.png
592;Snowman_Top;592.png
593;Snowman_Bottom;593.png
594;Carrot;594.png
595;Reindeer;595.png
596;Holiday_Sweater;596.png
597;Holiday_Scarf;597.png
598;Mystery_Box_6;598.png
599;Sombrero;599.png
600;Conical;600.png
601;Jester;601.png
602;News;602.png
603;Windup;603.png
604;Bucket;604.png
605;Detective;605.png
606;Parrot;606.png
607;Detective_Top;607.png
608;Detective_Bottom;608.png
609;Educated;609.png
610;Tee_Admin;610.png
611;Swashbuckler_Hat;611.png
612;Swashbuckler_Bottom;612.png
613;Swashbuckler_Top;613.png
615;Cyborg;615.png
616;Plague_Hat;616.png
617;Plague_Mask;617.png
619;Plague_Top;619.png
620;Plague_Bottom;620.png
621;Queen_Guard_Hat;621.png
622;Queen_Guard_Top;622.png
623;Queen_Guard_Bottom;623.png
624;Jersey_America;624.png
625;Jersey_Australia;625.png
626;Jersey_Brazil;626.png
627;Jersey_Canada;627.png
628;Jersey_China;628.png
629;Jersey_France;629.png
630;Jersey_Germany;630.png
631;Jersey_Kingdom;631.png
632;Jersey_Poland;632.png
633;Jersey_Russia;633.png
634;Jersey_Sweden;634.png
635;Jersey_Thailand;635.png
636;Jersey_Norway;636.png
637;Jersey_Turkey;637.png
638;Jersey_Denmark;638.png
639;HMD;639.png
640;Tee_Boom;640.png
641;Jersey_Netherlands;641.png
642;Jersey_Ukraine;642.png
643;Jersey_Argentina;643.png
644;Jersey_Philippines;644.png
645;Jersey_Chile;645.png
646;Jersey_Spain;646.png
647;Jersey_Italy;647.png
648;Jersey_Japan;648.png
649;Jersey_Korea;649.png
650;Jersey_Romania;650.png
651;Jersey_Mexico;651.png
652;Jersey_Czech;652.png
653;Jersey_Indonesia;653.png
654;Jersey_Portugal;654.png
655;Jersey_Finland;655.png
656;Jersey_Pirate;656.png
657;Spartan_Hat;657.png
658;Spartan_Vest;658.png
659;Spartan_Top;659.png
660;Spartan_Bottom;660.png
661;Mystery_Box_7;661.png
662;Epaulettes;662.png
663;Hoodie_Nelson;663.png
664;Plaid_Blue_Dark_Shirt;664.png
665;Plaid_Blue_Light_Shirt;665.png
666;Plaid_Green_Shirt;666.png
667;Plaid_Orange_Shirt;667.png
668;Plaid_Purple_Dark_Shirt;668.png
669;Plaid_Purple_Light_Shirt;669.png
670;Plaid_Red_Shirt;670.png
671;Hoodie_Bulldozer;671.png
672;Hoodie_Elephant;672.png
673;Hoodie_Feather;673.png
674;Hoodie_Hourglass;674.png
675;Hoodie_Lucky;675.png
676;Hoodie_Power;676.png
677;Hoodie_Squid;677.png
678;Hoodie_Yield;678.png
679;Rocket_Pants;679.png
680;Bandito;680.png
681;Snake;681.png
682;Navy;682.png
683;Navy_Top;683.png
684;Navy_Bottom;684.png
685;Bowler;685.png
686;Explorer_Hat;686.png
687;Explorer_Top;687.png
688;Explorer_Bottom;688.png
689;Sheriff;689.png
690;Sneak;690.png
691;Sneak_Top;691.png
692;Sneak_Bottom;692.png
693;Mystery_Box_8;693.png
694;Robot;694.png
695;Robot_Top;695.png
696;Robot_Bottom;696.png
697;Shirt_Blueberry;697.png
698;Mystery_Box_9;698.png
699;Anniversary_0_Rainbow;699.png
700;Anniversary_1_Rainbow;700.png
701;Anniversary_0_Blue;701.png
702;Anniversary_0_Green;702.png
703;Anniversary_0_Orange;703.png
704;Anniversary_0_Purple;704.png
705;Anniversary_0_Red;705.png
706;Anniversary_0_Yellow;706.png
707;Anniversary_1_Blue;707.png
708;Anniversary_1_Green;708.png
709;Anniversary_1_Orange;709.png
710;Anniversary_1_Purple;710.png
711;Anniversary_1_Red;711.png
712;Anniversary_1_Yellow;712.png
713;Anniversary_0_Silver;713.png
714;Anniversary_1_Silver;714.png
715;Anniversary_0_Gold;715.png
716;Anniversary_1_Gold;716.png
717;Samurai_Top;717.png
718;Samurai_Bottom;718.png
719;Samurai_Hat;719.png
720;Samurai_Vest;720.png
721;Samurai_Mask;721.png
722;Chain;722.png
723;Ushanka_Vintage;723.png
724;Trenchcoat_Vintage_Top;724.png
725;Mystery_Box_10;725.png
726;Mystery_Box_11;726.png
727;Medic_Glasses;727.png
728;Beret_Bug_Report;728.png
729;Bolt;729.png
730;Scientist_Mad_Glasses;730.png
731;Scientist_Mad_Top;731.png
732;Vampire_Cape;732.png
733;Vampire_Cowl;733.png
734;Vampire_Top;734.png
735;Necromancer_Top;735.png
736;Necromancer_Bottom;736.png
737;Necromancer_Mask;737.png
738;Beret_Orange;738.png
739;Beret_White;739.png
740;BattlEye_Mask;740.png
741;Elf_Hat;741.png
742;Elf_Top;742.png
743;Gingerbread_Top;743.png
744;Gingerbread_Bottom;744.png
745;Gingerbread_Mask;745.png
746;Toy_Soldier_Top;746.png
747;Toy_Soldier_Bottom;747.png
748;Toy_Soldier_Hat;748.png
749;Nutcracker_Top;749.png
750;Nutcracker_Bottom;750.png
751;Nutcracker_Hat;751.png
752;Key_Workshop_00;752.png
753;Crate_Workshop_00;753.png
754;MA_WC_Top;754.png
755;MA_WC_Bottom;755.png
756;Kukui_Nuts;756.png
757;Grass_Skirt;757.png
758;Shuttershades;758.png
759;Tiki_Angry;759.png
760;Tiki_Happy;760.png
761;Rose_Tinted;761.png
762;Lei;762.png
763;Tourist_Hat_Camo;763.png
764;Pineapple;764.png
765;Ear_Flower;765.png
766;Garland;766.png
767;Mystery_Box_12;767.png
768;Tee_Hawaii_0;768.png
769;Tee_Hawaii_1;769.png
770;Screenshot_Contest_Top;770.png
771;Blueknight_Bottom;771.png
772;Blueknight_Top;772.png
773;Blueknight_Helmet;773.png
774;Blueknight_Shoulders;774.png
775;Blueknight_Cape;775.png
776;Skater_Bottom;776.png
777;Skater_Top;777.png
778;Skater_Beanie;778.png
779;Skater_Skateboard;779.png
780;Key_Workshop_01;780.png
781;Crate_Workshop_01;781.png
782;Key_Workshop_02;782.png
783;Crate_Workshop_02;783.png
784;Key_Workshop_03;784.png
785;Crate_Workshop_03;785.png
786;Glider_Yellow;786.png
787;Squid_Backpack;787.png
788;Squid_Hat;788.png
789;Squid_Head;789.png
790;Squid_Pants;790.png
791;Squid_Shirt;791.png
792;Squid_Vest;792.png
793;VampireHunter_Hat;793.png
794;VampireHunter_Pants;794.png
795;VampireHunter_Shirt;795.png
796;VampireHunter_Vest;796.png
797;HeadlessCape;797.png
798;HeadlessHood;798.png
799;HeadlessPants;799.png
800;HeadlessShirt;800.png
801;HeadlessShoulders;801.png
802;PotionHead;802.png
803;SpiderFriend;803.png
804;Tee_RocketMod;804.png
805;Backpack_Aprix_1;805.png
806;Bandana_Aprix_1;806.png
807;Hat_Aprix;807.png
808;Aprix_Bottom;808.png
809;Aprix_Top;809.png
810;Vest_Aprix_1;810.png
811;Backpack_Bandit;811.png
812;Balaclava_Bandit;812.png
813;Hat_Gray_5;813.png
814;Gray_Bottom_4;814.png
815;Gray_Top_4;815.png
816;Bullet_Belt;816.png
817;Eskimo_Bottoms;817.png
818;Eskimo_Hat;818.png
819;Eskimo_Top;819.png
820;SnowShoes;820.png
821;Yeti_Bottom;821.png
822;Yeti_Top;822.png
823;Yeti;823.png
824;ChristmasSnowGlobeHat;824.png
825;ChristmasGingerbreadHouseHat;825.png
826;ChristmasIceCubeHat;826.png
827;Snow_Sled;827.png
828;Seal_Pup;828.png
829;Mistletoe;829.png
830;Reindeer_Beanie;830.png
831;Mystery_Box_13;831.png
832;Minotaur_Horns;832.png
833;Medusa;833.png
834;Olive_Leaf_Crown;834.png
835;Toga_Top;835.png
836;Hermes_Helmet;836.png
837;Wings;837.png
838;Pegasus_Horn;838.png
839;Fleece_Cape;839.png
840;Kratos_Shoulder;840.png
841;Artemis_Shield;841.png
842;Harp;842.png
843;Zeus_Hair;843.png
845;Stat_Tracker_Total_Kills;845.png
846;Stat_Tracker_Player_Kills;846.png
847;Ireland_Revolution_Hat;847.png
848;Ireland_Revolution_Top;848.png
849;Ireland_Revolution_Bottom;849.png
850;Ireland_Knight_Helmet;850.png
851;Ireland_Knight_Shoulder_Pad;851.png
852;Ireland_Knight_Top;852.png
853;Ireland_Knight_Bottom;853.png
854;Irish_Luck_Top;854.png
855;Irish_Luck_Bottom;855.png
856;Irish_Luck_Hat;856.png
857;Corinthian_Helmet;857.png
858;AthensAprix_Quiver;858.png
859;AthensRomanCloak;859.png
860;AthensAprix_Hood;860.png
861;AthensRomanHelmet;861.png
862;AthensAprix_Mask;862.png
863;AthensAprix_Bottoms;863.png
864;AthensRomanBottom;864.png
865;AthensAprix_Top;865.png
866;AthensRomanTop;866.png
867;AthensAprix_Vest;867.png
868;AthensRomanChestplate;868.png
869;Carpat_Lastman_Shirt;869.png
870;Carpat_Lastman_Pants;870.png
871;Carpat_Lastman_Backpack;871.png
872;Carpat_Lastman_Hat;872.png
873;Carpat_Traditional_Shirt;873.png
874;Carpat_Traditional_Pants;874.png
875;Carpat_Traditional_Vest;875.png
876;Carpat_Traditional_Hat;876.png
877;FranceHistorical_Crown;877.png
878;FranceHistorical_Crusader_Bottom;878.png
879;FranceHistorical_Crusader_Top;879.png
880;FranceHistorical_Helmet_Crusader;880.png
881;FranceHistorical_Helmet_Poilus;881.png
882;FranceHistorical_Shield;882.png
883;FranceMime_Baguette;883.png
884;FranceMime_Beret;884.png
885;FranceMime_Bottom;885.png
886;FranceMime_Scarf;886.png
887;FranceMime_Top;887.png
888;FranceRULA_Bottom;888.png
889;FranceRULA_Harness;889.png
890;FranceRULA_Helmet;890.png
891;FranceRULA_Top;891.png
892;Plate_Small_Glass_Oneway;892.png
893;Plate_Small_Glass_Bulletproof;893.png
894;Plate_Small_Glass_Weak;894.png
895;Cowboy_Backpack_0;895.png
896;Cowboy_Hat_0;896.png
897;Militia_Hat;897.png
898;Cowboy_Belt_0;898.png
899;Militia_Vest;899.png
900;Militia_Bandana;900.png
901;Cowboy_Shirt_0;901.png
902;Cowboy_Bottoms_0;902.png
903;Militia_Jacket;903.png
904;Militia_Bottoms;904.png
905;Dango_CargoSalamander;905.png
906;Dango_DJ;906.png
907;Dango_DragonHorns;907.png
908;Dango_DualKatanas;908.png
909;Dango_Glasses;909.png
910;Dango_HannyaMask;910.png
911;Dango_Headband;911.png
912;Dango_NinjaVest;912.png
913;Dango_Pants;913.png
914;Dango_ScrollCloak;914.png
915;Dango_Shirt;915.png
916;Dango_SushiChefHat;916.png
917;Dango_TV;917.png
919;Jersey_Rainbow;919.png
920;HalloSkullBottom;920.png
921;HalloSkullHat;921.png
922;HalloSkullMask;922.png
923;HalloSkullTop;923.png
924;HalloSkullVest;924.png
925;VolcanoKnightArmor;925.png
926;VolcanoKnightBottom;926.png
927;VolcanoKnightCape;927.png
928;VolcanoKnightHelmet;928.png
929;VolcanoKnightTop;929.png
930;Cali_Mercenary_Bottom;930.png
931;Cali_Mercenary_Heavy_Helmet;931.png
932;Cali_Mercenary_Heavy_Rig;932.png
933;Cali_Mercenary_Top;933.png
934;Cali_Journalist_Bottom;934.png
935;Cali_Journalist_Glasses;935.png
936;Cali_Journalist_Hat;936.png
937;Cali_Journalist_Shirt;937.png
938;Cali_Messenger_Bag;938.png
939;Cali_Tape_Recorder;939.png
940;Cali_Mercenary_Heavy_Mask;940.png
941;CJ_Selfvester_Bandolier;941.png
942;CJ_Selfvester_Cranberry_Bandana;942.png
943;CJ_Selfvester_Tundra_Bottom;943.png
944;CJ_Selfvester_Tundra_Top;944.png
945;EI_Explorer_Hat;945.png
946;EI_Make_Make;946.png
947;EI_Moai_Head;947.png
948;EI_Stormbrand;948.png
949;EI_Tribal_Markings;949.png
950;EI_Explorer_Gear;950.png
951;EI_Stormbrand_Armor;951.png
952;EI_Shark_Tooth_Necklace;952.png
953;EI_King_Crab;953.png
954;EI_Edible_Arrangement;954.png
955;EI_Feather_Crown;955.png
956;EI_Acoustic_Sash;956.png
957;EI_Fishbowl;957.png
958;EI_Diving_Helmet;958.png
959;EI_Box;959.png
960;DL_Volatile_Jaw;960.png
961;DL_Volatile_Chest;961.png
962;PaintPalette_Contest_Top;962.png
963;BattlEye_Halo;963.png
964;Elver_Box;964.png
965;Elver_Beanie;965.png
966;Elver_Biker_Hat;966.png
967;Elver_Fishing;967.png
968;Elver_Fur;968.png
969;Elver_Piston;969.png
970;Elver_Prop;970.png
971;Elver_Raccoon;971.png
972;Elver_Racing_Bottom;972.png
973;Elver_Racing_Top;973.png
974;Elver_Resp;974.png
975;Elver_RZZ;975.png
976;Elver_Tank_Hat;976.png
977;Elver_Wings;977.png
978;Elver_Wolf;978.png
979;Elver_Pant_Green;979.png
980;Elver_Pant_Orange;980.png
981;Elver_Pant_Purple;981.png
982;Elver_Pant_Red;982.png
983;Elver_Pant_Yellow;983.png
984;Elver_Ski_Blue;984.png
985;Elver_Ski_Green;985.png
986;Elver_Ski_Orange;986.png
987;Elver_Ski_Purple;987.png
988;Elver_Ski_Sky;988.png
989;Elver_Ski_Yellow;989.png
990;Elver_Top_0;990.png
991;Elver_Top_1;991.png
992;Stat_Tracker_Removal_Tool;992.png
993;Ragdoll_Effect_Removal_Tool;993.png
1000;Matamorez;1000.png
1001;Matamorez_Iron_Sights;1001.png
1003;Matamorez_17;1003.png
1004;Red_Kobra_Sight;1004.png
1005;Matamorez_36;1005.png
1006;Cobra_40;1006.png
1007;Adaptive_Chambering;1007.png
1008;Rangefinder;1008.png
1009;Beret_Desert;1009.png
1010;Military_Helmet_Desert;1010.png
1011;Military_Top_Desert;1011.png
1012;Military_Bottom_Desert;1012.png
1013;Military_Vest_Desert;1013.png
1014;Leather_Pack;1014.png
1015;Biohazard_Top;1015.png
1016;Biohazard_Bottom;1016.png
1017;Biohazard_Hood;1017.png
1018;Sabertooth;1018.png
1019;Sabertooth_Iron_Sights;1019.png
1020;Sabertooth_10;1020.png
1021;Avenger;1021.png
1022;Avenger_13;1022.png
1023;Baton;1023.png
1024;Peacemaker;1024.png
1025;Peacemaker_Iron_Sights;1025.png
1026;Peacemaker_50;1026.png
1027;Viper;1027.png
1028;Viper_Iron_Sights;1028.png
1029;Viper_25;1029.png
1030;Pan;1030.png
1031;Shovel;1031.png
1032;Crowbar;1032.png
1033;Paddle;1033.png
1034;Pitchfork;1034.png
1035;Machete;1035.png
1036;Katana;1036.png
1037;Heartbreaker;1037.png
1038;Heartbreaker_Iron_Sights;1038.png
1039;Kryzkarek;1039.png
1040;Kryzkarek_12;1040.png
1041;Yuri;1041.png
1042;Yuri_64;1042.png
1043;Yuri_Iron_Sights;1043.png
1044;Nightvision_Civilian;1044.png
1045;Seed_Pumpkin;1045.png
1046;Pumpkin;1046.png
1047;Pie;1047.png
1048;Mask_Hockey;1048.png
1049;Pumpkin;1049.png
1050;Safezone;1050.png
1051;Money_5;1051.png
1052;Money_10;1052.png
1053;Money_20;1053.png
1054;Money_50;1054.png
1055;Money_100;1055.png
1056;Money_1;1056.png
1057;Money_2;1057.png
1058;Plate_Large_Maple;1058.png
1059;Plate_Small_Maple;1059.png
1060;Frame_Large_Maple;1060.png
1061;Frame_Small_Maple;1061.png
1062;Siding_Maple;1062.png
1063;Pipe_Maple;1063.png
1064;Plate_Large_Birch;1064.png
1065;Plate_Small_Birch;1065.png
1066;Frame_Large_Birch;1066.png
1067;Frame_Small_Birch;1067.png
1068;Siding_Birch;1068.png
1069;Pipe_Birch;1069.png
1070;Plate_Large_Pine;1070.png
1071;Plate_Small_Pine;1071.png
1072;Frame_Large_Pine;1072.png
1073;Frame_Small_Pine;1073.png
1074;Siding_Pine;1074.png
1075;Pipe_Pine;1075.png
1076;Pie_Amber;1076.png
1077;Pie_Indigo;1077.png
1078;Pie_Jade;1078.png
1079;Pie_Mauve;1079.png
1080;Pie_Russet;1080.png
1081;Pie_Teal;1081.png
1082;Pie_Vermillion;1082.png
1083;Doorframe_Maple;1083.png
1084;Garageframe_Maple;1084.png
1085;Doorframe_Birch;1085.png
1086;Garageframe_Birch;1086.png
1087;Doorframe_Pine;1087.png
1088;Garageframe_Pine;1088.png
1089;Doorframe_Metal;1089.png
1090;Garageframe_Metal;1090.png
1091;Plate_Large_Metal;1091.png
1092;Plate_Small_Metal;1092.png
1093;Siding_Metal;1093.png
1094;Pipe_Metal;1094.png
1095;Sign_Maple;1095.png
1096;Sign_Birch;1096.png
1097;Sign_Pine;1097.png
1098;Sign_Metal;1098.png
1099;Makeshift_Vehicle_4_Seats;1099.png
1100;C4;1100.png
1101;Landmine;1101.png
1102;Claymore;1102.png
1103;Umbrella_Black;1103.png
1104;Seed_Amber;1104.png
1105;Seed_Indigo;1105.png
1106;Seed_Jade;1106.png
1107;Seed_Mauve;1107.png
1108;Seed_Russet;1108.png
1109;Seed_Teal;1109.png
1110;Seed_Vermillion;1110.png
1111;Makeshift_Vehicle_6_Seats;1111.png
1112;Makeshift_Vehicle_1_Seat;1112.png
1113;Snare;1113.png
1114;Jerrycan_Maple;1114.png
1115;Jerrycan_Birch;1115.png
1116;Jerrycan_Pine;1116.png
1117;Pork_Raw;1117.png
1118;Pork_Cooked;1118.png
1119;Fence_Barbedwire;1119.png
1120;Beef_Raw;1120.png
1121;Beef_Cooked;1121.png
1122;Umbrella_Blue;1122.png
1123;Umbrella_Green;1123.png
1124;Umbrella_Orange;1124.png
1125;Umbrella_Purple;1125.png
1126;Umbrella_Red;1126.png
1127;Umbrella_White;1127.png
1128;Umbrella_Yellow;1128.png
1129;Heatstim;1129.png
1130;Barbedwire_Ornamental;1130.png
1131;Fence_Barbedwire_Ornamental;1131.png
1132;Snowball;1132.png
1133;Scarf_Black;1133.png
1134;Scarf_Blue;1134.png
1135;Scarf_Green;1135.png
1136;Scarf_Orange;1136.png
1137;Scarf_Purple;1137.png
1138;Scarf_Red;1138.png
1139;Scarf_White;1139.png
1140;Scarf_Yellow;1140.png
1141;Beret_Crimson;1141.png
1142;Beret_Gold;1142.png
1143;Sawed_Off;1143.png
1144;Plate_Large_Birch_Equilateral;1144.png
1145;Plate_Large_Birch_Right;1145.png
1146;Plate_Large_Maple_Equilateral;1146.png
1147;Plate_Large_Maple_Right;1147.png
1148;Plate_Large_Pine_Equilateral;1148.png
1149;Plate_Large_Pine_Right;1149.png
1150;Plate_Small_Birch_Equilateral;1150.png
1151;Plate_Small_Birch_Right;1151.png
1152;Plate_Small_Maple_Equilateral;1152.png
1153;Plate_Small_Maple_Right;1153.png
1154;Plate_Small_Pine_Equilateral;1154.png
1155;Plate_Small_Pine_Right;1155.png
1156;Thief_Top;1156.png
1157;Thief_Bottom;1157.png
1158;Claim;1158.png
1159;Maple_Syrup;1159.png
1160;Pancake;1160.png
1161;Waffle;1161.png
1162;Dough;1162.png
1163;Doughnut;1163.png
1164;Pizza;1164.png
1165;Nailgun;1165.png
1166;Nailgun_20;1166.png
1168;Vest_Civilian;1168.png
1169;Vest_Spec_Ops;1169.png
1170;Pack_Spec_Ops;1170.png
1171;Spec_Ops_Top;1171.png
1172;Spec_Ops_Bottom;1172.png
1173;Makeshift_Vest;1173.png
1174;Scythe;1174.png
1175;Chart;1175.png
1176;GPS;1176.png
1177;Military_Tracer_20;1177.png
1178;Diving_Tank;1178.png
1179;Diving_Top;1179.png
1180;Diving_Bottom;1180.png
1181;Diving_Snorkel;1181.png
1182;Dufflebag_Black;1182.png
1183;Dufflebag_Blue;1183.png
1184;Dufflebag_Green;1184.png
1185;Dufflebag_Orange;1185.png
1186;Dufflebag_Purple;1186.png
1187;Dufflebag_Red;1187.png
1188;Dufflebag_White;1188.png
1189;Dufflebag_Yellow;1189.png
1190;Ranger_Muzzle;1190.png
1191;Ranger_Barrel;1191.png
1192;Military_20;1192.png
1193;Ranger_20;1193.png
1194;Beacon;1194.png
1195;Handcuffs_Lock;1195.png
1196;Handcuffs_Key;1196.png
1197;Cable_Tie;1197.png
1198;Axe_Pick;1198.png
1199;Headlamp;1199.png
1200;Military_Explosive_20;1200.png
1201;Nightvision_Military_Scope;1201.png
1202;Rack_Maple;1202.png
1203;Rack_Birch;1203.png
1204;Rack_Pine;1204.png
1205;Trophy_Maple;1205.png
1206;Trophy_Birch;1206.png
1207;Trophy_Pine;1207.png
1208;Barrel_Rain;1208.png
1209;Arrow_Explosive_1;1209.png
1210;Doorway_Brick;1210.png
1211;Garage_Brick;1211.png
1212;Pillar_Brick;1212.png
1213;Post_Brick;1213.png
1214;Rampart_Brick;1214.png
1215;Wall_Brick;1215.png
1216;Window_Brick;1216.png
1217;Doorframe_Brick;1217.png
1218;Garageframe_Brick;1218.png
1219;Oil;1219.png
1220;Rack_Metal;1220.png
1221;Trophy_Metal;1221.png
1222;Cagelight;1222.png
1223;Shutter_Maple;1223.png
1224;Shutter_Birch;1224.png
1225;Shutter_Pine;1225.png
1226;Shutter_Metal;1226.png
1227;Tanktrap;1227.png
1228;Resource_Water;1228.png
1229;Resource_Fuel;1229.png
1230;Generator_Large;1230.png
1231;Flag_Maple;1231.png
1232;Flag_Birch;1232.png
1233;Flag_Pine;1233.png
1234;Flag_Metal;1234.png
1235;Doubledoor_Maple;1235.png
1236;Doubledoor_Birch;1236.png
1237;Doubledoor_Pine;1237.png
1238;Doubledoor_Metal;1238.png
1239;Plate_Large_Slip;1239.png
1240;Detonator;1240.png
1241;Charge;1241.png
1242;Grenade_Makeshift;1242.png
1243;Cot;1243.png
1244;Sentry;1244.png
1245;Counter_Maple;1245.png
1246;Counter_Birch;1246.png
1247;Counter_Pine;1247.png
1248;Counter_Metal;1248.png
1249;Fridge;1249.png
1250;Oven_Electric;1250.png
1251;Counter_Sink_Maple;1251.png
1252;Counter_Sink_Birch;1252.png
1253;Counter_Sink_Pine;1253.png
1254;Counter_Sink_Metal;1254.png
1255;Lamp;1255.png
1256;Couch;1256.png
1257;Library_Maple;1257.png
1258;Library_Birch;1258.png
1259;Library_Pine;1259.png
1260;Library_Metal;1260.png
1261;Oxygenator;1261.png
1262;Floor_Maple_Triangle;1262.png
1263;Floor_Birch_Triangle;1263.png
1264;Floor_Pine_Triangle;1264.png
1265;Floor_Metal_Triangle;1265.png
1266;Roof_Maple_Triangle;1266.png
1267;Roof_Birch_Triangle;1267.png
1268;Roof_Pine_Triangle;1268.png
1269;Roof_Metal_Triangle;1269.png
1270;Gasmask;1270.png
1271;Filter;1271.png
1272;Flare_Blue;1272.png
1273;Flare_Green;1273.png
1274;Flare_Orange;1274.png
1275;Flare_Purple;1275.png
1276;Flare_Red;1276.png
1277;Flare_Yellow;1277.png
1278;Wardrobe_Maple;1278.png
1279;Wardrobe_Birch;1279.png
1280;Wardrobe_Pine;1280.png
1281;Wardrobe_Metal;1281.png
1282;Umbrella;1282.png
1283;Cooler;1283.png
1284;Table_Rect_Maple;1284.png
1285;Table_Rect_Birch;1285.png
1286;Table_Rect_Pine;1286.png
1287;Table_Rect_Metal;1287.png
1288;Table_Cir_Maple;1288.png
1289;Table_Cir_Birch;1289.png
1290;Table_Cir_Pine;1290.png
1291;Table_Cir_Metal;1291.png
1292;Table_Sqr_Maple;1292.png
1293;Table_Sqr_Birch;1293.png
1294;Table_Sqr_Pine;1294.png
1295;Table_Sqr_Metal;1295.png
1296;Beach;1296.png
1297;Glass_Weak;1297.png
1298;Glass_Bulletproof;1298.png
1299;Glass_Oneway;1299.png
1302;Missile_1;1302.png
1303;Couch_Blue;1303.png
1304;Couch_Green;1304.png
1305;Couch_Orange;1305.png
1306;Couch_Purple;1306.png
1307;Couch_Red;1307.png
1308;Couch_Yellow;1308.png
1309;Cot_Blue;1309.png
1310;Cot_Green;1310.png
1311;Cot_Orange;1311.png
1312;Cot_Purple;1312.png
1313;Cot_Red;1313.png
1314;Cot_Yellow;1314.png
1315;Beach_Blue;1315.png
1316;Beach_Green;1316.png
1317;Beach_Orange;1317.png
1318;Beach_Purple;1318.png
1319;Beach_Red;1319.png
1320;Beach_Yellow;1320.png
1321;Umbrella_Blue;1321.png
1322;Umbrella_Green;1322.png
1323;Umbrella_Orange;1323.png
1324;Umbrella_Purple;1324.png
1325;Umbrella_Red;1325.png
1326;Umbrella_Yellow;1326.png
1327;Book;1327.png
1328;Note;1328.png
1329;Hatch_Maple;1329.png
1330;Hatch_Birch;1330.png
1331;Hatch_Pine;1331.png
1332;Hatch_Metal;1332.png
1333;Military_Top_Russia;1333.png
1334;Military_Bottom_Russia;1334.png
1335;Military_Helmet_Russia;1335.png
1336;Military_Vest_Russia;1336.png
1337;Paintballgun;1337.png
1339;Paintballs_Blue_35;1339.png
1340;Paintballs_Green_35;1340.png
1341;Paintballs_Orange_35;1341.png
1342;Paintballs_Purple_35;1342.png
1343;Paintballs_Red_35;1343.png
1344;Paintballs_Yellow_35;1344.png
1345;Plot;1345.png
1346;Flashbang;1346.png
1347;Minnow_Raw;1347.png
1348;Minnow_Cooked;1348.png
1349;Goldfish_Raw;1349.png
1350;Goldfish_Cooked;1350.png
1351;Bass_Raw;1351.png
1352;Bass_Cooked;1352.png
1353;Carlockpick;1353.png
1354;Ghillie_Top_Russia;1354.png
1355;Ghillie_Bottom_Russia;1355.png
1356;Ghillie_Hood_Russia;1356.png
1357;Ghillie_Vest_Russia;1357.png
1358;Pilot_Top;1358.png
1359;Pilot_Cap;1359.png
1360;Teklowvka;1360.png
1361;Teklowvka_15;1361.png
1362;Augewehr;1362.png
1363;Augewehr_Scope;1363.png
1364;Fury;1364.png
1365;Fury_250;1365.png
1366;Vonya;1366.png
1367;Vonya_Iron_Sights;1367.png
1368;Vonya_7;1368.png
1369;Bulldog;1369.png
1370;Bulldog_Iron_Sights;1370.png
1371;Bulldog_45;1371.png
1372;Sentry_Friendly;1372.png
1373;Sentry_Hostile;1373.png
1375;Fusilaut;1375.png
1376;Fusilaut_Iron_Sights;1376.png
1377;Nightraider;1377.png
1378;Nightraider_Iron_Sights;1378.png
1379;Card;1379.png
1380;Card_Iron_Sights;1380.png
1381;Card_71;1381.png
1382;Ekho;1382.png
1383;Ekho_Iron_Sights;1383.png
1384;Ekho_7;1384.png
1385;Fedora_Mafia;1385.png
1386;Tuxedo_Top_Mafia;1386.png
1387;Tuxedo_Bottom_Mafia;1387.png
1388;Beret_Russia;1388.png
1389;Beret_Spec_Ops;1389.png
1390;Cue;1390.png
1391;Tracksuit_Top;1391.png
1392;Tracksuit_Bottom;1392.png
1393;Charge_Precision;1393.png
1395;HMG_50;1395.png
1396;Cover;1396.png
1397;Cover_Russia;1397.png
1398;Sandwich_Trout;1398.png
1399;Sandwich_Salmon;1399.png
1400;Sandwich_Minnow;1400.png
1401;Sandwich_Goldfish;1401.png
1402;Sandwich_Venison;1402.png
1403;Sandwich_Bass;1403.png
1404;Sandwich_Beef;1404.png
1405;Sandwich_Cheesesteak;1405.png
1406;Sandwich_BLT2;1406.png
1407;Sandwich_Beef2;1407.png
1408;Mannequin_Cloth;1408.png
1409;Mannequin_Metal;1409.png
1410;Plaque_Maple;1410.png
1411;Plaque_Birch;1411.png
1412;Plaque_Pine;1412.png
1413;Plaque_Metal;1413.png
1414;Wall_Ramp_Maple;1414.png
1415;Wall_Ramp_Birch;1415.png
1416;Wall_Ramp_Pine;1416.png
1417;Wall_Ramp_Metal;1417.png
1418;Wall_Ramp_Brick;1418.png
1419;Coalition_Bottom;1419.png
1420;Coalition_Top_Ensign;1420.png
1421;Coalition_Top_Lieutenant;1421.png
1422;Coalition_Top_Major;1422.png
1423;Coalition_Top_Commander;1423.png
1424;Coalition_Top_Captain;1424.png
1425;Coalition_Vest;1425.png
1426;Cap_Coalition;1426.png
1427;Coalition_Helmet;1427.png
1428;Coalition_Beret;1428.png
1429;Coalition_Captain_Hat;1429.png
1430;Blueprint_Cake;1430.png
1431;Cake_Upgraded;1431.png
1432;Rod_Fishing_Upgraded;1432.png
1433;Blueprint_Rod_Fishing;1433.png
1434;Squid_Raw;1434.png
1435;Squid_Cooked;1435.png
1436;Quadbarrel;1436.png
1437;Blueprint_Quadbarrel;1437.png
1438;Bayonet;1438.png
1439;Blueprint_Bayonet;1439.png
1440;Gas_Large;1440.png
1441;ShadowstalkerMk2;1441.png
1442;ShadowstalkerMk2_Scope;1442.png
1443;ShadowstalkerMk2_20;1443.png
1445;Walkie_Talkie;1445.png
1446;Earpiece;1446.png
1447;Scalar;1447.png
1448;Scalar_Iron_Sights;1448.png
1449;Scalar_30;1449.png
1450;Battery_Vehicle;1450.png
1451;Tire;1451.png
1452;Coconut_Whole;1452.png
1453;Coconut_Half;1453.png
1454;Trunks_Black;1454.png
1455;Trunks_Blue;1455.png
1456;Trunks_Green;1456.png
1457;Trunks_Orange;1457.png
1458;Trunks_Purple;1458.png
1459;Trunks_Red;1459.png
1460;Trunks_White;1460.png
1461;Trunks_Yellow;1461.png
1462;Coastguard_Top;1462.png
1463;Coastguard_Bottom;1463.png
1464;Blindfold;1464.png
1466;Stereo;1466.png
1467;Placard_Maple;1467.png
1468;Placard_Birch;1468.png
1469;Placard_Pine;1469.png
1470;Placard_Metal;1470.png
1472;Fighter_Jet_Hat;1472.png
1473;Fighter_Jet_Top;1473.png
1474;Fighter_Jet_Bottom;1474.png
1475;Jackhammer;1475.png
1476;Luger;1476.png
1477;MP40;1477.png
1478;MP40_Iron_Sights;1478.png
1479;MP40_32;1479.png
1480;Determinator;1480.png
1481;Empire;1481.png
1482;Empire_Iron_Sights;1482.png
1483;Empire_28;1483.png
1484;Bane;1484.png
1485;Bane_21;1485.png
1486;Bane_Iron_Sights;1486.png
1487;Luger_9;1487.png
1488;Swissgewehr;1488.png
1489;Swissgewehr_Iron_Sights;1489.png
1490;Swissgewehr_20;1490.png
1491;Military_Top_German;1491.png
1492;Ghillie_Top_Peaks;1492.png
1493;Ghillie_Bottom_Peaks;1493.png
1494;Ghillie_Hood_Peaks;1494.png
1495;Ghillie_Vest_Peaks;1495.png
1496;Shark_Fin;1496.png
1497;Ducky;1497.png
1498;Lederhosen_Top;1498.png
1499;Lederhosen_Bottom;1499.png
1500;Cover_Peaks;1500.png
1501;Tee_EA;1501.png
1502;Beret_EA;1502.png
1503;Zweihander;1503.png
1504;Pickelhaube;1504.png
1505;Kaiser_Top;1505.png
1506;Kaiser_Bottom;1506.png
1507;Socketwrench;1507.png
1508;Compass;1508.png
1509;Clock;1509.png
1510;Chewing_Gum;1510.png
1511;Alicepack_Arctic;1511.png
1512;Ghillie_Top_Arctic;1512.png
1513;Ghillie_Bottom_Arctic;1513.png
1514;Ghillie_Vest_Arctic;1514.png
1515;Ghillie_Hood_Arctic;1515.png
1516;Military_Top_Arctic;1516.png
1517;Military_Bottom_Arctic;1517.png
1518;Military_Vest_Arctic;1518.png
1519;Military_Helmet_Arctic;1519.png
1520;Impact_Grenade;1520.png
1521;Cobra_Jam;1521.png
1523;Hoodie_Offbrand;1523.png
1524;Ragdoll_Effect_Zero_Kelvin;1524.png
1525;Military_Helmet_Spec_Ops;1525.png
1526;BelgiumLilEBR_Shirt;1526.png
1527;BelgiumLilEBR_Pants;1527.png
1528;BelgiumInfantry_Backpack;1528.png
1529;BelgiumInfantry_Vest;1529.png
1530;BelgiumInfantry_Hat;1530.png
1531;BelgiumInfantry_Shirt;1531.png
1532;BelgiumInfantry_Pants;1532.png
1533;BelgiumAcid_Canister;1533.png
1534;BelgiumAcid_Vest;1534.png
1535;BelgiumAcid_Visor;1535.png
1536;BelgiumAcid_Shirt;1536.png
1537;BelgiumAcid_Pants;1537.png
1543;BelgiumPoacher_Top;1543.png
1544;BelgiumPoacher_Bottom;1544.png
1545;BelgiumPoacher_Hat;1545.png
1546;BelgiumPoacher_Ascot;1546.png
1547;BelgiumPoacher_Backpack;1547.png
1553;Candyland_Cottontail_Ops_Tail;1553.png
1554;Candyland_Ranger_Rootbeer_Rocket;1554.png
1555;Candyland_Cottontail_Ops_Ears;1555.png
1556;Candyland_Cottontail_Ops_Helmet;1556.png
1557;Candyland_Ranger_Rootbeer_Hat;1557.png
1558;Candyland_Cottontail_Ops_Bandana;1558.png
1559;Candyland_Ranger_Rootbeer_Breather;1559.png
1560;Candyland_Cottontail_Ops_Bottom;1560.png
1561;Candyland_Ranger_Rootbeer_Bottom;1561.png
1562;Candyland_Cottontail_Ops_Top;1562.png
1563;Candyland_Ranger_Rootbeer_Top;1563.png
1564;Candyland_Cottontail_Ops_Vest;1564.png
1565;Candyland_Ranger_Rootbeer_Holsters;1565.png
1566;Rio_Guard_Hat;1566.png
1567;Rio_Vacc_Hat;1567.png
1568;Rio_Guard_Sash;1568.png
1569;Rio_Vacc_Vest;1569.png
1570;Rio_Guard_Top;1570.png
1571;Rio_Vacc_Top;1571.png
1572;Rio_Guard_Bottom;1572.png
1573;Rio_Vacc_Bottom;1573.png
1574;Rio_Tamer_Bird;1574.png
1575;Rio_Tamer_Vest;1575.png
1576;Rio_Tamer_Cage;1576.png
1577;Rio_Tamer_Bottom;1577.png
1578;Rio_Tamer_Top;1578.png
1579;ZhugeLiangBackpack;1579.png
1580;ZhugeLiangBottom;1580.png
1581;ZhugeLiangHat;1581.png
1582;ZhugeLiangTop;1582.png
1583;ZhugeLiangVest;1583.png
1584;LuBuBackpack;1584.png
1585;LuBuBottom;1585.png
1586;LuBuHat;1586.png
1587;LuBuTop;1587.png
1588;LuBuVest;1588.png
1589;GuanYuBackpack;1589.png
1590;GuanYuBottom;1590.png
1591;GuanYuHat;1591.png
1592;GuanYuMask;1592.png
1593;GuanYuTop;1593.png
1594;GuanYuVest;1594.png
1595;U4_Invitation;1595.png
1597;Elver2_Bag_Duffle;1597.png
1598;Elver2_Bowtie_Black;1598.png
1599;Elver2_Bowtie_Green;1599.png
1600;Elver2_Bowtie_Navy;1600.png
1601;Elver2_Bowtie_Plaid_0;1601.png
1602;Elver2_Bowtie_Plaid_1;1602.png
1603;Elver2_Bowtie_Red;1603.png
1604;Elver2_Bowtie_White;1604.png
1605;Elver2_Clown_Hair;1605.png
1606;Elver2_Feather;1606.png
1607;Elver2_Hair_Feline;1607.png
1608;Elver2_Headset;1608.png
1609;Elver2_Medal;1609.png
1610;Elver2_Nerd_Glasses;1610.png
1611;Elver2_Octi_Pack;1611.png
1612;Elver2_Operator_Cap;1612.png
1613;Elver2_Pilot;1613.png
1614;Elver2_Radio_Backpack;1614.png
1615;Elver2_Runic_Cape;1615.png
1616;Elver2_Shoulder_Falcon;1616.png
1617;Elver2_Skater_Bottom_Beige;1617.png
1618;Elver2_Skater_Bottom_Black;1618.png
1619;Elver2_Skater_Bottom_Green;1619.png
1620;Elver2_Skater_Bottom_Navy;1620.png
1621;Elver2_Skater_Bottom_White;1621.png
1622;Elver2_Skater_Top_Black;1622.png
1623;Elver2_Skater_Top_Brown;1623.png
1624;Elver2_Skater_Top_Gray;1624.png
1625;Elver2_Skater_Top_Navy;1625.png
1626;Elver2_Skater_Top_Pink;1626.png
1627;Elver2_Skater_Top_Red;1627.png
1628;Elver2_Tank_Hat;1628.png
1629;Elver2_Tie_Black;1629.png
1630;Elver2_Tie_Fish;1630.png
1631;Elver2_Tie_Green;1631.png
1632;Elver2_Tie_Navy;1632.png
1633;Elver2_Tie_Plaid_0;1633.png
1634;Elver2_Tie_Plaid_1;1634.png
1635;Elver2_Tie_Plaid_2;1635.png
1636;Elver2_Tie_Red;1636.png
1637;Elver2_Tie_Spotty;1637.png
1638;Elver2_Tie_White;1638.png
1639;Elver2_Box;1639.png
1640;P9nda_Hat;1640.png
1641;Beret_Orange_Double;1641.png
1642;Beret_Orange_Triple;1642.png
1643;GA_ArcticFox;1643.png
1644;GA_FishingHat;1644.png
1645;GA_FishingPack;1645.png
1646;GA_HunterBalaclava;1646.png
1647;GA_HunterBelt;1647.png
1648;GA_HunterBottom;1648.png
1649;GA_HunterShirt;1649.png
1650;GA_HunterHood;1650.png
1651;GA_HunterPack;1651.png
1652;Kuwait_DunemanPants;1652.png
1653;Kuwait_DunemanHat;1653.png
1654;Kuwait_DunemanShirt;1654.png
1655;Kuwait_DunemanNecklace;1655.png
1656;Kuwait_FelineCollar;1656.png
1658;Kuwait_Boonie_Blue;1658.png
1659;Kuwait_Boonie_Olive;1659.png
1660;Kuwait_Boonie_Purple;1660.png
1661;Kuwait_Boonie_Tan;1661.png
1662;Kuwait_CamelShirt;1662.png
1663;Kuwait_CaracalShirt;1663.png
1664;Kuwait_DisguiseMask;1664.png
1665;Kuwait_LShirt_Blue;1665.png
1666;Kuwait_LShirt_Olive;1666.png
1667;Kuwait_LShirt_Purple;1667.png
1668;Kuwait_LShirt_Tan;1668.png
1669;Kuwait_Mask_Blue;1669.png
1670;Kuwait_Mask_Olive;1670.png
1671;Kuwait_Mask_Purple;1671.png
1672;Kuwait_Mask_Tan;1672.png
1673;Kuwait_PalmHoodie;1673.png
1674;Kuwait_ReadingGlasses;1674.png
1675;Kuwait_SweatPants_Blue;1675.png
1676;Kuwait_SweatPants_Olive;1676.png
1677;Kuwait_SweatPants_Purple;1677.png
1678;Kuwait_SweatPants_Tan;1678.png
1679;Kuwait_LettermanPants;1679.png
1680;Kuwait_LettermanGlasses;1680.png
1681;Kuwait_LettermanHat;1681.png
1682;Kuwait_LettermanShirt;1682.png
1683;Kuwait_FloralHair;1683.png
1684;Kuwait_ParachutePack;1684.png
1685;Kuwait_Runman;1685.png
1686;Kuwait_SandstormCrusader;1686.png
1687;Kuwait_StrawHat;1687.png
1689;ChefZombiePlush;1689.png
1690;Butterfly;1690.png
1691;Charge_Bounce;1691.png
1692;XMAS_Tree;1692.png
1693;XMAS_Snow_Shovel;1693.png
1694;XMAS_Cane_Fragments;1694.png
1695;XMAS_Present_00;1695.png
1696;XMAS_Present_01;1696.png
1697;XMAS_Present_02;1697.png
1698;XMAS_Present_03;1698.png
1699;XMAS_Present_04;1699.png
1700;XMAS_Lights;1700.png
1701;XMAS_Wreath;1701.png
1702;XMAS_Castle_00;1702.png
1703;XMAS_Castle_01;1703.png
1704;XMAS_Saw;1704.png
1705;XMAS_Stocking;1705.png
1706;XMAS_Gingerbread;1706.png
1707;XMAS_Ice;1707.png
1708;XMAS_Chicken;1708.png
1709;Arid_Arrowhead;1709.png
1710;Arid_Baseball_Cap;1710.png
1711;Arid_Fancy_Glasses;1711.png
1712;Arid_Golf_Bag;1712.png
1713;Arid_Hockey_Mask_Black;1713.png
1714;Arid_Monocular;1714.png
1715;Arid_Box;1715.png
1716;Arid_Ponyhair;1716.png
1717;Arid_Privateer_Top;1717.png
1718;Arid_Responder_Rig;1718.png
1719;Arid_Skull_Bandana;1719.png
1720;Arid_Suit_Bottoms_0;1720.png
1721;Arid_Suit_Bottoms_1;1721.png
1722;Arid_Suit_Bottoms_2;1722.png
1723;Arid_Suit_Bottoms_3;1723.png
1724;Arid_Suit_Top_0;1724.png
1725;Arid_Suit_Top_1;1725.png
1726;Arid_Suit_Top_2;1726.png
1727;Arid_Suit_Top_3;1727.png
1728;Arid_Surplus_Jacket;1728.png
1729;Arid_Tracksuit_Bottom;1729.png
1730;Arid_Vintage_Helmet;1730.png
1731;Arid_Welding_Goggles;1731.png
1732;XMAS_Bow;1732.png
1733;XMAS_Took;1733.png
1734;XMAS_Bandolier;1734.png
1735;XMAS_Belt;1735.png
1736;BiohazardZombiePlush;1736.png
1737;Kuwait_Free_Camel_Jammies_Bottom;1737.png
1738;Kuwait_Free_Camel_Jammies_Top;1738.png
1739;Kuwait_Free_Caracal_Jammies_Bottom;1739.png
1740;Kuwait_Free_Caracal_Jammies_Top;1740.png
1741;Kuwait_Free_Fish_Jammies_Bottom;1741.png
1742;Kuwait_Free_Fish_Jammies_Top;1742.png
1743;Kuwait_Free_Palm_Jammies_Bottom;1743.png
1744;Kuwait_Free_Palm_Jammies_Top;1744.png
1745;Kuwait_Achievement_Dunce_Sticker;1745.png
1746;Kuwait_Achievement_Nazar_Pin;1746.png
1747;Kuwait_Assorted_Artsie_Beret;1747.png
1748;Kuwait_Assorted_Bank_Heister;1748.png
1749;Kuwait_Assorted_Briefcase;1749.png
1750;Kuwait_Assorted_Feline_Friend;1750.png
1751;Kuwait_Assorted_Range_Specs;1751.png
1752;Kuwait_Assorted_Slick_Hair;1752.png
1753;Kuwait_Assorted_Ushanka;1753.png
1754;Kuwait_Free_Camel_Nightcap;1754.png
1755;Kuwait_Free_Caracal_Nightcap;1755.png
1756;Kuwait_Free_Fish_Nightcap;1756.png
1757;Kuwait_Free_Palm_Nightcap;1757.png
1758;Kuwait_Private_Eye_Bottom;1758.png
1759;Kuwait_Private_Eye_Top;1759.png
1760;Kuwait_Private_Eye_Camera;1760.png
1761;Kuwait_Private_Eye_Hat;1761.png
1762;Kuwait_Private_Eye_Pipe;1762.png
1763;Monocle_Platinum;1763.png
1764;PinePilot;1764.png
1765;Cultist_Backpack;1765.png
1766;Cultist_Hat;1766.png
1767;Cultist_Mask;1767.png
1768;Cultist_Pants;1768.png
1769;Cultist_Shirt;1769.png
1770;Cultist_Vest;1770.png
1771;Turtle_Backpack;1771.png
1772;Penguin_Companion;1772.png
1773;Crab_Companion;1773.png
1774;DemonHead;1774.png
1775;DemonHorns;1775.png
1776;DemonPants;1776.png
1777;DemonShirt;1777.png
1778;DemonTail;1778.png
1779;PirateCaptainBeard;1779.png
1780;PirateCaptainCannon;1780.png
1781;PirateCaptainCoat;1781.png
1782;PirateCaptainHat;1782.png
1783;PirateCaptainPants;1783.png
1784;PirateCaptainShirt;1784.png
1785;PHCloak;1785.png
1786;PHHat;1786.png
1787;PHMask;1787.png
1788;PHPants;1788.png
1789;PHShirt;1789.png
1790;PHVest;1790.png
1791;Frost_Blindfold;1791.png
1792;Frost_Facemask;1792.png
1793;Frost_Fanny;1793.png
1794;Frost_Fox;1794.png
1795;Frost_Guitar;1795.png
1796;Frost_Jacket_Biker;1796.png
1797;Frost_Kitsune;1797.png
1798;Frost_Knot;1798.png
1799;Frost_Miner;1799.png
1800;Glider_Red;1800.png
1801;Glider_Blue;1801.png
1802;Glider_Green;1802.png
1803;Glider_Orange;1803.png
1804;Glider_White;1804.png
1805;Glider_Purple;1805.png
1806;Glider_Black;1806.png
1807;Frost_Overalls_Jeans;1807.png
1808;Frost_Overalls_Khaki;1808.png
1809;Frost_Pants_Spliced;1809.png
1810;Frost_Pengy;1810.png
1811;Frost_Shirt_Black;1811.png
1812;Frost_Shirt_Blue;1812.png
1813;Frost_Shirt_Penguin;1813.png
1814;Frost_Shirt_Pink;1814.png
1815;Frost_Shirt_White;1815.png
1816;Frost_Shirt_Yellow;1816.png
1817;Frost_Box;1817.png
1818;Frost_Pixel;1818.png
1819;Frost_Puffy;1819.png
1820;Frost_Scarf;1820.png
1821;Frost_Welder;1821.png
1822;Frost_Overalls_Black;1822.png
1823;Frost_Overalls_Corduroy;1823.png
1824;Frost_Overalls_Farmer;1824.png
1825;Arid_Scout_Bandana;1825.png
1826;Arid_Scout_Binoculars;1826.png
1827;Arid_Scout_Medbag;1827.png
1828;Arid_Scout_Pants;1828.png
1829;Arid_Scout_Top;1829.png
1830;Arid_Scout_Turban;1830.png
1831;Arid_Goggly_Hair;1831.png
1832;Arid_Oversized_Spectacles;1832.png
1833;Arid_Tourist_Pack;1833.png
1834;Arid_Tourist_Pockets;1834.png
1835;Arid_Tourist_Shorts;1835.png
1836;Arid_Tourist_Top;1836.png
1838;Grenade_Bounce;1838.png
1839;SpringLoadedBoots;1839.png
1840;Vehicle_Spraypaint_MidnightBlack;1840.png
1841;Vehicle_Spraypaint_BrilliantWhite;1841.png
1842;Vehicle_Spraypaint_Turquoise;1842.png
1843;Vehicle_Spraypaint_Azure;1843.png
1844;Vehicle_Spraypaint_Magenta;1844.png
1845;Vehicle_Spraypaint_HotrodRed;1845.png
1846;Vehicle_Spraypaint_Cyan;1846.png
1847;Vehicle_Spraypaint_Lime;1847.png
1848;Vehicle_Spraypaint_ElectricYellow;1848.png
1849;Vehicle_Spraypaint_MediumPurple;1849.png
1850;Vehicle_Spraypaint_DarkGray;1850.png
1851;Vehicle_Spraypaint_MediumGray;1851.png
1852;Vehicle_Spraypaint_LightGray;1852.png
1853;Vehicle_Spraypaint_DarkGreen;1853.png
1854;Vehicle_Spraypaint_Crimson;1854.png
1855;Vehicle_Spraypaint_Navy;1855.png
1856;Vehicle_Spraypaint_ClassicBlack;1856.png
1857;Vehicle_Spraypaint_ClassicBlue;1857.png
1858;Vehicle_Spraypaint_ClassicGreen;1858.png
1859;Vehicle_Spraypaint_ClassicOrange;1859.png
1860;Vehicle_Spraypaint_ClassicPurple;1860.png
1861;Vehicle_Spraypaint_ClassicRed;1861.png
1862;Vehicle_Spraypaint_ClassicWhite;1862.png
1863;Vehicle_Spraypaint_ClassicYellow;1863.png
1864;Vehicle_Spraypaint_DarkBrown;1864.png
1865;Vehicle_Spraypaint_MediumBrown;1865.png
1866;Vehicle_Spraypaint_Lavender;1866.png
1867;Pike;1867.png
1868;Ragdoll_Effect_Jaded;1868.png
1869;Ragdoll_Effect_SoulCrystal_Green;1869.png
1870;Ragdoll_Effect_SoulCrystal_Magenta;1870.png
1871;Ragdoll_Effect_SoulCrystal_Red;1871.png
1872;Ragdoll_Effect_SoulCrystal_Yellow;1872.png
1873;Vehicle_Spraypaint_Military_Coalition;1873.png
1874;Vehicle_Spraypaint_Military_Desert;1874.png
1875;Vehicle_Spraypaint_Military_Forest;1875.png
1876;Vehicle_Spraypaint_Military_Russia;1876.png
1877;Vehicle_Spraypaint_WinterScorpion;1877.png
1900;Stack_Log_Maple;1900.png
1901;Stack_Log_Birch;1901.png
1902;Stack_Log_Pine;1902.png
1903;Stack_Plank_Maple;1903.png
1904;Stack_Plank_Birch;1904.png
1905;Stack_Plank_Pine;1905.png
1906;Stack_Stick_Maple;1906.png
1907;Stack_Stick_Birch;1907.png
1908;Stack_Stick_Pine;1908.png
1909;Stack_Scrap;1909.png
1910;Stack_Sheet;1910.png
1911;Stack_Bar;1911.png
1912;Stack_Wire;1912.png
1913;Stack_Cloth;1913.png
1914;Stack_Rope;1914.png
1915;Stack_Bricks;1915.png
1916;Workbench;1916.png
1917;DyeVat;1917.png
1918;Lamp_Desk;1918.png
1919;Oven_Brick;1919.png
1920;ChemistryLab;1920.png
1921;FoodPrepStation;1921.png
1922;SpinningWheel;1922.png
1923;Loom;1923.png
1924;SewingTable;1924.png
1926;Clay;1926.png
1927;Kiln;1927.png
1928;Plate_Ceramic;1928.png
1929;Potato_Baked;1929.png
1930;Bowl_Ceramic;1930.png
1931;Stew_Vegetables;1931.png
1932;Mushroom_Brown;1932.png
1933;Seed_Mushroom_Brown;1933.png
1934;Mushroom_Red;1934.png
1935;Seed_Mushroom_Red;1935.png
1936;Mushroom_Brown_Roast;1936.png
1937;Mushroom_Red_Roast;1937.png
1938;Stew_Mushroom;1938.png
1939;Pizza_Mushroom;1939.png
1940;Taro;1940.png
1941;Seed_Taro;1941.png
1942;Taro_Steamed;1942.png
1943;Taro_Poi;1943.png
1944;Rice;1944.png
1945;Seed_Rice;1945.png
1946;Rice_Cooked;1946.png
1947;Taro_Ricecake;1947.png
1948;Sugarcane;1948.png
1949;Seed_Sugarcane;1949.png
1950;Sugar;1950.png
1951;Taro_Mooncake;1951.png
1952;Shrimp_Raw;1952.png
1953;Shrimp_Cooked;1953.png
1954;Goatfish_Raw;1954.png
1955;Goatfish_Cooked;1955.png
1956;Dolphinfish_Raw;1956.png
1957;Dolphinfish_Cooked;1957.png
1958;Seaweed;1958.png
1959;NorthernPike_Raw;1959.png
1960;NorthernPike_Cooked;1960.png
1961;Tuna_Raw;1961.png
1962;Tuna_Cooked;1962.png
1963;GiantTrevally_Raw;1963.png
1964;GiantTrevally_Cooked;1964.png
1965;Lobster_Raw;1965.png
1966;Lobster_Cooked;1966.png
1967;Sandwich_Shrimp;1967.png
1968;Sandwich_Goatfish;1968.png
1969;Sandwich_Dolphinfish;1969.png
1970;Sandwich_NorthernPike;1970.png
1972;Sandwich_GiantTrevally;1972.png
1973;Sandwich_Lobster;1973.png
1974;Poke;1974.png
1975;Salmon_Meuniere;1975.png
1976;Pie_Fish;1976.png
1977;Roll_Lobster;1977.png
1978;Stew_Seaweed;1978.png
1979;Floor_Brick;1979.png
1980;Floor_Brick_Triangle;1980.png
1981;Hole_Brick;1981.png
1982;Hole_Brick_Triangle;1982.png
1983;Ramp_Brick;1983.png
1984;Roof_Brick;1984.png
1985;Roof_Brick_Triangle;1985.png
1986;Stairs_Brick;1986.png
1987;Hole_Birch_Triangle;1987.png
1988;Hole_Maple_Triangle;1988.png
1989;Hole_Pine_Triangle;1989.png
1990;Hole_Metal_Triangle;1990.png
1991;Blueprint_Dressing;1991.png
1992;Blueprint_Pike;1992.png
1993;Blueprint_Sewing_Workstations;1993.png
1994;Rain_Jacket;1994.png
1995;Rain_Pants;1995.png
1996;Rain_Hat;1996.png
2010;Mushroom_0;2010.png
2011;Roastedmushroom_0;2011.png
2013;SpottedMushroom_0;2013.png
2014;Axe_Hawaii;2014.png
2015;Hawaii_Club;2015.png
2016;AegisSecurity_Top;2016.png
2017;AegisSecurity_Bottom;2017.png
2018;AegisLab_Top;2018.png
2019;AegisLab_Bottom;2019.png
2020;Hawaii_Sword;2020.png
2021;Raft_Makeshift_1;2021.png
2022;Gyro_Makeshift_1;2022.png
4001;CA_Admin_Pack;4001.png
4001;CA_Ghillie_Vest;dup/4001_2.png
4002;CA_Ghillie_Top_Beige;4002.png
4002;CA_Ghillie_Top;dup/4002_2.png
4003;CA_Ghillie_Bottom;4003.png
4004;CA_Ghillie_Hood_Beige;4004.png
4004;CA_Ghillie_Hood;dup/4004_2.png
4005;CA_Ghillie_Backpack;4005.png
4006;CA_Mafia_Bottom_0;4006.png
4007;CA_Mafia_Top_0;4007.png
4008;CA_Mafia_Top_1;4008.png
4009;CA_Raven;4009.png
4009;CA_M24;dup/4009_2.png
4010;CA_Winchester_5;4010.png
4010;CA_M24_8;dup/4010_2.png
4011;CA_M4_Sight;4011.png
4012;CA_Fissure;4012.png
4012;CA_M4;dup/4012_2.png
4013;CA_Windbreaker_Black;4013.png
4014;CA_Windbreaker_Blue;4014.png
4015;CA_Windbreaker_Green;4015.png
4016;CA_Windbreaker_Orange;4016.png
4017;CA_Windbreaker_Purple;4017.png
4018;CA_Windbreaker_Red;4018.png
4019;CA_Windbreaker_White;4019.png
4020;CA_Windbreaker_Yellow;4020.png
4021;CA_Gasmask_0;4021.png
4022;CA_Police_Hat;4022.png
4023;CA_Police_Bottom;4023.png
4024;CA_Police_Bottom_Cargo;4024.png
4025;CA_Police_Top;4025.png
4026;CA_Riot_Helmet;4026.png
4027;CA_Riot_Bottom;4027.png
4028;CA_Riot_Top;4028.png
4029;CA_XM_PDW_Sight;4029.png
4030;CA_Matrix;4030.png
4030;CA_XM_PDW;dup/4030_2.png
4031;CA_Military_Poly_30;4031.png
4031;CA_Military_30;dup/4031_2.png
4032;CA_Czar;4032.png
4032;CA_Korth;dup/4032_2.png
4033;CA_Winchester_10;4033.png
4033;CA_Korth_6;dup/4033_2.png
4034;CA_Vest_Pouches;4034.png
4035;CA_Vest_Cargo;4035.png
4036;CA_Swat_Vest_Empty;4036.png
4036;CA_Swat_Vest_0;dup/4036_2.png
4037;CA_Swat_Vest_Pouches;4037.png
4037;CA_Swat_Vest_1;dup/4037_2.png
4038;CA_Swat_Vest_Cargo;4038.png
4038;CA_Swat_Vest_2;dup/4038_2.png
4039;CA_Military_Bottom_0;4039.png
4040;CA_Military_Bottom_1;4040.png
4041;CA_Military_Bottom_2;4041.png
4042;CA_Military_Bottom_3;4042.png
4043;CA_Military_Top_0;4043.png
4044;CA_Military_Top_1;4044.png
4045;CA_Military_Top_2;4045.png
4046;CA_Military_Top_3;4046.png
4047;CA_Beret_0;4047.png
4048;CA_Beret_1;4048.png
4049;CA_Tac_Cap_0;4049.png
4050;CA_Windbreaker_Mili_0;4050.png
4051;CA_Windbreaker_Mili_1;4051.png
4052;CA_Mili_Vest_0_Empty;4052.png
4052;CA_Mili_Vest_0;dup/4052_2.png
4053;CA_Mili_Vest_0_Pouches;4053.png
4053;CA_Mili_Vest_1;dup/4053_2.png
4054;CA_Mili_Vest_0_Cargo;4054.png
4054;CA_Mili_Vest_2;dup/4054_2.png
4055;CA_Mili_Vest_1_Empty;4055.png
4055;CA_Mili_Vest_3;dup/4055_2.png
4056;CA_Mili_Vest_1_Pouches;4056.png
4056;CA_Mili_Vest_4;dup/4056_2.png
4057;CA_Mili_Vest_1_Cargo;4057.png
4057;CA_Mili_Vest_5;dup/4057_2.png
4058;CA_Field_Cap_0;4058.png
4059;CA_Field_Cap_1;4059.png
4060;CA_Military_Helmet_0;4060.png
4061;CA_Military_Helmet_1;4061.png
4062;CA_Tacit;4062.png
4062;CA_CS5;dup/4062_2.png
4063;CA_Tacit_5;4063.png
4063;CA_CS5_6;dup/4063_2.png
4064;CA_Rucksack_0;4064.png
4065;CA_Rucksack_1;4065.png
4066;CA_Rucksack_2;4066.png
4067;CA_Tacit_Suppressor;4067.png
4067;CA_CS5_Supressor;dup/4067_2.png
4068;CA_Marksman_25;4068.png
4068;CA_Marksman_Magazine;dup/4068_2.png
4069;CA_Rackstack;4069.png
4069;CA_APC308;dup/4069_2.png
4070;CA_Assault_Scope;4070.png
4071;CA_6x_Scope;4071.png
4072;CA_Phantom;4072.png
4072;CA_SCAR20;dup/4072_2.png
4073;CA_Dot_Sight_2_Venus;4073.png
4073;CA_Reflex;dup/4073_2.png
4074;CA_Porto;4074.png
4074;CA_Tavor;dup/4074_2.png
4075;CA_Galil_Sight;4075.png
4076;CA_Rebel;4076.png
4076;CA_Galil;dup/4076_2.png
4077;CA_Alice_Rig_0;4077.png
4078;CA_Alice_Rig_1;4078.png
4079;CA_Alice_Rig_2;4079.png
4080;CA_Helmet_Merc;4080.png
4081;CA_Popcorn;4081.png
4082;CA_Merc_Top_0;4082.png
4083;CA_Merc_Top_1;4083.png
4084;CA_Merc_Bottom_0;4084.png
4085;CA_Merc_Bottom_Cargo;4085.png
4086;CA_Merc_Top_2;4086.png
4087;CA_Merc_Cap_0;4087.png
4088;CA_Merc_Vest_Empty;4088.png
4088;CA_Merc_Vest_0;dup/4088_2.png
4089;CA_Merc_Vest_Pouches;4089.png
4089;CA_Merc_Vest_1;dup/4089_2.png
4090;CA_Merc_Vest_Cargo;4090.png
4090;CA_Merc_Vest_2;dup/4090_2.png
4091;CA_Detonator;4091.png
4092;CA_Gasmask_Bio_Broken;4092.png
4092;CA_Biohazard_Mask;dup/4092_2.png
4093;CA_Biohazard_Broken_Top;4093.png
4093;CA_Biohazard_Top;dup/4093_2.png
4094;CA_Biohazard_Broken_Bottom;4094.png
4094;CA_Biohazard_Bottom;dup/4094_2.png
4095;CA_SV_Scope;4095.png
4096;CA_Esfalka_10;4096.png
4096;CA_SV_7;dup/4096_2.png
4097;CA_Esfalka;4097.png
4097;CA_SV98;dup/4097_2.png
4098;CA_Shorty;4098.png
4099;CA_13x_Scope;4099.png
4099;CA_AWM_Scope;dup/4099_2.png
4100;CA_AWM_10;4100.png
4101;CA_Snowfox;4101.png
4101;CA_AWM;dup/4101_2.png
4102;CA_Stingray;4102.png
4103;CA_Maxim_Supressor;4103.png
4104;CA_Civilian_Vest;4104.png
4105;CA_Tac_Cap_1;4105.png
4106;CA_Agave;4106.png
4107;CA_Short_Beach_Black;4107.png
4108;CA_Short_Beach_Blue;4108.png
4109;CA_Short_Beach_Green;4109.png
4110;CA_Short_Beach_Orange;4110.png
4111;CA_Short_Beach_Purple;4111.png
4112;CA_Short_Beach_Red;4112.png
4113;CA_Short_Beach_White;4113.png
4114;CA_Short_Beach_Yellow;4114.png
4116;CA_Geyser;4116.png
4117;CA_Riot_Mega;4117.png
4118;CA_Lebel_17;4118.png
4119;CA_Talon;4119.png
4121;CA_Blueprint_Key;4121.png
4122;CA_Rusted_Key;4122.png
4123;CA_Ranger_Hat;4123.png
4124;CA_Ranger_Bottom;4124.png
4125;CA_Ranger_Top;4125.png
4126;CA_Ranger_Belt;4126.png
4127;CA_Agency_Top;4127.png
4128;CA_Firefighter_Top;4128.png
4129;CA_Firefighter_Bottom;4129.png
4130;CA_Surgeon_Top;4130.png
4131;CA_Surgeon_Bottom;4131.png
4132;CA_Firefighter_Helmet;4132.png
4133;CA_Headset;4133.png
4134;CA_Hide_Poncho_0;4134.png
4135;CA_Leather_Poncho_0;4135.png
4136;CA_Hide_Pack_0;4136.png
4137;CA_Leather_Pack_0;4137.png
4138;CA_Jean_Top;4138.png
4139;CA_Jean_Top_Wool;4139.png
4140;CA_Leather_Top;4140.png
4142;CA_Toilet;4142.png
4143;CA_Small_Box;4143.png
4144;CA_Small_Crate;4144.png
4145;CA_Medium_Box;4145.png
4146;CA_Medium_Crate;4146.png
4147;CA_PDQ;4147.png
4149;CA_Large_Box;4149.png
4150;CA_Large_Crate;4150.png
4151;CA_Circuit_Board_0;4151.png
4152;CA_Capacitor;4152.png
4153;CA_Tech_Scrap;4153.png
4154;CA_Dye;4154.png
4155;CA_Doorway_Sandstone;4155.png
4156;CA_Floor_Sandstone;4156.png
4157;CA_Floor_Sandstone_Triangle;4157.png
4158;CA_Garage_Sandstone;4158.png
4159;CA_Hole_Sandstone;4159.png
4160;CA_Pillar_Sandstone;4160.png
4161;CA_Post_Sandstone;4161.png
4162;CA_Ramp_Sandstone;4162.png
4163;CA_Rampart_Sandstone;4163.png
4164;CA_Roof_Sandstone;4164.png
4165;CA_Roof_Sandstone_Triangle;4165.png
4166;CA_Stairs_Sandstone;4166.png
4167;CA_Wall_Ramp_Sandstone;4167.png
4168;CA_Wall_Sandstone;4168.png
4169;CA_Window_Sandstone;4169.png
4170;CA_Furnace_Sandstone;4170.png
4171;CA_Sign_Small_Sandstone;4171.png
4172;CA_Placard_Small_Sandstone;4172.png
4173;CA_Shadowstalker;4173.png
4174;CA_Shadowstalker_Scope;4174.png
4175;CA_Shadowstalker_9;4175.png
4176;CA_Ramp_Half_Sandstone;4176.png
4177;CA_Trident;4177.png
4178;CA_40_3;4178.png
4179;CA_Gas_Can_0;4179.png
4180;CA_Tensor;4180.png
4182;CA_Lebel_30;4182.png
4183;CA_Cactus_Flesh;4183.png
4184;CA_Cactus_Flesh_Cooked;4184.png
4185;CA_Biohazard_Top;4185.png
4186;CA_Biohazard_Bottom;4186.png
4187;CA_Gas_Can_1;4187.png
4188;CA_Sandbag;4188.png
4189;CA_Veneta;4189.png
4190;CA_Binos_Low;4190.png
4191;CA_Suppressor_Sapper;4191.png
4192;CA_HMG;4192.png
4193;CA_Case_Civilian;4193.png
4194;CA_Tank_Cannon;4194.png
4195;CA_Lionfish;4195.png
4197;CA_Binos_High;4197.png
4198;CA_Shells_Buckshot_6;4198.png
4199;CA_Shells_Flechette_6;4199.png
4200;CA_Shells_Dragons_Breath_6;4200.png
4202;CA_Biohazard_Mask;4202.png
4204;CA_Molotov;4204.png
4205;CA_Pulsenade;4205.png
4206;CA_Holo_Magnifier_Sight;4206.png
4207;CA_Umbra;4207.png
4209;CA_Blindfold;4209.png
4210;CA_Bandit_Cape_0;4210.png
4211;CA_Bandit_Helmet_0;4211.png
4218;CA_Growth_Spine_0;4218.png
4219;CA_Growth_Ribs_0;4219.png
4220;CA_Growth_Knife_0;4220.png
4221;CA_Growth_Shovel_0;4221.png
4224;CA_Growth_Pustules_1;4224.png
4225;CA_Growth_Pustules_2;4225.png
4226;CA_Tank_Top_Black;4226.png
4227;CA_Tank_Top_Blue;4227.png
4228;CA_Tank_Top_Green;4228.png
4229;CA_Tank_Top_Orange;4229.png
4230;CA_Tank_Top_Purple;4230.png
4231;CA_Tank_Top_Red;4231.png
4232;CA_Tank_Top_White;4232.png
4233;CA_Tank_Top_Yellow;4233.png
4234;CA_Tee_Black;4234.png
4235;CA_Tee_Blue;4235.png
4236;CA_Tee_Green;4236.png
4237;CA_Tee_Orange;4237.png
4238;CA_Tee_Purple;4238.png
4239;CA_Tee_Red;4239.png
4240;CA_Tee_White;4240.png
4241;CA_Tee_Yellow;4241.png
4242;CA_DCC_Black_Coat;4242.png
4243;CA_DCC_Orange_Coat;4243.png
4244;CA_DCC_White_Coat;4244.png
4245;CA_Jean_Dark;4245.png
4246;CA_Jean_Light;4246.png
4247;CA_Khaki_Bottom;4247.png
4248;CA_Shirt_Biz_Blue;4248.png
4249;CA_Shirt_Biz_Pink;4249.png
4250;CA_Shirt_Biz_White;4250.png
4251;CA_Shirt_Tie_Blue;4251.png
4252;CA_Shirt_Tie_Pink;4252.png
4253;CA_Shirt_Tie_White;4253.png
4254;CA_Money_5;4254.png
4255;CA_Money_10;4255.png
4256;CA_Money_50;4256.png
4257;CA_Money_100;4257.png
4258;CA_Money_500;4258.png
4259;CA_Cinirite;4259.png
4260;CA_Sandstone;4260.png
4261;CA_Polymer;4261.png
4263;CA_Tar;4263.png
4264;CA_Rubber;4264.png
4265;CA_Coil;4265.png
4266;CA_Metal_Scrap;4266.png
4267;CA_Metal_Dust;4267.png
4268;CA_Steel;4268.png
4269;CA_Glass;4269.png
4270;CA_Wood;4270.png
4271;CA_Charcoal;4271.png
4272;CA_Cloth;4272.png
4273;CA_Cloth_Military;4273.png
4274;CA_Chemicals_0;4274.png
4275;CA_Glue;4275.png
4276;CA_Tape;4276.png
4277;CA_Gunpowder;4277.png
4278;CA_Concrete_Bag;4278.png
4279;CA_Concrete_Bricks;4279.png
4280;CA_Bottle;4280.png
4281;CA_MetalC_0;4281.png
4282;CA_PlasticB_0;4282.png
4283;CA_TP_0;4283.png
4284;CA_TP_1;4284.png
4285;CA_TP_2;4285.png
4286;CA_Hide;4286.png
4287;CA_Leather;4287.png
4288;CA_Explosives_0;4288.png
4289;CA_Explosives_1;4289.png
4290;CA_Metal_Raw;4290.png
4299;CA_Rock_Salt;4299.png
4301;CA_Canned_Beans;4301.png
4302;CA_Canned_Soup_Tomato;4302.png
4303;CA_Canned_Soup_Chicken;4303.png
4304;CA_Canned_Fish;4304.png
4305;CA_Bag_MRE_0;4305.png
4306;CA_Cloth_Bundle;4306.png
4307;CA_Bar_Chocolate;4307.png
4308;CA_Bar_Candy;4308.png
4309;CA_Bar_Granola;4309.png
4310;CA_Bar_Energy;4310.png
4311;CA_Canned_Pasta;4311.png
4312;CA_Canned_Bacon;4312.png
4313;CA_Canned_Beef;4313.png
4314;CA_Carton_Milk;4314.png
4315;CA_Carrot;4315.png
4316;CA_Seed_Carrot;4316.png
4317;CA_Corn;4317.png
4318;CA_Seed_Corn;4318.png
4319;CA_Lettuce;4319.png
4320;CA_Seed_Lettuce;4320.png
4321;CA_Tomato;4321.png
4322;CA_Seed_Tomato;4322.png
4323;CA_Wheat;4323.png
4324;CA_Seed_Wheat;4324.png
4325;CA_Bread;4325.png
4326;CA_Cheese;4326.png
4327;CA_Canned_Ham;4327.png
4328;CA_Pancake;4328.png
4329;CA_Cake_0_0;4329.png
4330;CA_Trout_Raw;4330.png
4331;CA_Trout_Cooked;4331.png
4332;CA_Salmon_Raw;4332.png
4333;CA_Salmon_Cooked;4333.png
4334;CA_Meat_Raw;4334.png
4335;CA_Meat_Cooked;4335.png
4336;CA_Bacon_Raw;4336.png
4337;CA_Bacon_Cooked;4337.png
4338;CA_Sandwich_BLT;4338.png
4339;CA_Pizza;4339.png
4340;CA_Pumpkin;4340.png
4341;CA_Seed_Pumpkin;4341.png
4342;CA_Pie_Pumpkin_0;4342.png
4343;CA_Berry_Amber;4343.png
4344;CA_Seed_Amber;4344.png
4345;CA_Pie_Amber_0;4345.png
4346;CA_Berry_Indigo;4346.png
4347;CA_Seed_Indigo;4347.png
4348;CA_Pie_Indigo_0;4348.png
4349;CA_Berry_Jade;4349.png
4350;CA_Seed_Jade;4350.png
4351;CA_Pie_Jade_0;4351.png
4352;CA_Berry_Mauve;4352.png
4353;CA_Seed_Mauve;4353.png
4354;CA_Pie_Mauve_0;4354.png
4355;CA_Berry_Russet;4355.png
4356;CA_Seed_Russet;4356.png
4357;CA_Pie_Russet_0;4357.png
4358;CA_Berry_Teal;4358.png
4359;CA_Seed_Teal;4359.png
4360;CA_Pie_Teal_0;4360.png
4361;CA_Berry_Vermillion;4361.png
4362;CA_Seed_Vermillion;4362.png
4363;CA_Pie_Vermillion_0;4363.png
4364;CA_Goldfish_Raw;4364.png
4365;CA_Goldfish_Cooked;4365.png
4366;CA_Coconut_Whole;4366.png
4367;CA_Coconut_Half;4367.png
4368;CA_Chewing_Gum;4368.png
4369;CA_Chewing_Gum_Explosive;4369.png
4370;CA_Bass_Raw;4370.png
4371;CA_Bass_Cooked;4371.png
4372;CA_Squid_Raw;4372.png
4373;CA_Squid_Cooked;4373.png
4374;CA_Patty_Raw;4374.png
4375;CA_Patty_Cooked;4375.png
4376;CA_Dough;4376.png
4377;CA_Doughnut;4377.png
4378;CA_Waffle;4378.png
4379;CA_Bag_Chips;4379.png
4380;CA_Milk;4380.png
4381;CA_Juice_Orange;4381.png
4382;CA_Maple_Syrup;4382.png
4383;CA_Egg;4383.png
4384;CA_Egg_Carton;4384.png
4385;CA_Minnow_Raw;4385.png
4386;CA_Minnow_Cooked;4386.png
4387;CA_Crushed_Amber;4387.png
4388;CA_Crushed_Indigo;4388.png
4389;CA_Crushed_Jade;4389.png
4390;CA_Crushed_Mauve;4390.png
4391;CA_Crushed_Russet;4391.png
4392;CA_Crushed_Teal;4392.png
4393;CA_Crushed_Vermillion;4393.png
4394;CA_Carton_Coconut;4394.png
4395;CA_Bottled_Cola;4395.png
4396;CA_Canned_Cola;4396.png
4397;CA_Bottled_Soda;4397.png
4398;CA_Canned_Soda;4398.png
4399;CA_Canned_Energy;4399.png
4400;CA_Bottled_Water;4400.png
4401;CA_Bread_Long;4401.png
4402;CA_Juice_Apple;4402.png
4403;CA_Juice_Grape;4403.png
4404;CA_Potato;4404.png
4405;CA_Seed_Potato;4405.png
4406;CA_Rag;4406.png
4407;CA_Bandage;4407.png
4408;CA_Dressing;4408.png
4409;CA_Medkit;4409.png
4410;CA_Purification_Tablets;4410.png
4412;CA_Antibiotics;4412.png
4413;CA_Painkillers;4413.png
4414;CA_Splint;4414.png
4415;CA_Compound;4415.png
4416;CA_Havoc;4416.png
4417;CA_Vitamins;4417.png
4418;CA_Medbag;4418.png
4419;CA_Morphine;4419.png
4421;CA_Antiseptic;4421.png
4422;CA_Adrenaline;4422.png
4423;CA_Adrenaline1;4423.png
4424;CA_Minotaur;4424.png
4426;CA_HMG_100;4426.png
4427;CA_Lettuce_1;4427.png
4428;CA_Bottled_Lusoda;4428.png
4429;CA_Canned_Lusoda;4429.png
4430;CA_Floor_Wood;4430.png
4431;CA_Floor_Wood_Triangle;4431.png
4432;CA_Roof_Wood;4432.png
4433;CA_Roof_Wood_Triangle;4433.png
4434;CA_Hole_Wood;4434.png
4435;CA_Wall_Wood;4435.png
4436;CA_Window_Wood;4436.png
4437;CA_Pillar_Wood;4437.png
4438;CA_Post_Wood;4438.png
4439;CA_Ramp_Wood;4439.png
4440;CA_Stairs_Wood;4440.png
4441;CA_Wall_Ramp_Wood;4441.png
4442;CA_Rampart_Wood;4442.png
4443;CA_Doorway_Wood;4443.png
4444;CA_Garage_Wood;4444.png
4445;CA_Barricade_Wood;4445.png
4446;CA_Counter_Wood;4446.png
4447;CA_Sink_Wood;4447.png
4448;CA_Crate_Wood;4448.png
4449;CA_Crate_Wood_Large;4449.png
4450;CA_Door_Wood_0;4450.png
4451;CA_DoubleDoor_Wood;4451.png
4452;CA_Flag_Wood;4452.png
4453;CA_Fortification_Wood;4453.png
4455;CA_Hatch_Wood;4455.png
4456;CA_Ladder_Wood;4456.png
4457;CA_Placard_Small_Wood;4457.png
4459;CA_Rack_Wood;4459.png
4460;CA_Shutter_Wood;4460.png
4461;CA_Sign_Small_Wood;4461.png
4463;CA_Table_Circle_Wood;4463.png
4464;CA_Table_HCircle_Wood;4464.png
4465;CA_Table_Rect_Wood;4465.png
4466;CA_Table_Square_Wood;4466.png
4467;CA_Torch;4467.png
4469;CA_Trophy_Wood;4469.png
4470;CA_Wardrobe_Wood;4470.png
4471;CA_Chair_Wood;4471.png
4472;CA_Sofa_Wood;4472.png
4475;CA_Mai_Tai;4475.png
4476;CA_Mushroom_Raw;4476.png
4477;CA_Mushroom_Cooked;4477.png
4478;CA_Flour;4478.png
4479;CA_Morel;4479.png
4480;CA_Black_Trumpet;4480.png
4481;CA_Bolete;4481.png
4482;CA_Salt_Mushroom;4482.png
4483;CA_Chanterelle;4483.png
4484;CA_Gymnopilus;4484.png
4485;CA_Panaeoleus;4485.png
4486;CA_Silly_Mushroom;4486.png
4487;CA_Dapperling;4487.png
4488;CA_Galerina;4488.png
4489;CA_Jacko_Mushroom;4489.png
4490;CA_Parasol;4490.png
4491;CA_Pluteus;4491.png
4492;CA_Biohazard_Stack;4492.png
4493;CA_Chemicals_Stack;4493.png
4494;CA_Coil_Stack;4494.png
4495;CA_Compound_Stack;4495.png
4496;CA_Concrete_Hardener_Stack;4496.png
4497;CA_Dye_Stack;4497.png
4498;CA_Glue_Stack;4498.png
4499;CA_Socks_Pizza;4499.png
4502;CA_Gunpowder_Stack;4502.png
4503;CA_Rope_Stack;4503.png
4504;CA_Tape_Stack;4504.png
4505;CA_Explosives_0_Stack;4505.png
4506;CA_Topiary_Barricade_0;4506.png
4507;CA_Topiary_Barricade_1;4507.png
4508;CA_Topiary_Barricade_2;4508.png
4509;CA_Topiary_Barricade_3;4509.png
4510;CA_Topiary_Barricade_4;4510.png
4511;CA_Doughnut_Blue;4511.png
4512;CA_Doughnut_Chocolate;4512.png
4513;CA_Doughnut_Green;4513.png
4514;CA_Doughnut_Orange;4514.png
4515;CA_Doughnut_Pink;4515.png
4516;CA_Doughnut_White;4516.png
4518;CA_Maplestrike;4518.png
4520;CA_Romeo;4520.png
4521;CA_SilverHawk;4521.png
4522;CA_Pistol_Magnum_7;4522.png
4523;CA_Viper;4523.png
4525;CA_Viper_30;4525.png
4526;CA_Doorkicker;4526.png
4527;CA_Squeekhammer;4527.png
4528;CA_Dot_Sight_0_Corpo;4528.png
4529;CA_Circle_Sight_0_Covenant;4529.png
4530;CA_Dot_Sight_3_Gamma;4530.png
4531;CA_Circle_Sight_1_Victus;4531.png
4532;CA_Suppressor_Hotshot;4532.png
4533;CA_Suppressor_Opsec;4533.png
4534;CA_Flash_Hider_Triplung;4534.png
4535;CA_Compensator_Lance;4535.png
4536;CA_Sabotage;4536.png
4537;CA_Tactical_Laser_Red;4537.png
4538;CA_Carton_Milk_Choccy;4538.png
4539;CA_Carton_Orange;4539.png
4540;CA_Carton_Pineapple;4540.png
4541;CA_Carton_Banana;4541.png
4542;CA_Bottled_Water_1;4542.png
4543;CA_Phone;4543.png
4544;CA_Gryffon;4544.png
4546;CA_Delta;4546.png
4547;CA_Deadzone_Keycard_0;4547.png
4548;CA_Deadzone_Keycard_1;4548.png
4549;CA_Deadzone_Keycard_2;4549.png
4550;CA_Ramp_Half_Wood;4550.png
4551;CA_Doorway_Concrete;4551.png
4552;CA_Floor_Concrete;4552.png
4553;CA_Floor_Concrete_Triangle;4553.png
4554;CA_Garage_Concrete;4554.png
4555;CA_Hole_Concrete;4555.png
4556;CA_Pillar_Concrete;4556.png
4557;CA_Post_Concrete;4557.png
4558;CA_Ramp_Concrete;4558.png
4559;CA_Ramp_Half_Concrete;4559.png
4560;CA_Rampart_Concrete;4560.png
4561;CA_Roof_Concrete;4561.png
4562;CA_Roof_Concrete_Triangle;4562.png
4563;CA_Stairs_Concrete;4563.png
4564;CA_Wall_Concrete;4564.png
4565;CA_Wall_Ramp_Concrete;4565.png
4566;CA_Window_Concrete;4566.png
4568;CA_Planter;4568.png
4569;CA_Plot;4569.png
4570;CA_Fertilizer;4570.png
4571;CA_Blueprint_Pulsenade;4571.png
4572;CA_Rack_Metal;4572.png
4573;CA_Trophy_Metal;4573.png
4574;CA_Fitness_Stereo;4574.png
4575;CA_Mannequin_Cloth;4575.png
4576;CA_Mannequin_Metal;4576.png
4577;CA_Cagelight;4577.png
4578;CA_Bedroll_Black;4578.png
4579;CA_Bedroll_Blue;4579.png
4580;CA_Bedroll_Green;4580.png
4581;CA_Bedroll_Orange;4581.png
4582;CA_Bedroll_Purple;4582.png
4583;CA_Bedroll_Red;4583.png
4584;CA_Bedroll_White;4584.png
4585;CA_Bedroll_Yellow;4585.png
4586;CA_Campfire;4586.png
4587;CA_Barrel_Rain;4587.png
4588;CA_Fortification_Scrap;4588.png
4589;CA_Barricade_Scrap;4589.png
4590;CA_Crate_Sandstone;4590.png
4591;CA_Chest_Wood;4591.png
4592;CA_Chest_Sandstone;4592.png
4593;CA_Chest_Metal;4593.png
4594;CA_Chest_Concrete;4594.png
4595;CA_Camper_Top_0;4595.png
4596;CA_Camper_Top_1;4596.png
4597;CA_Camper_Top_2;4597.png
4598;CA_Camper_Bottom_0;4598.png
4599;CA_Camper_Bottom_1;4599.png
4600;CA_Hiking_Pack;4600.png
4601;CA_Hiking_Pack_Zomb;4601.png
4602;CA_Acoustic;4602.png
4603;CA_Bird_Nest;4603.png
4604;CA_Bear_Trap;4604.png
4605;CA_Camping_Cap;4605.png
4606;CA_Head_Axe;4606.png
4607;CA_Angler_Top;4607.png
4608;CA_Angler_Bottom;4608.png
4609;CA_Angler_Vest;4609.png
4610;CA_Angler_Hat;4610.png
4611;CA_Farmer_Top_0;4611.png
4612;CA_Farmer_Top_1;4612.png
4613;CA_Farmer_Top_2;4613.png
4614;CA_Farmer_Top_3;4614.png
4615;CA_Farmer_Overalls_0;4615.png
4616;CA_Farmer_Overalls_1;4616.png
4617;CA_Farmer_Hat;4617.png
4618;CA_Wheat_Face;4618.png
4619;CA_Dead_Flower;4619.png
4620;CA_BigJ_Top_0;4620.png
4621;CA_BigJ_Top_1;4621.png
4622;CA_BigJ_Top_2;4622.png
4623;CA_BigJ_Bottom_0;4623.png
4624;CA_BigJ_Bottom_1;4624.png
4625;CA_BigJ_Apron_0;4625.png
4626;CA_BigJ_Apron_1;4626.png
4627;CA_BigJ_Cap_0;4627.png
4628;CA_BigJ_Cap_1;4628.png
4629;CA_BigJ_Cap_2;4629.png
4630;CA_BigJ_Cap_3;4630.png
4631;CA_BigJ_Cap_4;4631.png
4632;CA_Sea_Garbage;4632.png
4633;CA_Sea_Scum;4633.png
4634;CA_Floatie;4634.png
4635;CA_Doctor_Top;4635.png
4636;CA_Doctor_Bottom;4636.png
4637;CA_Hospital_Gown;4637.png
4638;CA_Surgeon_Mirror;4638.png
4639;CA_Surgeon_Cap;4639.png
4640;CA_Face_Mask;4640.png
4641;CA_Stethoscope;4641.png
4642;CA_Vaccines_Vest;4642.png
4643;CA_Vaccines_Back;4643.png
4644;CA_Head_Bandages;4644.png
4645;CA_Respiration_Tubes;4645.png
4646;CA_Neck_Brace;4646.png
4647;CA_Worker_Top_0;4647.png
4648;CA_Worker_Top_1;4648.png
4649;CA_Worker_Bottom_0;4649.png
4650;CA_Worker_Bottom_1;4650.png
4651;CA_Hardhat;4651.png
4652;CA_Toolbelt;4652.png
4653;CA_Conehead;4653.png
4654;CA_Bucket;4654.png
4655;CA_Grocer_Top_0;4655.png
4656;CA_Grocer_Top_1;4656.png
4657;CA_Grocer_Bottom_0;4657.png
4658;CA_Grocer_Bottom_1;4658.png
4659;CA_Grocer_Visor;4659.png
4660;CA_Paper_Bag_0;4660.png
4661;CA_Paper_Bag_1;4661.png
4662;CA_Chef_Top_0;4662.png
4663;CA_Chef_Top_1;4663.png
4664;CA_Cooking_Apron;4664.png
4665;CA_Chef_Hat;4665.png
4666;CA_Cook_Hat;4666.png
4667;CA_Head_Knife;4667.png
4668;CA_Knifes_Back;4668.png
4669;CA_Bass_Cap;4669.png
4670;CA_Saucepan;4670.png
4671;CA_Alice_Rig_3;4671.png
4672;CA_Rucksack_3;4672.png
4673;CA_Beret_2;4673.png
4674;CA_Field_Cap_2;4674.png
4675;CA_Military_Helmet_2;4675.png
4676;CA_Military_Bottom_4;4676.png
4677;CA_Military_Bottom_5;4677.png
4678;CA_Military_Top_4;4678.png
4679;CA_Windbreaker_Mili_2;4679.png
4680;CA_Mili_Vest_2_Empty;4680.png
4681;CA_Mili_Vest_2_Pouches;4681.png
4682;CA_Mili_Vest_2_Cargo;4682.png
4683;CA_MNVG_0;4683.png
4684;CA_Headlamp;4684.png
4685;CA_Bat_Metal;4685.png
4686;CA_Bat_Wood;4686.png
4687;CA_Baton;4687.png
4688;CA_Crowbar;4688.png
4689;CA_Flashlight_0;4689.png
4690;CA_Hammer;4690.png
4691;CA_Heavy_Rebar;4691.png
4692;CA_Knife_Butcher;4692.png
4693;CA_Knife_Kitchen;4693.png
4694;CA_Machete;4694.png
4695;CA_Paddle;4695.png
4696;CA_Pickaxe;4696.png
4697;CA_Saw;4697.png
4698;CA_Shovel;4698.png
4699;CA_Sledgehammer;4699.png
4700;CA_Wood_Axe_0;4700.png
4701;CA_Wood_Axe_1;4701.png
4702;CA_Blowtorch;4702.png
4703;CA_Battery_Vehicle;4703.png
4704;CA_Carjack;4704.png
4705;CA_Carlockpick;4705.png
4706;CA_Socketwrench;4706.png
4707;CA_Tire;4707.png
4708;CA_GPS;4708.png
4709;CA_BasePlanner;4709.png
4710;CA_Walkie_Talkie;4710.png
4712;CA_Bottled_Elffy;4712.png
4713;CA_Canned_Elffy;4713.png
4714;CA_Marksman_20;4714.png
4716;CA_Carton_Pomegranate;4716.png
4717;CA_Mutant;4717.png
4719;CA_Gasmask_Broken;4719.png
4720;CA_Highveld;4720.png
4721;CA_Explosives_1_Stack;4721.png
4722;CA_20x_Scope;4722.png
4723;CA_Zollmacht;4723.png
4724;CA_Quicksilver_0;4724.png
4725;CA_Quicksilver_1;4725.png
4726;CA_Silver_30;4726.png
4727;CA_Ratel;4727.png
4730;CA_Whirlwind;4730.png
4732;CA_Whirlwind_Poly_50;4732.png
4733;CA_Smoke_Big;4733.png
4734;CA_Ranger_30;4734.png
4735;CA_Sabertooth;4735.png
4736;CA_Muzzle_Brake_Birdcage;4736.png
4737;CA_Sage_20;4737.png
4738;CA_Monarch;4738.png
4740;CA_Monarch_10;4740.png
4741;CA_Grenade;4741.png
4742;CA_Rope;4742.png
4743;CA_Crate_Sandstone_Large;4743.png
4744;CA_Crate_Metal;4744.png
4745;CA_Crate_Metal_Large;4745.png
4746;CA_Smoke_White;4746.png
4747;CA_Flashbang;4747.png
4748;CA_Flare_Blue;4748.png
4749;CA_Flare_Green;4749.png
4750;CA_Flare_Orange;4750.png
4751;CA_Flare_Purple;4751.png
4752;CA_Flare_Red;4752.png
4753;CA_Flare_Yellow;4753.png
4754;CA_Mafia_Top_2;4754.png
4755;CA_Mafia_Top_3;4755.png
4756;CA_Mafia_Top_4;4756.png
4757;CA_Acadas_Tee_Black;4757.png
4758;CA_Acadas_Tee_White;4758.png
4759;CA_Acadas_Top_White;4759.png
4760;CA_Acadas_Track_Top_Black;4760.png
4761;CA_Acadas_Track_Top_Black_Open;4761.png
4762;CA_Acadas_Track_Bottom_Black;4762.png
4763;CA_Acadas_Track_Zombie_Black;4763.png
4764;CA_Acadas_Track_Top_Blue;4764.png
4765;CA_Acadas_Track_Top_Blue_Open;4765.png
4766;CA_Acadas_Track_Bottom_Blue;4766.png
4767;CA_Acadas_Track_Zombie_Blue;4767.png
4768;CA_Acadas_Track_Top_Green;4768.png
4769;CA_Acadas_Track_Top_Green_Open;4769.png
4770;CA_Acadas_Track_Bottom_Green;4770.png
4771;CA_Acadas_Track_Zombie_Green;4771.png
4772;CA_Acadas_Track_Top_Pink;4772.png
4773;CA_Acadas_Track_Top_Pink_Open;4773.png
4774;CA_Acadas_Track_Bottom_Pink;4774.png
4775;CA_Acadas_Track_Zombie_Pink;4775.png
4776;CA_Acadas_Track_Top_Red;4776.png
4777;CA_Acadas_Track_Top_Red_Open;4777.png
4778;CA_Acadas_Track_Bottom_Red;4778.png
4779;CA_Acadas_Track_Zombie_Red;4779.png
4780;CA_Acadas_Track_Top_White;4780.png
4781;CA_Acadas_Track_Top_White_Open;4781.png
4782;CA_Acadas_Track_Bottom_White;4782.png
4783;CA_Acadas_Track_Zombie_White;4783.png
4784;CA_Acadas_Gym_Shorts_Black;4784.png
4785;CA_Acadas_Gym_Shorts_White;4785.png
4786;CA_Loopkey_Polo_Blue;4786.png
4787;CA_Loopkey_Top_Black;4787.png
4788;CA_Loopkey_Top_White;4788.png
4789;CA_Loopkey_Sweats_Black;4789.png
4790;CA_Loopkey_Sweats_Green;4790.png
4791;CA_Loopkey_Sweats_Tan;4791.png
4792;CA_Selected_Hoodie_Blue;4792.png
4793;CA_Selected_Top_Red;4793.png
4794;CA_Selected_Top_Tan;4794.png
4795;CA_Selected_Top_White;4795.png
4796;CA_Selected_Jogger_Bottom;4796.png
4797;CA_Selected_Sweats_Bottom_Blue;4797.png
4798;CA_Selected_Work_Pants_Brown;4798.png
4799;CA_Selected_Work_Pants_Green;4799.png
4800;CA_Ace;4800.png
4801;CA_Speedloader_6;4801.png
4802;CA_Senator;4802.png
4803;CA_Speedloader_Buckshot_5;4803.png
4804;CA_Kostyor;4804.png
4805;CA_Subsonic_20;4805.png
4806;CA_Apple;4806.png
4807;CA_Orange;4807.png
4808;CA_Grapes;4808.png
4809;CA_Banana;4809.png
4810;CA_Emperor;4810.png
4811;CA_Manta;4811.png
4812;CA_Filter;4812.png
4813;CA_Knife_Military_0;4813.png
4814;CA_Knife_Military_1;4814.png
4815;CA_Pipe_Metal;4815.png
4816;CA_Pulaski;4816.png
4817;CA_Razortooth;4817.png
4818;CA_Magnus;4818.png
4819;CA_Vihor;4819.png
4820;CA_Military_30;4820.png
4821;CA_Military_60;4821.png
4822;CA_Military_Poly_45;4822.png
4823;CA_Ranger_10;4823.png
4824;CA_Ranger_45;4824.png
4826;CA_Palmov;4826.png
4828;CA_Balaur;4828.png
4829;CA_Antlers;4829.png
4830;CA_Blackbear_Dead;4830.png
4831;CA_Coyote_Dead;4831.png
4832;CA_Fox_Dead;4832.png
4833;CA_Fox_Tail;4833.png
4834;CA_Grizzly_Dead;4834.png
4835;CA_Mountain_Goat_Dead;4835.png
4836;CA_Mountain_Goat_Horn;4836.png
4837;CA_Mule_Deer_F_Dead;4837.png
4838;CA_Mule_Deer_M_Dead;4838.png
4839;CA_Raccoon_Dead;4839.png
4840;CA_Raccoon_Tail;4840.png
4842;CA_BigShot;4842.png
4843;CA_Revolver_Magnum_5;4843.png
4844;CA_Subsonic_30;4844.png
4845;CA_Beanie_0;4845.png
4846;CA_Beanie_1;4846.png
4847;CA_Beanie_2;4847.png
4848;CA_Beanie_3;4848.png
4849;CA_Bucket_Hat;4849.png
4850;CA_Casual_Cap;4850.png
4851;CA_Sunglasses;4851.png
4853;CA_Water_Tank;4853.png
4854;CA_Doorway_Scrap;4854.png
4855;CA_Floor_Scrap;4855.png
4856;CA_Floor_Scrap_Triangle;4856.png
4857;CA_Garage_Scrap;4857.png
4858;CA_Hole_Scrap;4858.png
4859;CA_Pillar_Scrap;4859.png
4860;CA_Post_Scrap;4860.png
4861;CA_Ramp_Scrap;4861.png
4862;CA_Ramp_Half_Scrap;4862.png
4863;CA_Rampart_Scrap;4863.png
4864;CA_Roof_Scrap;4864.png
4865;CA_Roof_Scrap_Triangle;4865.png
4866;CA_Stairs_Scrap;4866.png
4867;CA_Wall_Scrap;4867.png
4868;CA_Wall_Ramp_Scrap;4868.png
4869;CA_Window_Scrap;4869.png
4870;CA_Bean_Bag_Black;4870.png
4871;CA_Bean_Bag_Blue;4871.png
4872;CA_Bean_Bag_Green;4872.png
4873;CA_Bean_Bag_Orange;4873.png
4874;CA_Bean_Bag_Purple;4874.png
4875;CA_Bean_Bag_Red;4875.png
4876;CA_Bean_Bag_White;4876.png
4877;CA_Bean_Bag_Yellow;4877.png
4878;CA_Garden_Gnome_0;4878.png
4879;CA_Fountain_Sandstone;4879.png
4880;CA_Fountain_Concrete;4880.png
4881;CA_Table_Circle_Sandstone;4881.png
4882;CA_Table_HCircle_Sandstone;4882.png
4883;CA_Table_Rect_Sandstone;4883.png
4884;CA_Table_Square_Sandstone;4884.png
4885;CA_Table_Circle_Metal;4885.png
4886;CA_Table_HCircle_Metal;4886.png
4887;CA_Table_Rect_Metal;4887.png
4888;CA_Table_Square_Metal;4888.png
4889;CA_Table_Circle_Concrete;4889.png
4890;CA_Table_HCircle_Concrete;4890.png
4891;CA_Table_Rect_Concrete;4891.png
4892;CA_Table_Square_Concrete;4892.png
4893;CA_Bench_Wood;4893.png
4894;CA_Bench_Sandstone;4894.png
4895;CA_Bench_Metal;4895.png
4896;CA_Bench_Concrete;4896.png
4897;CA_Chair_Sandstone;4897.png
4898;CA_Chair_Metal;4898.png
4899;CA_Chair_Concrete;4899.png
4900;CA_Pouf_Wood;4900.png
4901;CA_Pouf_Sandstone;4901.png
4902;CA_Pouf_Leather;4902.png
4903;CA_Pouf_Concrete;4903.png
4904;CA_Bed_Wood_Double_Black;4904.png
4905;CA_Bed_Wood_Double_Blue;4905.png
4906;CA_Bed_Wood_Double_Green;4906.png
4907;CA_Bed_Wood_Double_Orange;4907.png
4908;CA_Bed_Wood_Double_Purple;4908.png
4909;CA_Bed_Wood_Double_Red;4909.png
4910;CA_Bed_Wood_Double_White;4910.png
4911;CA_Bed_Wood_Double_Yellow;4911.png
4912;CA_Bed_Sandstone_Double_Black;4912.png
4913;CA_Bed_Sandstone_Double_Blue;4913.png
4914;CA_Bed_Sandstone_Double_Green;4914.png
4915;CA_Bed_Sandstone_Double_Orange;4915.png
4916;CA_Bed_Sandstone_Double_Purple;4916.png
4917;CA_Bed_Sandstone_Double_Red;4917.png
4918;CA_Bed_Sandstone_Double_White;4918.png
4919;CA_Bed_Sandstone_Double_Yellow;4919.png
4920;CA_Bed_Metal_Double_Black;4920.png
4921;CA_Bed_Metal_Double_Blue;4921.png
4922;CA_Bed_Metal_Double_Green;4922.png
4923;CA_Bed_Metal_Double_Orange;4923.png
4924;CA_Bed_Metal_Double_Purple;4924.png
4925;CA_Bed_Metal_Double_Red;4925.png
4926;CA_Bed_Metal_Double_White;4926.png
4927;CA_Bed_Metal_Double_Yellow;4927.png
4928;CA_Bed_Concrete_Double_Black;4928.png
4929;CA_Bed_Concrete_Double_Blue;4929.png
4930;CA_Bed_Concrete_Double_Green;4930.png
4931;CA_Bed_Concrete_Double_Orange;4931.png
4932;CA_Bed_Concrete_Double_Purple;4932.png
4933;CA_Bed_Concrete_Double_Red;4933.png
4934;CA_Bed_Concrete_Double_White;4934.png
4935;CA_Bed_Concrete_Double_Yellow;4935.png
4936;CA_Bed_Wood_Single_Black;4936.png
4937;CA_Bed_Wood_Single_Blue;4937.png
4938;CA_Bed_Wood_Single_Green;4938.png
4939;CA_Bed_Wood_Single_Orange;4939.png
4940;CA_Bed_Wood_Single_Purple;4940.png
4941;CA_Bed_Wood_Single_Red;4941.png
4942;CA_Bed_Wood_Single_White;4942.png
4943;CA_Bed_Wood_Single_Yellow;4943.png
4944;CA_Bed_Sandstone_Single_Black;4944.png
4945;CA_Bed_Sandstone_Single_Blue;4945.png
4946;CA_Bed_Sandstone_Single_Green;4946.png
4947;CA_Bed_Sandstone_Single_Orange;4947.png
4948;CA_Bed_Sandstone_Single_Purple;4948.png
4949;CA_Bed_Sandstone_Single_Red;4949.png
4950;CA_Bed_Sandstone_Single_White;4950.png
4951;CA_Bed_Sandstone_Single_Yellow;4951.png
4952;CA_Bed_Metal_Single_Black;4952.png
4953;CA_Bed_Metal_Single_Blue;4953.png
4954;CA_Bed_Metal_Single_Green;4954.png
4955;CA_Bed_Metal_Single_Orange;4955.png
4956;CA_Bed_Metal_Single_Purple;4956.png
4957;CA_Bed_Metal_Single_Red;4957.png
4958;CA_Bed_Metal_Single_White;4958.png
4959;CA_Bed_Metal_Single_Yellow;4959.png
4960;CA_Bed_Concrete_Single_Black;4960.png
4961;CA_Bed_Concrete_Single_Blue;4961.png
4962;CA_Bed_Concrete_Single_Green;4962.png
4963;CA_Bed_Concrete_Single_Orange;4963.png
4964;CA_Bed_Concrete_Single_Purple;4964.png
4965;CA_Bed_Concrete_Single_Red;4965.png
4966;CA_Bed_Concrete_Single_White;4966.png
4967;CA_Bed_Concrete_Single_Yellow;4967.png
4968;CA_Shelf_Wood;4968.png
4969;CA_Shelf_Sandstone;4969.png
4970;CA_Shelf_Metal;4970.png
4971;CA_Shelf_Concrete;4971.png
4972;CA_Sofa_Sandstone;4972.png
4973;CA_Sofa_Leather;4973.png
4974;CA_Sofa_Concrete;4974.png
4975;CA_Bookshelf_Small_Wood;4975.png
4976;CA_Bookshelf_Small_Sandstone;4976.png
4977;CA_Bookshelf_Small_Metal;4977.png
4978;CA_Bookshelf_Small_Concrete;4978.png
4979;CA_Bookshelf_Large_Wood;4979.png
4980;CA_Bookshelf_Large_Sandstone;4980.png
4981;CA_Bookshelf_Large_Metal;4981.png
4982;CA_Bookshelf_Large_Concrete;4982.png
4983;CA_Daypack_Black;4983.png
4984;CA_Daypack_Blue;4984.png
4985;CA_Daypack_Green;4985.png
4986;CA_Daypack_Orange;4986.png
4987;CA_Daypack_Purple;4987.png
4988;CA_Daypack_Red;4988.png
4989;CA_Daypack_White;4989.png
4990;CA_Daypack_Yellow;4990.png
4991;CA_Rod_Regular;4991.png
4992;CA_Glass_Weak;4992.png
4993;CA_Glass_Bulletproof;4993.png
4994;CA_Glass_Oneway;4994.png
4995;CA_Claim;4995.png
4996;CA_Flag_Metal;4996.png
4997;CA_Ladder_Metal;4997.png
4998;CA_Flashlight_1;4998.png
4999;CA_Flashlight_2;4999.png
6020;CA_Charge_Demolition;6020.png
6021;CA_Claymore;6021.png
6022;CA_Landmine;6022.png
6023;CA_Charge_Breaching;6023.png
6024;CA_Mechanic_Top;6024.png
6025;CA_Mechanic_Bottom;6025.png
6026;CA_Cue;6026.png
6027;CA_Earpiece;6027.png
6028;CA_Montefeltro;6028.png
6029;CA_Handcuffs_Lock;6029.png
6030;CA_Handcuffs_Key;6030.png
6031;CA_Cable_Tie;6031.png
6032;CA_Balaclava_Black;6032.png
6033;CA_Note;6033.png
6034;CA_Chainsaw;6034.png
6035;CA_Jackhammer;6035.png
6036;CA_Canteen;6036.png
6037;CA_Chart;6037.png
6038;CA_Compass;6038.png
6039;CA_Barbed_Wire;6039.png
6040;CA_Barbed_Wire_Barricade;6040.png
6041;CA_Tanktrap;6041.png
6042;CA_MessKit;6042.png
6043;CA_Whopper;6043.png
6044;CA_Wood_Helmet;6044.png
6045;CA_Wood_Armour;6045.png
6046;CA_Tempest;6046.png
6048;CA_MNVG_1;6048.png
6049;CA_Akula;6049.png
6051;CA_Okho;6051.png
6053;CA_Scrap_Helmet;6053.png
6054;CA_Scrap_Armour;6054.png
6055;CA_Alicepack_0;6055.png
6056;CA_Alicepack_1;6056.png
6057;CA_Alicepack_2;6057.png
6058;CA_Alicepack_3;6058.png
6059;CA_Hardhat_Lamp;6059.png
6060;CA_Rebreather_0;6060.png
6061;CA_Diving_Tank;6061.png
6062;CA_Laser;6062.png
6063;CA_Trap_Bear;6063.png
6064;CA_Trap_Grenade;6064.png
6065;CA_Trap_Bear_Immortal;6065.png
6066;CA_Pencil;6066.png
6067;CA_Screwdriver;6067.png
6068;CA_Rolling_Pin;6068.png
6069;CA_Trap_Pulsenade;6069.png
6070;CA_Bounce_Pad;6070.png
6071;CA_Wall_Glass;6071.png
6072;CA_Doorway_Glass;6072.png
6073;CA_Ramp_Glass;6073.png
6074;CA_Roof_Glass;6074.png
6075;CA_Roof_Glass_Triangle;6075.png
6076;CA_Hole_Glass;6076.png
6078;CA_Tactical_Light;6078.png
6079;CA_Heavy_Vest_0;6079.png
6080;CA_Heavy_Vest_1;6080.png
6081;CA_Heavy_Vest_2;6081.png
6082;CA_Heavy_Vest_3;6082.png
6083;CA_Heavy_Helmet_0;6083.png
6084;CA_Heavy_Helmet_1;6084.png
6085;CA_Heavy_Helmet_2;6085.png
6086;CA_Heavy_Helmet_3;6086.png
6087;CA_Mirage;6087.png
6089;CA_Mirage_10;6089.png
6090;CA_Vertical_Grip;6090.png
6091;CA_Forward_Grip;6091.png
6092;CA_Horizontal_Grip;6092.png
6093;CA_Skeleton_Vertical_Grip;6093.png
6094;CA_Skeleton_Forward_Grip;6094.png
6095;CA_Ramatkal;6095.png
6096;CA_Eotens;6096.png
6097;CA_Dot_Sight_1_Romeo;6097.png
6099;CA_Makeshift_Laser;6099.png
6100;CA_Case_Reactor;6100.png
6101;CA_Case_Cache42;6101.png
6102;CA_Case_BBunker;6102.png
6103;CA_Case_Mesadyne;6103.png
6104;CA_Case_Whitney;6104.png
6105;CA_Case_Unbox_0;6105.png
6106;CA_Icarus;6106.png
6108;CA_Military_100;6108.png
6109;CA_Military_100_Pen;6109.png
6110;CA_Basher;6110.png
6111;CA_Steel_Stack;6111.png
6112;CA_Metal_Dust_Stack;6112.png
6113;CA_Wood_Stack;6113.png
6114;CA_Concrete_Stack;6114.png
6115;CA_Glass_Stack;6115.png
6116;CA_ConcreteBag_Stack;6116.png
6117;CA_Cloth_Stack;6117.png
6118;CA_Fiber_Stack;6118.png
6119;CA_Charcoal_Stack;6119.png
6120;CA_Polymer_Stack;6120.png
6121;CA_Rubber_Stack;6121.png
6122;CA_Sandstone_Stack;6122.png
6123;CA_Scrap_Stack;6123.png
6124;CA_Tar_Stack;6124.png
6125;CA_Door_Scrap;6125.png
6126;CA_Door_Reinforced;6126.png
6127;CA_Missing_Blueprint;6127.png
6128;CA_Shop_Icon;6128.png
6130;CA_Counter_Plastic;6130.png
6131;CA_Sink_Plastic;6131.png
6132;CA_Wardrobe_Plastic;6132.png
6133;CA_Chair_Plastic;6133.png
6134;CA_Cooler_Red;6134.png
6135;CA_Cooler_Blue;6135.png
6136;CA_Cooler_Yellow;6136.png
6137;CA_Water_Tank;6137.png
6138;CA_Water_Cooler;6138.png
6139;CA_Trampoline;6139.png
6140;CA_Umbrella_Black;6140.png
6141;CA_Umbrella_Blue;6141.png
6142;CA_Umbrella_Green;6142.png
6143;CA_Umbrella_Orange;6143.png
6144;CA_Umbrella_Purple;6144.png
6145;CA_Umbrella_Red;6145.png
6146;CA_Umbrella_White;6146.png
6147;CA_Umbrella_Yellow;6147.png
6148;CA_Counter_Metal;6148.png
6149;CA_Sink_Metal;6149.png
6150;CA_Wardrobe_Metal;6150.png
6151;CA_Toaster;6151.png
6152;CA_Microwave;6152.png
6153;CA_Dumpster_Grey;6153.png
6154;CA_Dumpster_Green;6154.png
6155;CA_Lamp_Metal;6155.png
6156;CA_Lamp_Black;6156.png
6157;CA_Lamp_Blue;6157.png
6158;CA_Lamp_Green;6158.png
6159;CA_Lamp_Orange;6159.png
6160;CA_Lamp_Purple;6160.png
6161;CA_Lamp_Red;6161.png
6162;CA_Lamp_White;6162.png
6163;CA_Lamp_Yellow;6163.png
6164;CA_Bath;6164.png
6165;CA_Barbecue_0;6165.png
6166;CA_Barbecue_1;6166.png
6167;CA_Kostyor_Suppressor;6167.png
6168;CA_TV_0;6168.png
6169;CA_TV_1;6169.png
6170;CA_Register_0;6170.png
6171;CA_Register_1;6171.png
6172;CA_Propane_Tank;6172.png
6173;CA_Barrel_Fuel;6173.png
6174;CA_Sandstone_Pot_0;6174.png
6175;CA_Sandstone_Pot_1;6175.png
6176;CA_Sandstone_Pot_2;6176.png
6177;CA_Sandstone_Pot_3;6177.png
6178;CA_Table_Pool;6178.png
6179;CA_Pallet;6179.png
6180;CA_Toilet;6180.png
6181;CA_Roadblock;6181.png
6182;CA_Roadblock_Tall;6182.png
6183;CA_Trophy_Sandstone;6183.png
6184;CA_Generator_Small;6184.png
6186;CA_Shutter_Scrap;6186.png
6187;CA_Shutter_Reinforced;6187.png
6188;CA_Sign_Large_Wood;6188.png
6189;CA_Placard_Large_Wood;6189.png
6190;CA_Sign_Large_Metal;6190.png
6191;CA_Sign_Small_Metal;6191.png
6192;CA_Placard_Large_Metal;6192.png
6193;CA_Placard_Small_Metal;6193.png
6194;CA_Sign_Large_Sandstone;6194.png
6195;CA_Placard_Large_Sandstone;6195.png
6196;CA_Tall_Wall_Scrap;6196.png
6197;CA_Tall_Wall_Door_Scrap;6197.png
6198;CA_Tall_Wall_Garage_Scrap;6198.png
6199;CA_DoubleDoor_Scrap;6199.png
6200;CA_DoubleDoor_Reinforced;6200.png
6201;CA_Tall_Wall_Wood;6201.png
6202;CA_Tall_Wall_Door_Wood;6202.png
6203;CA_Tall_Wall_Garage_Wood;6203.png
6204;CA_Tall_Wall_Concrete;6204.png
6205;CA_Tall_Wall_Door_Concrete;6205.png
6206;CA_Tall_Wall_Garage_Concrete;6206.png
6207;CA_Tall_Wall_Sandstone;6207.png
6208;CA_Tall_Wall_Door_Sandstone;6208.png
6209;CA_Tall_Wall_Garage_Sandstone;6209.png
6210;CA_BrassKnuckles;6210.png
6211;CA_Sentinel;6211.png
6212;CA_Tank_Shell;6212.png
6213;CA_Hatch_Scrap;6213.png
6214;CA_Hatch_Reinforced;6214.png
6215;CA_Hardener;6215.png
6218;CA_Greyhound;6218.png
6219;CA_Koshmar;6219.png
6220;CA_Shells_Slug_4;6220.png
6221;CA_Suppressor_Octive;6221.png
6222;CA_Suppressor_Orca;6222.png
6223;CA_Suppressor_Sigma;6223.png
6224;CA_Arachnid_10;6224.png
6225;CA_Military_Top_M_0;6225.png
6226;CA_Military_Bottom_M_0;6226.png
6227;CA_Merc_Top_M_0;6227.png
6228;CA_Merc_Bottom_M_0;6228.png
6229;CA_Carpet_Grizzly;6229.png
6230;CA_Carpet_Blackbear;6230.png
6231;CA_Carpet_Raccoon;6231.png
6232;CA_Carpet_Coyote;6232.png
6233;CA_Carpet_Fox;6233.png
6234;CA_Carpet_Goat;6234.png
6235;CA_Carpet_Deer_0;6235.png
6236;CA_License_Plate_0;6236.png
6237;CA_Military_Top_M_1;6237.png
6238;CA_Military_Bottom_M_1;6238.png
6239;CA_Military_Top_M_2;6239.png
6240;CA_Military_Bottom_M_2;6240.png
6241;CA_Military_Helmet_Zombie_0;6241.png
6242;CA_Military_Helmet_Zombie_1;6242.png
6243;CA_Military_Helmet_Zombie_2;6243.png
6244;CA_Firewood;6244.png
6245;CA_DiscoBall;6245.png
6246;CA_Case_Scope;6246.png
6247;CA_Case_Holo;6247.png
6248;CA_Case_Grip;6248.png
6249;CA_Case_Skeleton;6249.png
6250;CA_Case_Barrel;6250.png
6251;CA_Case_Pistol;6251.png
6252;CA_Case_Unbox_1;6252.png
6253;CA_Carolus;6253.png
6254;CA_84_Cartridge;6254.png
6255;CA_Carolus_Scope;6255.png
6256;CA_Arachnid_0;6256.png
6258;CA_Arachnid_1;6258.png
6260;CA_Novuh;6260.png
6261;CA_Tear_Gas;6261.png
6262;CA_40_Tear_Gas_3;6262.png
6263;CA_40_Pulse_3;6263.png
6265;CA_Suppressor_Whopper;6265.png
6266;CA_Plant_Liquid;6266.png
6267;CA_Syringe_0;6267.png
6268;CA_Syringe_1;6268.png
6269;CA_Syringe_2;6269.png
6270;CA_Cloth_Biohazard;6270.png
6271;CA_Albacore_Raw;6271.png
6272;CA_Albacore_Cooked;6272.png
6273;CA_BatRay_Raw;6273.png
6274;CA_BatRay_Cooked;6274.png
6275;CA_BigSkate_Raw;6275.png
6276;CA_BigSkate_Cooked;6276.png
6277;CA_Bonito_Raw;6277.png
6278;CA_Bonito_Cooked;6278.png
6279;CA_Flounder_Raw;6279.png
6280;CA_Flounder_Cooked;6280.png
6281;CA_Giant_Bass_Raw;6281.png
6282;CA_Giant_Bass_Cooked;6282.png
6283;CA_Halibut_Raw;6283.png
6284;CA_Halibut_Cooked;6284.png
6285;CA_Perch_Raw;6285.png
6286;CA_Perch_Cooked;6286.png
6287;CA_Rockfish_Raw;6287.png
6288;CA_Rockfish_Cooked;6288.png
6289;CA_Yellowtail_Raw;6289.png
6290;CA_Yellowtail_Cooked;6290.png
6291;CA_Porcupine_Raw;6291.png
6293;CA_Blenny_Raw;6293.png
6294;CA_Blenny_Cooked;6294.png
6295;CA_Rainbowfish_Raw;6295.png
6296;CA_Rainbowfish_Cooked;6296.png
6297;CA_Clownfish_Raw;6297.png
6298;CA_Clownfish_Cooked;6298.png
6299;CA_Lanternfish_Raw;6299.png
6300;CA_Lanternfish_Cooked;6300.png
6301;CA_Rod_Light;6301.png
6302;CA_Rod_Heavy;6302.png
6303;CA_Rod_Magnetic;6303.png
6304;CA_Rod_Ultra;6304.png
6305;CA_Rod_Proto;6305.png
6306;CA_Rod_Harvesting;6306.png
6307;CA_Rod_Kelly;6307.png
6308;CA_Mushroom_Shredded;6308.png
6309;CA_Anglerfish_Raw;6309.png
6310;CA_Arapaima_Raw;6310.png
6311;CA_Senegal_Raw;6311.png
6312;CA_Sturgeon_Raw;6312.png
6313;CA_Whalefish_Raw;6313.png
6314;CA_WolfEel_Raw;6314.png
6315;CA_Goldfish_Elite;6315.png
6316;CA_HammerheadShark_Raw;6316.png
6317;CA_LemonShark_Raw;6317.png
6318;CA_MegaMouthShark_Raw;6318.png
6319;CA_TigerShark_Raw;6319.png
6320;CA_WhiteShark_Raw;6320.png
6321;CA_Swordfish_Raw;6321.png
6322;CA_Swordfish_Cooked;6322.png
6323;CA_Anglerfish_Cooked;6323.png
6324;CA_Arapaima_Cooked;6324.png
6325;CA_Senegal_Cooked;6325.png
6326;CA_Sturgeon_Cooked;6326.png
6327;CA_Whalefish_Cooked;6327.png
6328;CA_WolfEel_Cooked;6328.png
6330;CA_HammerheadShark_Cooked;6330.png
6331;CA_LemonShark_Cooked;6331.png
6332;CA_MegaMouthShark_Cooked;6332.png
6333;CA_TigerShark_Cooked;6333.png
6334;CA_WhiteShark_Cooked;6334.png
6336;CA_Whale;6336.png
6337;CA_Whale_Albino;6337.png
6338;CA_Whale_Elite;6338.png
6339;CA_Seed_Apple;6339.png
6340;CA_Seed_Orange;6340.png
6341;CA_Seed_Grape;6341.png
6342;CA_Seed_Cotton;6342.png
6343;CA_Crate_Wood;6343.png
6344;CA_Crate_Metal;6344.png
6345;CA_Crate_Gold;6345.png
6346;CA_Rod_Parts;6346.png
6347;CA_Rod_Parts_Improved;6347.png
6348;CA_Bottled_Zestify;6348.png
6349;CA_NPC_Guitar;6349.png
6351;CA_Wildfire;6351.png
6354;CA_Sumendi;6354.png
6355;CA_Carton_Dragonfruit;6355.png
6356;CA_Carton_Guava;6356.png
6357;CA_Cantaloupe_Whole;6357.png
6358;CA_Cantaloupe_Half;6358.png
6359;CA_Cantaloupe_Slice;6359.png
6360;CA_Horde_Lure;6360.png
6361;CA_Horde_Beacon;6361.png
6362;CA_Case_Unbox_2;6362.png
6363;CA_Case_Spraypaint;6363.png
6364;CA_Spraypaint_ClassicBlack;6364.png
6365;CA_Spraypaint_ClassicBlue;6365.png
6366;CA_Spraypaint_ClassicGreen;6366.png
6367;CA_Spraypaint_ClassicOrange;6367.png
6368;CA_Spraypaint_ClassicPurple;6368.png
6369;CA_Spraypaint_ClassicRed;6369.png
6370;CA_Spraypaint_ClassicWhite;6370.png
6371;CA_Spraypaint_ClassicYellow;6371.png
6372;CA_Spraypaint_ClassicBronze;6372.png
6373;CA_Spraypaint_ClassicSilver;6373.png
6374;CA_Spraypaint_ClassicGold;6374.png
6375;CA_Spraypaint_ClassicRosegold;6375.png
6376;CA_Spraypaint_MilitaryBeige;6376.png
6377;CA_Spraypaint_MilitaryOlive;6377.png
6378;CA_Spraypaint_PMCBlack;6378.png
6379;CA_Spraypaint_CoalitionBlue;6379.png
6380;CA_Spraypaint_DodgerBlue;6380.png
6381;CA_Spraypaint_ChartreuseYellow;6381.png
6382;CA_Spraypaint_Onbrand;6382.png
6383;CA_Spraypaint_Offbrand;6383.png
6384;CA_Spraypaint_DebrisBrown;6384.png
6385;CA_Spraypaint_VermillinRed;6385.png
6386;CA_Spraypaint_ScorpionOrange;6386.png
6387;CA_Spraypaint_ClassicBeige;6387.png
6388;CA_Spraypaint_ClassicForest;6388.png
6389;CA_Spraypaint_ClassicUrban;6389.png
6390;CA_Spraypaint_RussianOlive;6390.png
6391;CA_Sokol;6391.png
6393;CA_BlackArrow;6393.png
6394;CA_BlackArrow_5;6394.png
6395;CA_8x_Scope;6395.png
6396;CA_16x_Scope;6396.png
6397;CA_Airdrop_Core;6397.png
6398;CA_Vulkan;6398.png
6400;CA_Maverick;6400.png
6401;CA_Buckshot_3;6401.png
6402;CA_Buckshot_7;6402.png
6403;CA_Aslan;6403.png
6405;CA_Chukavin;6405.png
6406;CA_Chukavin_10;6406.png
6409;CA_Ares_4x_Scope;6409.png
6410;CA_Ares_5.5x_Scope;6410.png
6411;CA_Vonya;6411.png
6412;CA_Trophy_Blackbear;6412.png
6413;CA_Trophy_Coyote;6413.png
6414;CA_Trophy_Deer_F;6414.png
6415;CA_Trophy_Deer_M;6415.png
6416;CA_Trophy_Fox;6416.png
6417;CA_Trophy_Goat;6417.png
6418;CA_Trophy_Grizzly;6418.png
6419;CA_Trophy_Raccoon;6419.png
6420;CA_Military_Top_5;6420.png
6421;CA_Military_Top_6;6421.png
6422;CA_Military_Bottom_6;6422.png
6423;CA_Mili_Vest_3_Empty;6423.png
6424;CA_Mili_Vest_3_Pouches;6424.png
6425;CA_Mili_Vest_3_Cargo;6425.png
6426;CA_Military_Helmet_3;6426.png
6427;CA_Gnome_Hat_0;6427.png
6428;CA_Gnome_Hat_1;6428.png
6429;CA_Gnome_Hat_2;6429.png
6430;CA_Gnome_Hat_3;6430.png
6431;CA_Gnome_Hat_4;6431.png
6432;CA_Gnome_Hat_5;6432.png
6433;CA_Gnome_Hat_6;6433.png
6434;CA_Gnome_Nose_0;6434.png
6435;CA_Gnome_Bottom_0;6435.png
6436;CA_Gnome_Top_0;6436.png
6437;CA_Gnome_Top_1;6437.png
6438;CA_Gnome_Top_2;6438.png
6439;CA_Gnome_Top_3;6439.png
6440;CA_Gnome_Top_4;6440.png
6441;CA_Gnome_Top_5;6441.png
6442;CA_Gnome_Top_6;6442.png
6443;CA_Gnome_Nose_1;6443.png
6444;CA_Gnome_Nose_2;6444.png
6445;CA_Gnome_Bottom_1;6445.png
6446;CA_Gnome_Bottom_2;6446.png
6447;CA_Gnome_Bottom_3;6447.png
6448;CA_Gnome_Bottom_4;6448.png
6449;CA_Gnome_Bottom_5;6449.png
6450;CA_Leprechaun_Hat_0;6450.png
6451;CA_Gnome_Nose_3;6451.png
6452;CA_Glasses;6452.png
6453;CA_Garden_Gnome_1;6453.png
6454;CA_Garden_Gnome_2;6454.png
6455;CA_Garden_Gnome_3;6455.png
6456;CA_Garden_Gnome_4;6456.png
6457;CA_Garden_Gnome_5;6457.png
6458;CA_Garden_Gnome_6;6458.png
6459;CA_Cake_1_0;6459.png
6460;CA_Cake_2_0;6460.png
6461;CA_Cake_3_0;6461.png
6462;CA_Cake_4_0;6462.png
6463;CA_Taco_0;6463.png
6464;CA_Taco_1;6464.png
6465;CA_Taco_2;6465.png
6466;CA_Watermelon_Whole;6466.png
6467;CA_Watermelon_Half;6467.png
6468;CA_Watermelon_Slice;6468.png
6470;CA_Richard_Bottom;6470.png
6471;CA_Richard_Spine;6471.png
6472;CA_Richard_Head;6472.png
6473;CA_Glasses_Richard;6473.png
6474;CA_Seed_Bag;6474.png
6475;CA_Case_Unbox_3;6475.png
6476;CA_Seed_Lavender;6476.png
6477;CA_Cotton;6477.png
6478;CA_Lavender;6478.png
6479;CA_Display_Small;6479.png
6480;CA_Plaque_Wood;6480.png
6481;CA_Plaque_Metal;6481.png
6482;CA_Door_Wood_1;6482.png
6483;CA_Door_Wood_2;6483.png
6484;CA_Door_Wood_3;6484.png
6485;CA_Door_Wood_4;6485.png
6486;CA_Door_Wood_5;6486.png
6487;CA_Moai;6487.png
6488;CA_Birdnest;6488.png
6489;CA_Roof_Hatched;6489.png
6490;CA_Hole_Wood_Triangle;6490.png
6491;CA_Hole_Sandstone_Triangle;6491.png
6492;CA_Hole_Scrap_Triangle;6492.png
6493;CA_Hole_Glass_Triangle;6493.png
6494;CA_Hole_Concrete_Triangle;6494.png
6495;CA_Platform_Wood;6495.png
6496;CA_Platform_Wood_Triangle;6496.png
6497;CA_Stool_Wood_0;6497.png
6498;CA_Stool_Wood_1;6498.png
6499;CA_Stool_Wood_2;6499.png
6500;CA_Stool_Wood_3;6500.png
6501;CA_Stool_Wood_4;6501.png
6502;CA_Stool_Wood_5;6502.png
6503;CA_Stool_Wood_6;6503.png
6504;CA_Stool_Wood_7;6504.png
6505;CA_Stool_Wood_8;6505.png
6506;CA_Stool_Wood_9;6506.png
6507;CA_Stool_Metal_0;6507.png
6508;CA_Stool_Metal_1;6508.png
6509;CA_Katana;6509.png
6510;CA_Half_Wood;6510.png
6511;CA_Half_Sandstone;6511.png
6512;CA_Half_Window_Sandstone;6512.png
6513;CA_Half_Scrap;6513.png
6514;CA_Half_Glass;6514.png
6515;CA_Half_Concrete;6515.png
6516;CA_Half_Hatched;6516.png
6517;CA_Painting_0;6517.png
6518;CA_Painting_1;6518.png
6519;CA_Painting_2;6519.png
6520;CA_Painting_3;6520.png
6521;CA_Painting_4;6521.png
6522;CA_Painting_5;6522.png
6523;CA_Painting_6;6523.png
6524;CA_Painting_7;6524.png
6525;CA_Painting_8;6525.png
6526;CA_Painting_9;6526.png
6527;CA_Sentry_Neutral;6527.png
6528;CA_Sentry_Gun;6528.png
6529;CA_Sentry_Parts_0;6529.png
6530;CA_Sentry_Parts_1;6530.png
6531;CA_Axle;6531.png
6532;CA_Car_Chair;6532.png
6533;CA_Car_Engine;6533.png
6534;CA_Car_Engine_High;6534.png
6535;CA_Catalytic_Converter;6535.png
6536;CA_Catalytic_Converter_High;6536.png
6537;CA_Gearbox;6537.png
6538;CA_Pistons;6538.png
6539;CA_Pistons_High;6539.png
6540;CA_Radiator;6540.png
6541;CA_Spark_Plug;6541.png
6542;CA_Steering_Wheel;6542.png
6543;CA_Sentry_Boss;6543.png
6544;CA_Military_Top_M_Pink;6544.png
6545;CA_Military_Bottom_M_Pink;6545.png
6546;CA_Military_Top_M_Blue;6546.png
6547;CA_Military_Top_M_Cyan;6547.png
6548;CA_Military_Top_M_Green;6548.png
6549;CA_Military_Top_M_Orange;6549.png
6550;CA_Military_Top_M_Purple;6550.png
6551;CA_Military_Top_M_Red;6551.png
6552;CA_Military_Top_M_Yellow;6552.png
6553;CA_Military_Bottom_M_Blue;6553.png
6554;CA_Military_Bottom_M_Cyan;6554.png
6555;CA_Military_Bottom_M_Green;6555.png
6556;CA_Military_Bottom_M_Orange;6556.png
6557;CA_Military_Bottom_M_Purple;6557.png
6558;CA_Metal_Raw_Stack;6558.png
6559;CA_Torch_Blue;6559.png
6560;CA_Torch_Green;6560.png
6561;CA_Torch_Purple;6561.png
6562;CA_Torch_Red;6562.png
6563;CA_Torch_White;6563.png
6564;CA_Torch_Yellow;6564.png
6565;CA_Platform_Hole_Wood;6565.png
6566;CA_Platform_Hole_Wood_Triangle;6566.png
6567;CA_Platform_Glass;6567.png
6568;CA_Platform_Glass_Triangle;6568.png
6569;CA_Platform_Scrap;6569.png
6570;CA_Platform_Scrap_Triangle;6570.png
6571;CA_Platform_Hole_Scrap;6571.png
6572;CA_Platform_Hole_Scrap_Triangle;6572.png
6573;CA_Platform_Concrete;6573.png
6574;CA_Platform_Concrete_Triangle;6574.png
6575;CA_Platform_Hole_Concrete;6575.png
6576;CA_Platform_Hole_Concrete_Triangle;6576.png
6577;CA_Platform_Sandstone;6577.png
6578;CA_Platform_Sandstone_Triangle;6578.png
6579;CA_Platform_Hole_Sandstone;6579.png
6580;CA_Platform_Hole_Sandstone_Triangle;6580.png
6581;CA_Campfire_Blue;6581.png
6582;CA_Campfire_Green;6582.png
6583;CA_Campfire_Purple;6583.png
6584;CA_Campfire_Red;6584.png
6585;CA_Campfire_White;6585.png
6586;CA_Campfire_Yellow;6586.png
6587;CA_Planter_Sandstone;6587.png
6588;CA_Ladder_Rope;6588.png
6589;CA_Military_Bottom_M_Red;6589.png
6590;CA_Military_Bottom_M_Yellow;6590.png
6596;CA_Trap_Tear_Gas;6596.png
6597;CA_Trap_Smoke;6597.png
6598;CA_Umbrella;6598.png
6599;CA_Bag_Hide;6599.png
6801;CA_Boomflower;6801.png
6802;CA_Case_Reactor_Stack;6802.png
6803;CA_Case_Cache42_Stack;6803.png
6804;CA_Case_BBunker_Stack;6804.png
6805;CA_Case_Mesadyne_Stack;6805.png
6806;CA_Case_Whitney_Stack;6806.png
6807;CA_Case_Barrel_Stack;6807.png
6808;CA_Case_Grip_Stack;6808.png
6809;CA_Case_Holo_Stack;6809.png
6810;CA_Case_Pistol_Stack;6810.png
6811;CA_Case_Scope_Stack;6811.png
6812;CA_Case_Skeleton_Stack;6812.png
6813;CA_Case_Civilian_Stack;6813.png
6814;CA_Painting_10;6814.png
6815;CA_Painting_11;6815.png
6816;CA_Painting_12;6816.png
6817;CA_Charge_Thermite;6817.png
6818;CA_Painting_13;6818.png
6819;CA_Pipebomb;6819.png
6820;CA_Charge_Satchel;6820.png
6821;CA_Jerome_Bottom;6821.png
6822;CA_Jackrabbit_Dead;6822.png
6823;CA_Rabbit_Dead;6823.png
6824;CA_Carpet_Jackrabbit;6824.png
6825;CA_Carpet_Rabbit;6825.png
6826;CA_Trophy_Jackrabbit;6826.png
6827;CA_Trophy_Rabbit;6827.png
6828;CA_Circuit_Stack_0;6828.png
6829;CA_Tech_Scrap_Stack;6829.png
6830;CA_Capacitor_Stack;6830.png
6831;CA_Gasmask_Zombie;6831.png
6832;CA_Rabbit_White_Dead;6832.png
6833;CA_Carpet_Rabbit_White;6833.png
6834;CA_Trophy_Rabbit_White;6834.png
6835;CA_Heart_Piece_0;6835.png
6836;CA_Grumotevitsa;6836.png
6837;CA_Meat_Heart_Raw;6837.png
6838;CA_Meat_Heart_Cooked;6838.png
6839;CA_Headlamp_Blue;6839.png
6840;CA_Headlamp_Green;6840.png
6841;CA_Headlamp_Orange;6841.png
6842;CA_Headlamp_Purple;6842.png
6843;CA_Headlamp_Red;6843.png
6844;CA_Headlamp_White;6844.png
6845;CA_Headlamp_Yellow;6845.png
6846;CA_Tactical_Laser_Blue;6846.png
6847;CA_Tactical_Laser_Green;6847.png
6848;CA_Tactical_Laser_Orange;6848.png
6849;CA_Tactical_Laser_Purple;6849.png
6850;CA_Tactical_Laser_White;6850.png
6851;CA_Tactical_Laser_Yellow;6851.png
6852;CA_Lava_Lamp_Blue;6852.png
6853;CA_Lava_Lamp_Cyan;6853.png
6854;CA_Lava_Lamp_Green;6854.png
6855;CA_Lava_Lamp_Orange;6855.png
6856;CA_Lava_Lamp_Pink;6856.png
6857;CA_Lava_Lamp_Purple;6857.png
6858;CA_Lava_Lamp_Red;6858.png
6859;CA_Lava_Lamp_White;6859.png
6860;CA_Lava_Lamp_Yellow;6860.png
6861;CA_Windchimes_0;6861.png
6862;CA_Crystal_0;6862.png
6863;CA_Crystal_1;6863.png
6864;CA_Crystal_2;6864.png
6865;CA_Crystal_3;6865.png
6866;CA_Crystal_4;6866.png
6867;CA_Crystal_5;6867.png
6868;CA_Crystal_6;6868.png
6869;CA_Biohazard_Top_Blue;6869.png
6870;CA_Biohazard_Top_Cyan;6870.png
6871;CA_Biohazard_Top_Green;6871.png
6872;CA_Biohazard_Top_Orange;6872.png
6873;CA_Biohazard_Top_Pink;6873.png
6874;CA_Biohazard_Top_Purple;6874.png
6875;CA_Biohazard_Top_Red;6875.png
6876;CA_Biohazard_Top_White;6876.png
6877;CA_Biohazard_Bottom_Blue;6877.png
6878;CA_Biohazard_Bottom_Cyan;6878.png
6879;CA_Biohazard_Bottom_Green;6879.png
6880;CA_Biohazard_Bottom_Orange;6880.png
6881;CA_Biohazard_Bottom_Pink;6881.png
6882;CA_Biohazard_Bottom_Purple;6882.png
6883;CA_Biohazard_Bottom_Red;6883.png
6884;CA_Biohazard_Bottom_White;6884.png
6885;CA_Biohazard_Mask_Blue;6885.png
6886;CA_Biohazard_Mask_Cyan;6886.png
6887;CA_Biohazard_Mask_Green;6887.png
6888;CA_Biohazard_Mask_Orange;6888.png
6889;CA_Biohazard_Mask_Pink;6889.png
6890;CA_Biohazard_Mask_Purple;6890.png
6891;CA_Biohazard_Mask_Red;6891.png
6892;CA_Biohazard_Mask_White;6892.png
6893;CA_Ghillie_Top_Grass_0;6893.png
6894;CA_Ghillie_Top_Grass_1;6894.png
6895;CA_Ghillie_Top_Grass_2;6895.png
6896;CA_Ghillie_Top_Grass_3;6896.png
6897;CA_Ghillie_Top_Grass_4;6897.png
6898;CA_Ghillie_Top_Snow;6898.png
6899;CA_Ghillie_Hood_Grass_0;6899.png
6900;CA_Ghillie_Hood_Grass_1;6900.png
6901;CA_Ghillie_Hood_Grass_2;6901.png
6902;CA_Ghillie_Hood_Grass_3;6902.png
6903;CA_Ghillie_Hood_Grass_4;6903.png
6904;CA_Ghillie_Hood_Snow;6904.png
6905;CA_Mattress;6905.png
6906;CA_Elegant_Top_0;6906.png
6907;CA_Elegant_Bottom_0;6907.png
6908;CA_Javelin;6908.png
6910;CA_Javelin_Ammo;6910.png
6913;CA_Drone_0;6913.png
6914;CA_Skeleton_Horizontal_Grip;6914.png
6915;CA_Printed_Forward_Grip;6915.png
6916;CA_Printed_Horizontal_Grip;6916.png
6917;CA_Printed_Vertical_Grip;6917.png
6918;CA_BasePlanner_Printed;6918.png
6919;CA_Canteen_Printed;6919.png
6920;CA_Carjack_Printed;6920.png
6921;CA_Carlockpick_Printed;6921.png
6922;CA_Gas_Can_Printed;6922.png
6923;CA_Gasmask_Printed;6923.png
6924;CA_GPS_Printed;6924.png
6925;CA_Socketwrench_Printed;6925.png
6926;CA_Walkie_Talkie_Printed;6926.png
6927;CA_Filter_Printed;6927.png
6928;CA_Binos_Printed_High;6928.png
6929;CA_Binos_Printed_Low;6929.png
6930;CA_3D_Printer;6930.png
6931;CA_Workstation_Weapon;6931.png
6932;CA_Suppressor_Federation;6932.png
6933;CA_Muzzle_Brake_Cone;6933.png
6934;CA_Muzzle_Brake_Slotted;6934.png
6935;CA_Piggy_0;6935.png
6936;CA_Piggy_1;6936.png
6937;CA_Bag_MRE_1;6937.png
6938;CA_Bag_MRE_2;6938.png
6939;CA_Cake_0_1;6939.png
6940;CA_Cake_0_2;6940.png
6941;CA_Cake_1_1;6941.png
6942;CA_Cake_1_2;6942.png
6943;CA_Cake_2_1;6943.png
6944;CA_Cake_2_2;6944.png
6945;CA_Cake_3_1;6945.png
6946;CA_Cake_3_2;6946.png
6947;CA_Cake_4_1;6947.png
6948;CA_Cake_4_2;6948.png
6949;CA_Pie_Pumpkin_1;6949.png
6950;CA_Pie_Pumpkin_2;6950.png
6951;CA_Overgrown_0;6951.png
6952;CA_Overgrown_1;6952.png
6953;CA_Overgrown_2;6953.png
6954;CA_Overgrown_3;6954.png
6955;CA_HMG_Jet;6955.png
6956;CA_Crate_Industrial_Wood;6956.png
6957;CA_Crate_Industrial_Metal;6957.png
6958;CA_Keycard_0_Stack;6958.png
6959;CA_Keycard_1_Stack;6959.png
6960;CA_Keycard_2_Stack;6960.png
6961;CA_Antiseptic_Stack;6961.png
6962;CA_Tablets_Stack;6962.png
6963;CA_Sentry_Boss_1;6963.png
6964;CA_Headlamp_Military;6964.png
6965;CA_Monarch_Frag_8;6965.png
6966;CA_Raufoss_Box;6966.png
6967;CA_Generator_Overclocked;6967.png
6968;CA_Flag_0;6968.png
6969;CA_Flag_1;6969.png
6970;CA_Flag_2;6970.png
6971;CA_Flag_3;6971.png
6972;CA_Sentry_Friendly;6972.png
6973;CA_Sentry_Hostile;6973.png
6974;CA_Oil;6974.png
6975;CA_Poster_0;6975.png
6976;CA_Poster_1;6976.png
6977;CA_Poster_2;6977.png
6978;CA_Poster_3;6978.png
6979;CA_Poster_4;6979.png
6980;CA_Poster_5;6980.png
6981;CA_Poster_6;6981.png
6982;CA_Poster_7;6982.png
6983;CA_Poster_8;6983.png
6984;CA_Poster_9;6984.png
6985;CA_Buckshot_Box;6985.png
6986;CA_Flechette_Box;6986.png
6987;CA_Dragon_Breath_Box;6987.png
6988;CA_Bicycle;6988.png
6989;CA_Flechette_3;6989.png
6990;CA_Flechette_7;6990.png
6991;CA_Dragon_Breath_3;6991.png
6992;CA_Dragon_Breath_7;6992.png
6993;CA_Speedloader_Flechette_5;6993.png
6994;CA_Speedloader_DBreath_5;6994.png
6995;CA_Dot_Sight_4_Sun;6995.png
6996;CA_Dot_Sight_5_Aimdot;6996.png
6997;CA_Painting_14;6997.png
6998;CA_Painting_15;6998.png
6999;CA_Painting_16;6999.png
7000;CA_Painting_17;7000.png
7001;CA_Painting_18;7001.png
7002;CA_Painting_19;7002.png
7003;CA_Leather_Top_0;7003.png
7004;CA_Leather_Bottom;7004.png
7005;CA_Airdrop_Stereo;7005.png
7006;CA_Trap_Glass;7006.png
7007;CA_Cinirite_Stack;7007.png
7008;CA_Hide_Top;7008.png
7009;CA_Hide_Bottom;7009.png
7011;CA_Money_5000;7011.png
7012;CA_Money_10000;7012.png
7013;CA_Tequila;7013.png
7014;CA_Gas_Can_2;7014.png
7015;CA_Money_1000;7015.png
7016;CA_Seed_Agave;7016.png
7017;CA_Syringe_3;7017.png
7018;CA_Syringe_4;7018.png
7019;CA_T_Flash_Stack;7019.png
7020;CA_T_Grenade_Stack;7020.png
7021;CA_T_BigSmoke_Stack;7021.png
7022;CA_T_Tear_Stack;7022.png
7023;CA_T_Molotov_Stack;7023.png
7024;CA_Sentry_Gun_Boss;7024.png
7025;CA_Zodiak;7025.png
7026;CA_Offroader_Upgraded;7026.png
7027;CA_Yukon_Upgraded;7027.png
7028;CA_Knight_Upgraded;7028.png
7029;CA_T_Smoke_Stack;7029.png
7030;CA_Sentry_Suppressor;7030.png
7031;CA_Painting_20;7031.png
7033;CA_Sentry_Low_Neutral;7033.png
7034;CA_Sentry_Low_Gun;7034.png
7035;CA_Sentry_Low_Hostile;7035.png
7035;M61_Box;dup/7035_2.png
7036;CA_Sentry_Low_Friendly;7036.png
7037;CA_Sentry_Parts_2;7037.png
7038;CA_Spraypaint_DodgerRed;7038.png
7039;CA_Spraypaint_DodgerYellow;7039.png
7040;CA_Spraypaint_DodgerPink;7040.png
7041;CA_Spraypaint_ClassicPink;7041.png
7042;CA_Gong;7042.png
7043;CA_Generator_Safezone;7043.png
7044;CA_Air_Bomb;7044.png
7045;CA_Bomb_Shell;7045.png
7046;CA_Barrier_Test;7046.png
7047;CA_GarageDoor_Wood;7047.png
7048;CA_GarageDoor_Scrap;7048.png
7049;CA_GarageDoor_Reinforced;7049.png
7050;CA_Seed_Agave_S;7050.png
7051;CA_Seed_Apple_S;7051.png
7052;CA_Seed_Carrot_S;7052.png
7053;CA_Seed_Corn_S;7053.png
7054;CA_Seed_Cotton_S;7054.png
7055;CA_Seed_Grape_S;7055.png
7056;CA_Seed_Lavender_S;7056.png
7057;CA_Seed_Lettuce_S;7057.png
7058;CA_Seed_Orange_S;7058.png
7059;CA_Seed_Potato_S;7059.png
7060;CA_Seed_Pumpkin_S;7060.png
7061;CA_Seed_Tomato_S;7061.png
7062;CA_Seed_Wheat_S;7062.png
7063;CA_Pie_Amber_1;7063.png
7064;CA_Pie_Amber_2;7064.png
7065;CA_Pie_Indigo_1;7065.png
7066;CA_Pie_Indigo_2;7066.png
7067;CA_Pie_Jade_1;7067.png
7068;CA_Pie_Jade_2;7068.png
7069;CA_Pie_Mauve_1;7069.png
7070;CA_Pie_Mauve_2;7070.png
7071;CA_Pie_Russet_1;7071.png
7072;CA_Pie_Russet_2;7072.png
7073;CA_Pie_Teal_1;7073.png
7074;CA_Pie_Teal_2;7074.png
7075;CA_Pie_Vermillion_1;7075.png
7076;CA_Pie_Vermillion_2;7076.png
7077;CA_Seed_Amber_S;7077.png
7078;CA_Seed_Indigo_S;7078.png
7079;CA_Seed_Jade_S;7079.png
7080;CA_Seed_Mauve_S;7080.png
7081;CA_Seed_Russet_S;7081.png
7082;CA_Seed_Teal_S;7082.png
7083;CA_Seed_Vermillion_S;7083.png
7084;CA_Merc_Vest_Armored;7084.png
7085;CA_Mili_Vest_0_Armored;7085.png
7086;CA_Mili_Vest_1_Armored;7086.png
7087;CA_Mili_Vest_2_Armored;7087.png
7088;CA_Mili_Vest_3_Armored;7088.png
7089;CA_Swat_Vest_Armored;7089.png
7090;CA_Armor_Plate;7090.png
7091;CA_HMG_Frag_60;7091.png
7092;CA_Dot_Sight_0_August;7092.png
7093;CA_Eclan_Scope;7093.png
7094;CA_Dot_Scope;7094.png
7095;CA_Avocado;7095.png
7096;CA_Seed_Avocado;7096.png
7097;CA_Seed_Avocado_S;7097.png
7098;CA_Palmov_G;7098.png
7099;CA_WaterTurret_Suppressor;7099.png
7100;CA_Diving_Top;7100.png
7101;CA_Diving_Bottom;7101.png
7102;CA_Rain_Hat;7102.png
7103;CA_Rain_Top;7103.png
7104;CA_Rain_Bottom;7104.png
7105;CA_Cards;7105.png
7106;CA_Roof_Hatched_Triangle;7106.png
7107;CA_Floor_Slip;7107.png
7108;CA_Roof_Slip;7108.png
7109;CA_Platform_Slip;7109.png
7110;CA_Ramp_Slip;7110.png
7111;CA_Cougar_Dead;7111.png
7112;CA_Trophy_Cougar;7112.png
7113;CA_Carpet_Cougar;7113.png
7114;CA_Frag_7;7114.png
7115;CA_Revolver_Magnum_Frag_5;7115.png
7116;CA_Bounce_Pants;7116.png
7117;CA_Fridge_0;7117.png
7118;CA_Fridge_1;7118.png
7119;CA_Fridge_2;7119.png
7120;CA_Fence_Wood_0;7120.png
7121;CA_Fence_Metal_0;7121.png
7122;CA_Fence_Metal_1;7122.png
7123;CA_Primal_Fence_0;7123.png
7124;CA_Primal_Fence_1;7124.png
7125;CA_Primal_Basket_0;7125.png
7126;CA_Primal_Basket_1;7126.png
7127;CA_Primal_Pile_0;7127.png
7128;CA_Primal_Pile_1;7128.png
7129;CA_Primal_Pile_2;7129.png
7130;CA_Primal_Torch_0;7130.png
7131;CA_Fence_Metal_2;7131.png
7132;CA_Fence_Sandstone;7132.png
7133;CA_Wall_Hatched;7133.png
7134;CA_Hide_Stack;7134.png
7135;CA_Leather_Stack;7135.png
7136;CA_Seapickle_Raw;7136.png
7137;CA_Rangefinder;7137.png
7138;CA_Sentry_Lab;7138.png
7139;CA_Sentry_Gun_Lab;7139.png
7140;CA_Sentry_Gun_Mag;7140.png
7141;CA_Morskoy;7141.png
7142;CA_Morskoy_20;7142.png
7143;CA_Charge_Cinirite;7143.png
7144;CA_Circuit_Board_1;7144.png
7145;CA_Circuit_Stack_1;7145.png
7146;CA_Seapickle_Cooked;7146.png
7147;CA_Sentry_Lab_Suppressor;7147.png
7148;CA_Filter_Stack_0;7148.png
7149;CA_Filter_Stack_1;7149.png
7150;CA_Sentry_L_Neutral;7150.png
7151;CA_Sentry_Gun_Laser;7151.png
7152;CA_Sentry_L_Hostile;7152.png
7153;CA_Sentry_L_Friendly;7153.png
7154;CA_Sentry_Item;7154.png
7155;CA_Barter_Icon;7155.png
7156;CA_Case_Underwater;7156.png
7157;CA_Banshee;7157.png
7158;CA_Banshee_40;7158.png
7159;CA_Case_Underwater_Stack;7159.png
7160;CA_Shadowstalker_Parts_0;7160.png
7161;CA_Shadowstalker_Parts_1;7161.png
7162;CA_SixSeven;7162.png
7163;CA_SixSeven_24;7163.png
7164;CA_Oven;7164.png
7165;CA_Rucksack_4;7165.png
7166;CA_Alicepack_4;7166.png
7167;CA_Alice_Rig_4;7167.png
7168;CA_Bag_Leather;7168.png
7169;CA_Rebreather_Blue;7169.png
7170;CA_Rebreather_Green;7170.png
7171;CA_Rebreather_Orange;7171.png
7172;CA_Rebreather_Purple;7172.png
7173;CA_Rebreather_Red;7173.png
7174;CA_Rebreather_White;7174.png
7175;CA_Rebreather_Yellow;7175.png
7176;CA_Roof_Wood_Half;7176.png
7177;CA_Roof_Hatched_Half;7177.png
7178;CA_Roof_Sandstone_Half;7178.png
7179;CA_Roof_Scrap_Half;7179.png
7180;CA_Roof_Slip_Half;7180.png
7181;CA_Roof_Glass_Half;7181.png
7182;CA_Roof_Concrete_Half;7182.png
7183;CA_Floor_Wood_Half;7183.png
7184;CA_Floor_Sandstone_Half;7184.png
7185;CA_Floor_Scrap_Half;7185.png
7186;CA_Floor_Slip_Half;7186.png
7187;CA_Floor_Concrete_Half;7187.png
7188;CA_Ramp_C_Wood_0;7188.png
7189;CA_Ramp_C_Wood_1;7189.png
7190;CA_Ramp_C_Sandstone_0;7190.png
7191;CA_Ramp_C_Sandstone_1;7191.png
7192;CA_Ramp_C_Scrap_0;7192.png
7193;CA_Ramp_C_Scrap_1;7193.png
7194;CA_Ramp_C_Glass_0;7194.png
7195;CA_Ramp_C_Glass_1;7195.png
7196;CA_Ramp_C_Concrete_0;7196.png
7197;CA_Ramp_C_Concrete_1;7197.png
7198;CA_Roof_Hatched_M;7198.png
7199;CA_Roof_Hatched_M_Half;7199.png
7200;CA_Wall_Hatched_M;7200.png
7201;CA_Half_Hatched_M;7201.png
7202;CA_Ramp_Sandstone_F;7202.png
7208;CA_Doorway_O_Wood;7208.png
7209;CA_Doorway_O_Sandstone;7209.png
7210;CA_Doorway_O_Scrap;7210.png
7211;CA_Doorway_O_Glass;7211.png
7212;CA_Doorway_O_Concrete;7212.png
7213;CA_Railing_Wood;7213.png
7214;CA_Railing_Half_Wood;7214.png
7215;CA_Railing_Metal;7215.png
7216;CA_Railing_Half_Metal;7216.png
7217;CA_Floor_Planter;7217.png
7218;CA_Floor_Planter_Triangle;7218.png
7219;CA_Floor_Planter_Half;7219.png
7220;CA_Roof_Planter;7220.png
7221;CA_Roof_Planter_Triangle;7221.png
7222;CA_Roof_Planter_Half;7222.png
7223;CA_Ramp_C_Sandstone_0_F;7223.png
7224;CA_Ramp_C_Sandstone_1_F;7224.png
7225;CA_Railing_M_Wood;7225.png
7226;CA_Railing_Half_M_Wood;7226.png
7227;CA_Railing_M_Metal;7227.png
7228;CA_Railing_Half_M_Metal;7228.png
7229;CA_Claim_Temporary_0;7229.png
7230;CA_Claim_Temporary_1;7230.png
7231;CA_T_Pulsenade_Stack;7231.png
7232;CA_Aquarium_Small;7232.png
7233;CA_Aquarium_Medium;7233.png
7234;CA_Aquarium_Large;7234.png
7235;CA_Roof_Hatched_M_Triangle;7235.png
7236;CA_Rag_Stack;7236.png
7237;CA_Bandage_Stack;7237.png
7238;CA_Dressing_Stack;7238.png
7239;CA_Antibiotics_Stack;7239.png
7240;CA_Painkillers_Stack;7240.png
7241;CA_Vitamins_Stack;7241.png
7242;CA_Splint_Stack;7242.png
7600;hat_up;7600.png
7601;hat_down;7601.png
7602;hat_1;7602.png
7603;hat_2;7603.png
7604;hat_3;7604.png
7605;hat_4;7605.png
7606;pants_1;7606.png
7607;pants_2;7607.png
7608;pants_3;7608.png
7609;pants_4;7609.png
7610;shirt_1;7610.png
7611;shirt_2;7611.png
7612;shirt_3;7612.png
7613;shirt_4;7613.png
7614;vest_1;7614.png
7615;vest_2;7615.png
7616;vest_3;7616.png
7617;vest_4;7617.png
7618;hat;7618.png
7619;pants;7619.png
7620;shirt;7620.png
7621;vest;7621.png
7622;hat;7622.png
7623;pants;7623.png
7624;shirt;7624.png
7625;vest;7625.png
7626;hat_2;7626.png
7627;hat;7627.png
7628;Mask;7628.png
7629;pants;7629.png
7630;shirt;7630.png
7631;vest;7631.png
8900;GilliShirts_OWL;8900.png
8901;GilliPants_OWL;8901.png
8902;GilliAlicepack;8902.png
8903;GilliCamping_pack;8903.png
8904;Gas_OWL;8904.png
8905;GilliSmersh1_OWL;8905.png
8906;GilliSmersh2_OWL;8906.png
8907;Altin_OWL;8907.png
8908;GilliAltin_OWL;8908.png
8909;GilliSinobih_OWL;8909.png
8910;Gllli_hats;8910.png
8911;Sinobih_OWL;8911.png
8912;PNVSinobih_OWL;8912.png
8913;PNV_OWL;8913.png
8914;Owl_Doc;8914.png
8950;ASVK;8950.png
8951;ASVK_mag;8951.png
8952;POSP-8x42b;8952.png
8953;ASVK-Bipod_0;8953.png
8954;ASVK-Bipod_1;8954.png
8955;ASVK_muzzle;8955.png
8956;ASVK_suppressor;8956.png
8960;Hecate-2;8960.png
8961;Hecate_mag;8961.png
8962;Hecate-Sight;8962.png
8963;Hecate-Bipod_0;8963.png
8964;Hecate-Bipod_1;8964.png
8970;Asval_0;8970.png
8971;Asval_1;8971.png
8972;Asval_mag;8972.png
8973;PSO;8973.png
9098;LTZ;9098.png
9101;FL_SA_X12;9101.png
9103;FL_SA_X8;9103.png
9108;FL_MG251_Smoke;9108.png
9109;FL_M325_0;9109.png
9111;FL_M338_0;9111.png
9112;FL_M339_0;9112.png
9114;M2-100Mag;9114.png
9115;M2-200Mag;9115.png
9116;M240;9116.png
9117;7,62x51mm-100mag;9117.png
9121;FL_3bm60_0;9121.png
9122;FL_3OF26_0;9122.png
9124;NSVT-50Mag;9124.png
9125;NSVT-100Mag;9125.png
9126;FL_3bk18m_0;9126.png
9127;FL_2a46_smoke_0;9127.png
9131;Mk258;9131.png
9135;3UBR6;9135.png
9136;3UOF8;9136.png
9137;9m113 Konkurs;9137.png
9138;9m113-Rokets;9138.png
9140;FL_PG-9_0;9140.png
9141;FL_OG-9_0;9141.png
9142;9m14_Malutka;9142.png
9143;9m14-Roket;9143.png
9145;C-8KO-Roket;9145.png
9153;Mk266;9153.png
9154;Hidra-Roket;9154.png
9155;m134_0;9155.png
9156;762x51_belt;9156.png
9157;Pkm;9157.png
9158;Pkm_box;9158.png
9160;50bmg-APS;9160.png
9161;50bmg-OFZ;9161.png
9166;CPVT-Mag;9166.png
9167;GH23-2;9167.png
9168;GH23-2-Box-He;9168.png
9169;GH23-2-Box-Ap;9169.png
9170;GH23-4;9170.png
9171;23-4OFZ;9171.png
9172;23-4UBR;9172.png
9175;9m114-Rokets;9175.png
9177;20mm-APS;9177.png
9178;20mm-OFZ;9178.png
9179;Fim-92_Stingers;9179.png
9181;BR-281U;9181.png
9182;OR-28U;9182.png
9191;9M22;9191.png
9193;15mm-APS;9193.png
9194;15mm-OFZ;9194.png
9195;Spike-LR;9195.png
9196;Spike-LR-Rokets;9196.png
9197;C-8KO-mi-8;9197.png
9200;12,7.108-APS;9200.png
9201;12,7.108-OFZ;9201.png
9207;9-A-45002;9207.png
9209;AIR_Pants_2;9209.png
9209;Mag_C-250;dup/9209_2.png
9210;AIR_Shirt;9210.png
9210;Avia_Ptur;dup/9210_2.png
9211;AIR_Pants;9211.png
9211;Avia_PturRokets;dup/9211_2.png
9212;AIR_Helmet;9212.png
9213;AIR_Vest;9213.png
9213;Mag_Fab-500;dup/9213_2.png
9214;AIR_Backpack;9214.png
9215;Mag_Cab-500;9215.png
9221;Solncepek;9221.png
9223;FL_3BBR412D;9223.png
9224;FL_3bm25;9224.png
9225;FL_OF412;9225.png
9226;FL_ZDZ;9226.png
9230;DM-21;9230.png
9232;105xAP;9232.png
9233;105xHEAT;9233.png
9234;105xHE;9234.png
9235;105xSmoke;9235.png
9236;MG-42;9236.png
9237;9m114-Term;9237.png
9241;D30-OF;9241.png
9243;FH70-OF;9243.png
9246;Mag_Bomb-500;9246.png
9248;30mm_Mirage;9248.png
9250;Mag_AR;9250.png
9255;OF-540;9255.png
9257;M107;9257.png
9261;Rapira_Snar;9261.png
9263;TOW;9263.png
9264;TOW_Rock;9264.png
9310;T-72-Trals;9310.png
9320;Kord_Items;9320.png
9352;Hidra-Roket_A;9352.png
9370;Rapira_Snar2;9370.png
9371;Rapira_Snar1;9371.png
9400;BK-BMP-1;9400.png
9401;BK-T-72;9401.png
9402;BK-BMP-2;9402.png
9403;BK-Mercava;9403.png
9404;BK-Namer-30;9404.png
9405;BK-Namer-APC;9405.png
9406;BK-T-55;9406.png
9408;BK-M109;9408.png
9409;BK-Leo;9409.png
9410;BK-2c3;9410.png
9413;PTRD-M;9413.png
9414;14.5MM;9414.png
9415;PTRD-Sight;9415.png
9416;Ptrd-Bipod_1;9416.png
9417;PTRD;9417.png
9418;Ptrd-Bipod_2;9418.png
9420;Grenade_Mig-Bomb;9420.png
9421;Grenade_Mig-Nuke;9421.png
9422;Binoculars;9422.png
9423;SightBino;9423.png
9424;N_Mig-Bombs;9424.png
9425;E_Mig-Bombs;9425.png
9426;NE_Mig-Bombs;9426.png
9430;Shield;9430.png
9431;Flag_EMIR;9431.png
9432;Flag_EMIR_damag;9432.png
9433;Flag_Alans;9433.png
9434;Flag_Alans_damag;9434.png
9435;Flag_UN;9435.png
9436;Flag_UN_damag;9436.png
9450;B-300;9450.png
9451;B300_Sight;9451.png
9455;LAW_Rocket;9455.png
9456;Panzer_Rocket;9456.png
9457;Panzer;9457.png
9458;Muha;9458.png
9460;RPG;9460.png
9461;RPG_scope;9461.png
9462;RPG_Cumulative;9462.png
9463;RPG_Frag;9463.png
9464;RPG_Tandem;9464.png
9645;RRP_50;9645.png
9646;RRP_100;9646.png
9647;RRP_500;9647.png
9648;RRP_1000_1;9648.png
9649;RRP_1000_2;9649.png
9650;RRP_2000;9650.png
9651;RRP_5000_1;9651.png
9690;RRP_5000_2;9690.png
9691;RRP_50000;9691.png
9692;RRP_100000;9692.png
9693;RRP_250000;9693.png
9694;RRP_500000;9694.png
9695;RRP_Moneybag;9695.png
9696;Military_Crate_Coalition;9696.png
9697;Military_Crate_Desert;9697.png
9698;Military_Crate_Forest;9698.png
9699;Military_Crate_Russia;9699.png
9700;Military_Crate_SpecOps;9700.png
9800;shirt;9800.png
9801;pants;9801.png
9802;hat;9802.png
9803;mask;9803.png
9804;hat;9804.png
9805;pants;9805.png
9806;shirt;9806.png
9981;Magazine_Minigun;9981.png
9986;Magazine_Minigun_Airburst;9986.png
9987;Spray_Arctic;9987.png
9988;Spray_Desert;9988.png
9989;Spray_Woodland;9989.png
9997;Magazine_Smoke;9997.png
10000;PS_Cobalt_Crystal_0;10000.png
10001;PS_Autoloader_Carousel_0;10001.png
10002;PS_Autoloader_Engine_0;10002.png
10003;PS_Autoloader_Memory_0;10003.png
10004;PS_LAW_0;10004.png
10005;PS_LAW_Rocket;10005.png
10006;PS_Autoloader_Memory_1;10006.png
10007;PS_PDW_0;10007.png
10008;PS_PDW_Sights;10008.png
10009;PS_Electric_Fence_0;10009.png
10011;PS_Weapon_Case_1;10011.png
10012;PS_Parts_Kit_DMR;10012.png
10013;PS_Parts_Kit_Focus;10013.png
10014;PS_Parts_Kit_PDW;10014.png
10015;PS_Parts_Kit_Trumper;10015.png
10016;PS_Parts_Kit_Sentinel;10016.png
10018;PS_Parts_Kit_K249;10018.png
10019;PS_Parts_Kit_MKP;10019.png
10020;PS_PRO90_3;10020.png
10021;PS_LMG_Shorty;10021.png
10022;PS_Sabot_Drum;10022.png
10023;PS_Adamantine_Sheet_Stack;10023.png
10024;PS_EOD_Vest;10024.png
10025;PS_EOD_Helmet_0;10025.png
10026;PS_EOD_Bottom_0;10026.png
10027;PS_EOD_Top;10027.png
10030;PS_HMG_Box;10030.png
10031;PS_HMG_Box_Training;10031.png
10032;PS_HMG_Box_HE;10032.png
10033;PS_HMG_Box_AP;10033.png
10034;PS_HMG_Item;10034.png
10035;PS_Plastic_Bundle;10035.png
10037;PS_Casings_Stack;10037.png
10038;PS_Zombie_NVG_1;10038.png
10040;PS_Precision_Box;10040.png
10045;PS_Ammo_Crate_5;10045.png
10046;PS_Icon_Bolts&Screws;10046.png
10047;PS_Icon_Aufus;10047.png
10048;PS_Icon_AV25_Shkiper;10048.png
10049;PS_Icon_BRDM;10049.png
10050;PS_Icon_BRDM_HMG;10050.png
10051;PS_Icon_BREM;10051.png
10052;PS_Icon_HEMTT_Box;10052.png
10053;PS_Icon_HEMTT_MLRS;10053.png
10054;PS_Icon_HH_6;10054.png
10055;PS_Icon_HH_6_HMG;10055.png
10056;PS_Icon_HH_6_HMG_Rockets;10056.png
10057;PS_Icon_HH_6_Rockets;10057.png
10058;PS_Icon_Humvee;10058.png
10059;PS_Icon_Humvee_HMG;10059.png
10060;PS_Icon_Humvee_Launcher;10060.png
10061;PS_Icon_IL-2;10061.png
10062;PS_Icon_IM_8;10062.png
10063;PS_Icon_IM_8_Armed;10063.png
10064;PS_Icon_Jengu;10064.png
10065;PS_Icon_M11_Bruno;10065.png
10066;PS_Icon_M61_Van;10066.png
10067;PS_Icon_M80_Jeep;10067.png
10068;PS_Icon_M80_Jeep_Rifle;10068.png
10069;PS_Icon_MBP;10069.png
10070;PS_Icon_Motorbike_0;10070.png
10071;PS_Icon_Motorbike_1;10071.png
10072;PS_Icon_Motorbike_2;10072.png
10073;PS_Icon_MYZ83;10073.png
10074;PS_Icon_Object_166;10074.png
10075;PS_Icon_Object_166_Full;10075.png
10076;PS_Icon_Odin;10076.png
10077;PS_Icon_Police_Truck;10077.png
10078;PS_Icon_Thunderbolt;10078.png
10079;PS_Icon_TK66;10079.png
10080;PS_Icon_URAL;10080.png
10081;PS_Icon_URAL_Rockets;10081.png
10082;PS_Icon_VB80;10082.png
10083;PS_Icon_Volot_Truck;10083.png
10084;PS_Icon_Volot_Truck_Technical;10084.png
10085;PS_Icon_XM_1;10085.png
10086;PS_Icon_XM_1_Armed;10086.png
10087;PS_Icon_Yota_Pickup;10087.png
10088;PS_Icon_Yota_Technical_0;10088.png
10089;PS_Icon_Yota_Technical_1;10089.png
10090;PS_Icon_Yota_Technical_2;10090.png
10091;PS_Icon_Yota_Technical_3;10091.png
10092;PS_Icon_ZAV-500;10092.png
10093;PS_Icon_ZUK-13;10093.png
10094;PS_Icon_ZUK-15;10094.png
10096;PS_Vertical_Grip;10096.png
10098;PS_USB_Stick;10098.png
10099;PS_Tools_Toolbox;10099.png
10100;PS_GPU_0;10100.png
10101;PS_8x_Scope_0;10101.png
10102;PS_Adaptive_Fire_Control_Module_0;10102.png
10103;PS_Adaptive_Fire_Control_Module_1;10103.png
10104;PS_Air_Filter_Mine;10104.png
10105;PS_Anvil;10105.png
10108;PS_Heavy_Supressor;10108.png
10109;PS_Battery_Acid;10109.png
10110;PS_Bipods_Close;10110.png
10111;PS_Casings_Stack;10111.png
10112;PS_Chem_Mixer;10112.png
10113;PS_Composite_Charge;10113.png
10114;PS_Covert_Mag_Extendo;10114.png
10115;PS_Crate_Secure;10115.png
10116;PS_Tools_Reloading_Tools;10116.png
10117;PS_Crayons;10117.png
10118;PS_CW_Keyer_0;10118.png
10119;PS_Decoction_0;10119.png
10120;PS_Dolla_Bills;10120.png
10121;PS_Door_Metal;10121.png
10122;PS_Electric_Detonator;10122.png
10123;PS_Fuse_White;10123.png
10124;PS_Floppy_3;10124.png
10128;PS_Garage_Gate;10128.png
10129;PS_Grenade_0;10129.png
10131;PS_Gummed_Tape_0;10131.png
10132;PS_Heavy_Vest_Mk1;10132.png
10133;PS_Herbal_Syrup_0;10133.png
10135;PS_Horizontal_Grip;10135.png
10136;PS_Hypervelocity_Box;10136.png
10137;PS_Hyper_Adrenaline;10137.png
10138;PS_Illegal_Gun_Parts;10138.png
10139;PS_Intermediate_Ammo_Package;10139.png
10140;PS_Iodine;10140.png
10142;PS_Keycard_0;10142.png
10143;PS_Lightbulb_0;10143.png
10144;PS_Metal_Sheet_Stack;10144.png
10145;PS_Military_Computer;10145.png
10146;PS_Military_Helmet_Heavy_0;10146.png
10148;PS_Military_Helmet_PMC_VisorDown;10148.png
10149;PS_Military_Ration;10149.png
10150;PS_Mini_Vertical_Grip;10150.png
10151;PS_Motor_Oil;10151.png
10152;PS_Nails;10152.png
10153;PS_Nightvision_Goggles_1;10153.png
10154;PS_Gasmask_0;10154.png
10155;PS_Oxygenator;10155.png
10156;PS_Painkillers_0;10156.png
10157;PS_Physical_Dogecoin;10157.png
10158;PS_Pistol_Suppressor;10158.png
10159;PS_Plastic_Roll;10159.png
10160;PS_PMC_Vest_Mk2;10160.png
10161;PS_Police_Vest_Mk2;10161.png
10162;PS_PSO_M_Scope;10162.png
10164;PS_Ranger_Ammo_Package;10164.png
10165;PS_Raw_Adamantine_Stack;10165.png
10166;PS_Red_Circuit_Board;10166.png
10167;PS_Regen_Stim;10167.png
10168;PS_Rucksack;10168.png
10169;PS_Rucksack_1;10169.png
10170;PS_Safe_Metal;10170.png
10171;PS_Saw_Blade;10171.png
10172;PS_Seed_Cloth;10172.png
10173;PS_Spray_Mili_Desert;10173.png
10174;PS_Spray_Mili_Green;10174.png
10175;PS_Spray_Mili_Olive;10175.png
10176;PS_Spray_Police_Green;10176.png
10177;PS_Stim_Injector_Regen_Stim;10177.png
10179;PS_T22_Drum;10179.png
10181;PS_Medkit_2;10181.png
10182;PS_Iridium_Traces;10182.png
10183;PS_Zolash_Mod_0;10183.png
10184;PS_AR_PRO;10184.png
10185;PS_Franchi;10185.png
10186;PS_GP28S;10186.png
10187;PS_GP460_3;10187.png
10188;PS_GROM;10188.png
10189;PS_Honeybee_Proto;10189.png
10190;PS_Kalakov_1;10190.png
10191;PS_Railgun;10191.png
10192;PS_Vermin;10192.png
10193;PS_TKB;10193.png
10194;PS_Tikhiy;10194.png
10195;PS_Storm;10195.png
10196;PS_AR20;10196.png
10197;PS_Icon_URAL_Quest;10197.png
10500;PS_C99_Gold;10500.png
10501;PS_HCG_3;10501.png
10502;PS_Muha;10502.png
10503;PS_Nikonov;10503.png
10504;PS_Airstrike_Flare;10504.png
10505;PS_Magbox_5;10505.png
10506;PS_Ranger_Scope_0;10506.png
10507;PS_LSR_Iron_Sight;10507.png
10508;PS_RPG_Iron_Sight;10508.png
10509;PS_Shishka_Scope;10509.png
10510;PS_K249_Box;10510.png
10511;PS_SPUN_Scope;10511.png
10512;PS_K249;10512.png
10513;PS_Weapon_Case_Bozar;10513.png
10514;PS_Magbox_4;10514.png
10515;PS_8x_Scope_2;10515.png
10516;PS_AR_Suppressor_0;10516.png
10517;PS_Bozar;10517.png
10518;PS_Bozar_30;10518.png
10519;PS_Precision_Mag_Drum;10519.png
10520;PS_XM1_AP_Missile;10520.png
10521;PS_Sentinel_K;10521.png
10522;PS_XM1_AP_Projectile;10522.png
10523;PS_XM1_HE_Missile;10523.png
10524;PS_Covert_Mag_Extendo;10524.png
10525;PS_XM1_HE_Projectile;10525.png
10526;PS_XM1_Shell;10526.png
10527;PS_Object_166_Shell;10527.png
10528;PS_Object_166_AP_Missile;10528.png
10529;PS_Horizontal_Grip_ESP;10529.png
10530;PS_Object_166_AP_Projectile;10530.png
10531;PS_Object_166_HE_Missile;10531.png
10532;PS_Horizontal_Grip_ESP_Tan;10532.png
10533;PS_Object_166_HE_Projectile;10533.png
10534;PS_UVS;10534.png
10535;PS_MGL_Nades_Toxic;10535.png
10536;PS_MGL_Nades_Gas;10536.png
10537;PS_USGL_Toxic;10537.png
10538;PS_USGL_Gas;10538.png
10539;PS_MLRS_Missiles;10539.png
10540;PS_Zolash_Short_Mag;10540.png
10541;PS_Zolash_Extendo_Mag_1;10541.png
10542;PS_12Gauge_Ammo_Box;10542.png
10543;PS_12Gauge_0;10543.png
10544;PS_Brut_12;10544.png
10545;PS_12Gauge_Ammo_Box;10545.png
10546;PS_12Gauge_0;10546.png
10547;PS_12Gauge_Frag_0;10547.png
10550;PS_AR_Large_Drum;10550.png
10551;PS_AR_Short_Mag;10551.png
10552;PS_GROM_Nades_Smoke;10552.png
10553;PS_GROM_Nades;10553.png
10556;PS_Trumper;10556.png
10557;PS_Shotgun_Suppressor;10557.png
10558;PS_GROM;10558.png
10559;PS_Schmeisser_Rust;10559.png
10560;PS_Windrunner_M92;10560.png
10561;PS_Paratrooper;10561.png
10562;PS_Flash;10562.png
10563;PS_Zolash_PMag;10563.png
10564;PS_Screws_Stack;10564.png
10565;PS_Airforce_Rockets_Box;10565.png
10566;PS_Mili_Shelfs_0;10566.png
10567;PS_Mili_Shelfs_1;10567.png
10568;PS_Precision_Mag;10568.png
10569;PS_Chainsaw;10569.png
10570;PS_Chainsaw_Mag;10570.png
10571;PS_Wood_Wall_Shelfs;10571.png
10572;PS_Metal_Wall_Shelfs;10572.png
10573;PS_Gasmask_0;10573.png
10574;PS_Flash_Rockets;10574.png
10575;PS_Flash_Scope;10575.png
10576;PS_Chevron_Scope_1;10576.png
10577;PS_RPG_Frag;10577.png
10578;PS_RPG_Tandem;10578.png
10579;PS_RPG_Thermobaric;10579.png
10580;PS_Airforce_Rockets;10580.png
10581;PS_MLRS_Missiles_Box;10581.png
10582;PS_Zolash_GL;10582.png
10583;PS_GRM40;10583.png
10584;PS_Zolash_Grip_1;10584.png
10585;PS_AR_Suppressor_1;10585.png
10586;PS_Bipods;10586.png
10587;PS_Bipods_Close;10587.png
10588;PS_Horizontal_Grip;10588.png
10590;PS_Horizontal_Grip_Tan;10590.png
10591;PS_Chainsaw_Admin;10591.png
10592;PS_Mini_Vertical_Grip;10592.png
10593;PS_Vertical_Grip;10593.png
10594;PS_Vertical_Grip_Tan;10594.png
10595;PS_Auger_Iron_Sight;10595.png
10596;PS_AR-20_Irons;10596.png
10597;PS_Groza_Scope;10597.png
10598;PS_Ammo_Crate_6;10598.png
10599;PS_Scalio_Iron_Sight;10599.png
10600;PS_Light_0;10600.png
10601;PS_Light_1;10601.png
10602;PS_Shotgun_Drum;10602.png
10604;PS_VOG_HE;10604.png
10605;PS_Flamethrower_Tank_0;10605.png
10606;PS_Nails_Nuts;10606.png
10607;PS_Bolts_Nuts;10607.png
10608;PS_SMG_Mag_Drum;10608.png
10609;PS_SMG_M_Mag_Extendo;10609.png
10610;PS_Zolash_Mag_Tracer_Black;10610.png
10611;PS_Auger;10611.png
10612;PS_Auger_Mod;10612.png
10613;PS_Auger_Mod_Smg;10613.png
10614;PS_VOG_Smoke;10614.png
10615;PS_Fal;10615.png
10617;PS_Le_Mas;10617.png
10618;PS_Zolash_Grip_2;10618.png
10619;PS_Groza;10619.png
10620;PS_Groza_S;10620.png
10621;PS_Banshee;10621.png
10622;PS_Old_Helmet;10622.png
10623;PS_Old_Rig_Vest;10623.png
10624;PS_Scailo;10624.png
10625;PS_PG25_Gl_Item;10625.png
10626;PS_Scailo_R;10626.png
10627;PS_Uzy_Pro;10627.png
10628;PS_Open_Crate_0;10628.png
10629;PS_Open_Crate_1;10629.png
10630;PS_Schmeisser_Mod;10630.png
10631;PS_Flamethrower;10631.png
10634;PS_LootBox_4;10634.png
10635;PS_AR_PRO;10635.png
10636;PS_Gold_Bar;10636.png
10637;PS_Briliant;10637.png
10640;PS_Weapon_Case_Windrunner;10640.png
10641;PS_Grenade_1;10641.png
10642;PS_AR_Muzzle;10642.png
10643;PS_Compact_Backpack_Green;10643.png
10644;PS_Coyote_Pack_Dark_Green;10644.png
10645;PS_Rucksak_Green;10645.png
10646;PS_Military_Cap_6;10646.png
10647;PS_Military_Cap_7;10647.png
10648;PS_Military_Helmet_Heavy_0;10648.png
10649;PS_Military_Helmet_Camo;10649.png
10650;PS_Military_Pants_6;10650.png
10651;PS_Military_Pants_7;10651.png
10652;PS_Military_Top_8;10652.png
10653;PS_Military_Top_9;10653.png
10654;PS_Soviet_Rig_Vest;10654.png
10655;PS_Soviet_Vest_Mk3;10655.png
10656;PS_Soviet_Vest_Mk3_Black;10656.png
10657;PS_Soviet_Vest_Mk3_Green;10657.png
10658;PS_LootBox_1;10658.png
10659;PS_LootBox_2;10659.png
10660;PS_LootBox_3;10660.png
10661;PS_Zolash_Drum_Gold;10661.png
10662;PS_Vertical_Grip_ESP;10662.png
10663;PS_Vertical_Grip_ESP_Tan;10663.png
10664;PS_Vertical_Grip_D;10664.png
10665;PS_Vertical_Grip_D_Tan;10665.png
10666;PS_AR-16_B;10666.png
10667;PS_Garage_Gate;10667.png
10668;PS_Bipods_Integrated;10668.png
10669;PS_Bipods_Integrated_Close;10669.png
10670;PS_Zolash_Grip_0;10670.png
10671;PS_Drago_0;10671.png
10672;PS_Drago_Gold;10672.png
10673;PS_Drago_Tac;10673.png
10674;PS_Adaptive_Fire_Control_Module_0;10674.png
10675;PS_Adaptive_Fire_Control_Module_1;10675.png
10676;PS_Hesko;10676.png
10677;PS_Barbed_Wire;10677.png
10680;PS_Blockade;10680.png
10681;PS_Grenade_Box_M67;10681.png
10683;PS_CheyTac;10683.png
10684;PS_L97;10684.png
10685;PS_Drachenzahn_Rust;10685.png
10686;PS_Drachenzahn;10686.png
10688;PS_Franchi;10688.png
10690;PS_Sentinel;10690.png
10691;PS_Bandana_4;10691.png
10692;PS_Vermin;10692.png
10693;PS_Focus_Scope;10693.png
10694;PS_Moderate_Mag;10694.png
10696;PS_Drachenzahn_Mag;10696.png
10697;PS_Zolash_Muzzle_1;10697.png
10711;PS_IL2_Bomb;10711.png
10726;PS_Smoke_Launcher;10726.png
10800;PS_Explosive_Compound_Stack;10800.png
10801;PS_Propellant_Stack;10801.png
10802;PS_M134_Barrel;10802.png
10803;PS_Punch_Card;10803.png
10804;PS_M134_Body;10804.png
10805;PS_M134_Parts;10805.png
10807;PS_RS50;10807.png
10808;PS_RS50L;10808.png
10809;PS_Revolver_Clip;10809.png
10811;PS_Fal_Mod;10811.png
10814;PS_Intermediate_Ammo_Package;10814.png
10815;PS_Gewehr;10815.png
10816;PS_8x_Scope_1;10816.png
10817;PS_Assault_Scope_1;10817.png
10818;PS_16x_Scope_1;10818.png
10819;PS_Overwatch_Scope_1;10819.png
10820;PS_Weapon_Case_MX8;10820.png
10821;PS_Military_Echolocator;10821.png
10824;PS_Detonator;10824.png
10827;PS_K249_Box_Frag;10827.png
10828;PS_Drachenzahn_Mod;10828.png
10829;PS_Drachenzahn_FRAG_Mag;10829.png
10830;PS_Ranger_Ammo_Box;10830.png
10831;PS_Ranger_Ammo_Package;10831.png
10832;PS_Kaiser;10832.png
10833;PS_M303_GL_Item;10833.png
10834;PS_Icon_Upgrade_0;10834.png
10835;PS_AR-16_GL;10835.png
10836;PS_GP28S;10836.png
10837;PS_Zolashka;10837.png
10838;PS_Panzer;10838.png
10839;PS_Panzer_Rocket;10839.png
10840;PS_USGL_HE;10840.png
10841;PS_USGL_Rubber;10841.png
10842;PS_MGL_Nades_Smoke;10842.png
10843;PS_USGL_Smoke;10843.png
10844;PS_Old_Hat;10844.png
10845;PS_Axe_Fire;10845.png
10846;PS_Firefighter_Helmet_0;10846.png
10847;PS_Firefighter_Helmet_1;10847.png
10848;PS_Old_Military_Top;10848.png
10849;PS_Firefighter_Top;10849.png
10850;PS_Old_Military_Pants;10850.png
10851;PS_Firefighter_Bottoms;10851.png
10852;PS_Hole_Metal_Side;10852.png
10853;PS_Hole_Wood_Side;10853.png
10854;PS_Ramp_Bricks_Inside;10854.png
10855;PS_Ramp_Metal_Inside;10855.png
10856;PS_Ramp_Metal_Red_Inside;10856.png
10857;PS_Ramp_Wood_Inside;10857.png
10858;PS_Ramp_Bricks_Outside;10858.png
10859;PS_Ramp_Metal_Outside;10859.png
10860;PS_Ramp_Metal_Red_Outside;10860.png
10861;PS_Ramp_Wood_Outside;10861.png
10862;PS_Ramp_Bricks_Side;10862.png
10863;PS_Ramp_Metal_Red_Side;10863.png
10864;PS_Ramp_Metal_Side;10864.png
10865;PS_Ramp_Wood_Side;10865.png
10866;PS_Ramp_Bricks_Triangle;10866.png
10867;PS_Ramp_Metal_Red_Triangle;10867.png
10868;PS_Ramp_Metal_Triangle;10868.png
10869;PS_Ramp_Wood_Triangle;10869.png
10870;PS_Roof_L_Bricks;10870.png
10871;PS_Roof_L_Glass;10871.png
10872;PS_Roof_L_Metal;10872.png
10873;PS_Roof_L_Metal_Red;10873.png
10874;PS_Roof_L_Wood;10874.png
10875;PS_U_Stairs_Bricks;10875.png
10876;PS_U_Stairs_Metal;10876.png
10877;PS_U_Stairs_Metal_Red;10877.png
10878;PS_U_Stairs_Wood;10878.png
10879;PS_Window_Bricks_Horizontal;10879.png
10880;PS_Window_Metal_Horizontal;10880.png
10881;PS_Window_Metal_Red_Horizontal;10881.png
10882;PS_Window_Wood_Horizontal;10882.png
10883;PS_Window_Bricks_Horizontal_Down;10883.png
10884;PS_Window_Metal_Horizontal_Down;10884.png
10885;PS_Window_Metal_Red_Horizontal_Down;10885.png
10886;PS_Window_Wood_Horizontal_Down;10886.png
10887;PS_Hole_Bricks_Side;10887.png
10888;PS_Hole_Metal_Red_Side;10888.png
10889;PS_AR_Grip_Iron_Sights;10889.png
10890;PS_Old_Cap;10890.png
10891;PS_Chem_Mixer;10891.png
10892;PS_Stim_Injector_Empty;10892.png
10893;PS_Stim_Injector_Regen_Stim;10893.png
10894;PS_Stim_Injector_Adrenaline;10894.png
10895;PS_Stim_Injector_Morphine;10895.png
10896;PS_SLAVA_Mod;10896.png
10897;PS_Razved;10897.png
10898;PS_MX8;10898.png
10899;PS_MX8_Scope;10899.png
10900;PS_Old_Officers_Top;10900.png
10901;PS_Old_Officers_Pants;10901.png
10902;PS_Sentinel_Scope;10902.png
10906;PS_Preview_Case;10906.png
10907;PS_Schmeisser;10907.png
10908;PS_Snake_P5;10908.png
10909;PS_Snake_P5_Mod;10909.png
10910;PS_Spray_Beige;10910.png
10911;PS_Spray_Blue;10911.png
10912;PS_Spray_Brown;10912.png
10913;PS_Spray_Dark_Red;10913.png
10914;PS_Spray_Gray;10914.png
10915;PS_Spray_Green;10915.png
10916;PS_Spray_Mili_Desert;10916.png
10917;PS_Spray_Mili_Green;10917.png
10918;PS_Spray_Mili_Olive;10918.png
10919;PS_Spray_Purple;10919.png
10920;PS_Spray_Red;10920.png
10921;PS_Spray_White;10921.png
10922;PS_Spray_Yellow;10922.png
10923;PS_Spray_Police_Green;10923.png
10924;PS_Trophy;10924.png
10925;PS_TX45_Iron_Sight;10925.png
10926;PS_Fishing_Box;10926.png
10927;PS_Makeshift_SMG;10927.png
10928;PS_Rod_Mod_Kit_0;10928.png
10929;PS_Storm;10929.png
10930;PS_Elka;10930.png
10931;PS_MT;10931.png
10932;PS_MT_Off;10932.png
10933;PS_Zolakov;10933.png
10934;PS_Zolakov_Mag;10934.png
10935;PS_Fish_Bait_0;10935.png
10936;PS_Fish_Bait_1;10936.png
10937;PS_Fish_Bait_2;10937.png
10938;PS_Fish_Bait_3;10938.png
10939;PS_Icon_Lock_0;10939.png
10940;PS_Crossbow;10940.png
10941;PS_Arrow_0;10941.png
10942;PS_Arrow_1;10942.png
10943;PS_Crossbow_Iron_Sight;10943.png
10944;PS_Gribin;10944.png
10945;PS_MLRS_Unit_0;10945.png
10946;PS_Medical_Unit_0;10946.png
10947;PS_VOG_Gas;10947.png
10948;PS_GROM_Nades_Gas;10948.png
10949;PS_Reflex_Sight;10949.png
10950;PS_Ranger_Scope_1;10950.png
10951;PS_Phantom_Scope_2;10951.png
10952;PS_Beret_0;10952.png
10953;PS_Beret_1;10953.png
10954;PS_Beret_2;10954.png
10955;PS_AR_PMag;10955.png
10956;PS_AR_PMag_Tan;10956.png
10957;PS_Heavy_Muzzle;10957.png
10958;PS_12Gauge_Ammo_Box;10958.png
10959;PS_Shotgun_Drum;10959.png
10960;PS_Fal_Irons;10960.png
10961;PS_Saltpeter_Stack;10961.png
10962;PS_Echolocator_Mag;10962.png
10963;PS_Sentry_Turret_AA;10963.png
10964;PS_Shotgun_Muzzle;10964.png
10965;PS_Headphones_0;10965.png
10966;PS_Headphones_1;10966.png
10967;PS_VOG_Toxic;10967.png
10968;PS_GROM_Nades_Toxic;10968.png
10969;PS_Multimeter;10969.png
10970;PS_Falcfire;10970.png
10971;PS_Falcfire_Rockets;10971.png
10975;PS_USGL_Box_HE;10975.png
10976;PS_Vog_Box_HE;10976.png
10977;PS_USGL_Box_Gas;10977.png
10978;PS_Vog_Box_Gas;10978.png
10979;PS_USGL_Box_Smoke;10979.png
10980;PS_Vog_Box_Smoke;10980.png
10981;PS_USGL_Box_Toxic;10981.png
10982;PS_Vog_Box_Toxic;10982.png
10983;PS_USGL_Box_Rubber;10983.png
10985;PS_Icon_Downgrade_0;10985.png
10986;PS_Molotov;10986.png
10987;PS_Springs;10987.png
10988;PS_Springs_Stack;10988.png
10989;PS_Floppy_Case_Black;10989.png
10990;PS_Floppy_Case_Blue;10990.png
10991;PS_Floppy_Case_Green;10991.png
10992;PS_Antiseptic_Stack;10992.png
10993;PS_Decoction_Stack;10993.png
10994;PS_Electric_Detonator_Stack;10994.png
10995;PS_Lens_Stack;10995.png
10996;PS_Metal_Pipes_Stack_0;10996.png
10997;PS_Roll_Of_Lead_Stack;10997.png
10998;PS_Rope_Stack;10998.png
10999;PS_Tea_Package_Stack;10999.png
11000;backpack;11000.png
11000;PS_Cobalt_Crystal_Stack;dup/11000_2.png
11001;hat;11001.png
11001;PS_MLRS_TOW;dup/11001_2.png
11002;hat_1;11002.png
11003;pants;11003.png
11004;pnv;11004.png
11005;shirt;11005.png
11006;shirt_1;11006.png
11007;vest;11007.png
11120;musicians1s;11120.png
11121;musicians1p;11121.png
11122;musicians1v;11122.png
11123;musicians1h;11123.png
11124;musicians1v2;11124.png
11125;musicians1h2;11125.png
11130;musicians2s;11130.png
11131;musicians2p;11131.png
11132;musicians2v;11132.png
11133;musicians2h;11133.png
11134;musicians2v2;11134.png
11135;musicians2h2;11135.png
11136;musicians2pnv;11136.png
11140;musicians3s;11140.png
11141;musicians3p;11141.png
11142;musicians3v;11142.png
11143;musicians3h;11143.png
11144;musicians3v2;11144.png
11145;musicians3h2;11145.png
11146;musicians3pnv;11146.png
11147;musicians3s2;11147.png
11150;musicians4s;11150.png
11151;musicians4p;11151.png
11153;musicians4h;11153.png
11154;musicians4v2;11154.png
11155;musicians4h2;11155.png
11156;musicians4pnv;11156.png
11156;Book_Black;dup/11156_2.png
11157;musicians4s2;11157.png
11157;Book_Blue;dup/11157_2.png
11158;Book_Green;11158.png
11159;Book_Orange;11159.png
11160;Book_Purple;11160.png
11161;Book_Red;11161.png
11162;Book_White;11162.png
11163;Book_Yellow;11163.png
11164;Newspaper;11164.png
11165;Newspaper_Stacked;11165.png
11166;Folder_Common;11166.png
11167;Folder_Military_Desert;11167.png
11168;Folder_Military_Forest;11168.png
11169;Folder_Military_German;11169.png
11170;Folder_Military_Russia;11170.png
11171;Folder_Military_Spec;11171.png
11172;Folder_Research;11172.png
11173;Folder_Research_Spec;11173.png
11174;Folder_Military_Coalition;11174.png
11440;snipers;11440.png
11441;sniperp;11441.png
11442;sniperv;11442.png
11443;sniperh;11443.png
11510;sinobis;11510.png
11511;sinobip;11511.png
11512;sinobiv;11512.png
11513;sinobih;11513.png
11514;sinobipnv;11514.png
11600;nns;11600.png
11601;nnp;11601.png
11602;nnv;11602.png
11603;nnh;11603.png
11604;nnm;11604.png
11605;nnpnv;11605.png
12100;AK_103_Custom;12100.png
12101;AK_Fab_Magazine;12101.png
12102;AK_Supressor;12102.png
12103;RK6_Grip;12103.png
12104;Laser;12104.png
12105;Eotech;12105.png
12106;M4A1_Sopmod2;12106.png
12107;M4A1_Magazine;12107.png
12108;Shift_Grip;12108.png
12109;Eotech_4x;12109.png
12110;QDSS_Suppressor;12110.png
12111;Holosun_Laser;12111.png
12112;M4_Muzzle;12112.png
12114;Eotech_1x;12114.png
12127;Robot Glasses;12127.png
12129;Robot Mask;12129.png
12133;Robot Pants;12133.png
12134;Robot Shirts;12134.png
12135;Robot Vest;12135.png
12137;Robot Hat;12137.png
12234;Robot ShirtsUSA;12234.png
12235;Robot VestUSA;12235.png
12241;14,5x114mm Ammo;12241.png
12460;Shirts;12460.png
12461;Pants;12461.png
12462;Vest;12462.png
12463;Hats;12463.png
12921;RQ-20_AMMO;12921.png
12922;RQ-20_Barricades;12922.png
13132;MLRS_Ammo;13132.png
13601;MCAF_Oochie;13601.png
13602;MCAF_Sleeping;13602.png
13604;MCAF_Ballistics_1;13604.png
13605;MCAF_Ballistics_2;13605.png
13659;MCAF_Campcot;13659.png
13660;MCAF_Concertina;13660.png
13820;sniperh;13820.png
13821;sniperp;13821.png
13822;snipers;13822.png
13823;sniperv;13823.png
13900;LA_Marlin_Spear_00;13900.png
14000;A10_Sight;14000.png
14002;GAU_250;14002.png
14010;Smoke Ammo-X4;14010.png
14110;Smoke Ammo-X6;14110.png
14210;Smoke Ammo-X8;14210.png
14300;Tank Rangefinder;14300.png
14500;gun;14500.png
14501;mag;14501.png
14502;suppressor;14502.png
14503;sight;14503.png
14504;grip;14504.png
15110;7,62x51mm Ammo;15110.png
15210;Hat;15210.png
15212;Shirt;15212.png
15213;Pants;15213.png
15214;Mask;15214.png
15215;Hat;15215.png
15216;Shirt;15216.png
15217;Pants;15217.png
15218;Mask;15218.png
15310;Leopard 2A6 20mm Ammo;15310.png
15410;M774 Ammo;15410.png
15411;M456A2 Ammo;15411.png
15501;mag;15501.png
15502;suppressor;15502.png
15503;sight;15503.png
15504;gun;15504.png
15510;Milan-2 Ammo;15510.png
15610;DM51A1 HEI-T;15610.png
15611;DM43 API-T;15611.png
15710;MK266-Ammo;15710.png
15711;PMC287-Ammo;15711.png
15850;Hat;15850.png
15851;Mask;15851.png
15852;Pants;15852.png
15853;Shirt;15853.png
15854;Hat;15854.png
15855;Mask;15855.png
15856;Pants;15856.png
15857;Shirt;15857.png
15910;BGM-71A TOW X2 Ammo;15910.png
16101;M329A1 Ammo;16101.png
16102;M830 Ammo;16102.png
16110;MIM146 Ammo;16110.png
16210;M792-Ammo;16210.png
16211;M919-Ammo;16211.png
16351;Juggernaut_Tan_Black_Helmet;16351.png
16352;Juggernaut_Tan_Black_Pants;16352.png
16353;Juggernaut_Tan_Black_Vest;16353.png
16354;Juggernaut_Tan_Black_Shirt;16354.png
16355;Juggernaut_Tan_Black_Mask;16355.png
16356;Juggernaut_Black_Helmet;16356.png
16357;Juggernaut_Black_Pants;16357.png
16358;Juggernaut_Black_Vest;16358.png
16359;Juggernaut_Black_Shirt;16359.png
16360;Juggernaut_Black_Mask;16360.png
16361;Juggernaut_Green_Black_Helmet;16361.png
16362;Juggernaut_Green_Black_Pants;16362.png
16363;Juggernaut_Green_Black_Vest;16363.png
16364;Juggernaut_Green_Black_Shirt;16364.png
16365;Juggernaut_Green_Black_Mask;16365.png
16500;Heavy Black;16500.png
16501;Heavy Blue;16501.png
16502;Heavy Green;16502.png
16503;Heavy Red;16503.png
16504;Lab Black;16504.png
16505;Lab Blue;16505.png
16506;Lab Green;16506.png
16507;Lab Red;16507.png
16508;Prison Black;16508.png
16509;Prison Blue;16509.png
16510;Prison Green;16510.png
16511;Prison Red;16511.png
16512;Standard Black;16512.png
16513;Standard Blue;16513.png
16514;Standard Green;16514.png
16515;Standard Red;16515.png
16651;Display;16651.png
16652;Display_Locked;16652.png
16653;Emitter_Fire;16653.png
16654;Emitter_Smoke;16654.png
16655;Emitter_Smoke_Black;16655.png
16656;Canvas;16656.png
16657;Canvas_Locked;16657.png
16715;alarmlightemitter;16715.png
16716;discolightemitter;16716.png
16717;earthblastemitter;16717.png
16718;energyorbemitter;16718.png
16719;firetwoemitter;16719.png
16720;fogtwoemitter;16720.png
16721;healsphereemitter;16721.png
16722;hologramdeadzoneemitter;16722.png
16723;hologramvoteserveremitter;16723.png
16724;markertwoemitter;16724.png
16725;smoketwoemitter;16725.png
16726;spellemitter;16726.png
16727;starrynightemitter;16727.png
16728;teleportemitter;16728.png
16729;toxicgasemitter;16729.png
16933;LA_P_Decal_00;16933.png
17500;gun;17500.png
17501;mag;17501.png
17502;suppressor;17502.png
17503;sight;17503.png
17504;grip;17504.png
17505;laser;17505.png
18601;Register;18601.png
18602;Cardboard;18602.png
18603;Barrel_Fuel;18603.png
18604;Dumpster;18604.png
18605;Cabinet;18605.png
18606;Chair_Birch;18606.png
18607;Chair_Maple;18607.png
18608;Chair_Pine;18608.png
18609;Chair_Metal;18609.png
18610;Dishwasher;18610.png
18611;Clothdryer;18611.png
18612;Clothwasher;18612.png
18613;Shelf_Sto_Birch;18613.png
18614;Shelf_Sto_Maple;18614.png
18615;Shelf_Sto_Pine;18615.png
18616;Shelf_Sto_Metal;18616.png
18617;Shelf_Dis_Birch;18617.png
18618;Shelf_Dis_Maple;18618.png
18619;Shelf_Dis_Pine;18619.png
18620;Shelf_Dis_Metal;18620.png
18621;Target;18621.png
18622;Mailbox;18622.png
18623;Doublebed;18623.png
18624;Doublebed_Blue;18624.png
18625;Doublebed_Green;18625.png
18626;Doublebed_Orange;18626.png
18627;Doublebed_Purple;18627.png
18628;Doublebed_Red;18628.png
18629;Doublebed_Yellow;18629.png
18630;Bed;18630.png
18631;Bed_Blue;18631.png
18632;Bed_Green;18632.png
18633;Bed_Orange;18633.png
18634;Bed_Purple;18634.png
18635;Bed_Red;18635.png
18636;Bed_Yellow;18636.png
18637;Chair_Office;18637.png
18638;Road_Block;18638.png
18639;Barrel_Traffic;18639.png
18641;Cement_Mixer;18641.png
18642;Computer;18642.png
18643;Monitor;18643.png
18644;Computer_Upgraded;18644.png
18645;Monitor_Upgraded;18645.png
18646;Laptop;18646.png
18647;Television;18647.png
18648;Television_Upgraded;18648.png
18649;Crate_Large_Birch;18649.png
18650;Crate_Large_Maple;18650.png
18651;Crate_Large_Pine;18651.png
18652;Crate_Small_Birch;18652.png
18653;Crate_Small_Maple;18653.png
18654;Crate_Small_Pine;18654.png
18655;Pallet_Birch;18655.png
18656;Pallet_Maple;18656.png
18657;Pallet_Pine;18657.png
18658;Sign_Board;18658.png
18659;Crate_Weapons_Forest;18659.png
18660;Crate_Weapons_Desert;18660.png
18661;Crate_Weapons_Russian;18661.png
18662;Crate_Weapons_Coalition;18662.png
18663;Carepackage_Static;18663.png
18664;Armory_Metal;18664.png
18665;Microscope;18665.png
18666;Scales;18666.png
18667;Lab_Tubes;18667.png
18668;Chair_Camp;18668.png
18669;Chair_Camp_Blue;18669.png
18670;Chair_Camp_Green;18670.png
18671;Chair_Camp_Orange;18671.png
18672;Chair_Camp_Purple;18672.png
18673;Chair_Camp_Red;18673.png
18674;Chair_Camp_Yellow;18674.png
18675;Hesco;18675.png
18676;Laptop_Upgraded;18676.png
18677;Pool_Table;18677.png
18678;Chair_Lawn;18678.png
18679;Dispenser_Coffee;18679.png
18680;Microwave;18680.png
18681;Telephone;18681.png
18682;Toaster;18682.png
18683;Lamp_Table;18683.png
18684;Barbecue;18684.png
18685;Case_Violin;18685.png
18686;Cooler_Water;18686.png
18687;Radio_Military;18687.png
18921;ORLAN-10_AMMO;18921.png
18922;ORLAN-10_Barricades;18922.png
19000;PS_Metal_Fragments;19000.png
19001;PS_Glass_Fragments;19001.png
19002;PS_Cloth_Fragments;19002.png
19003;PS_Blowtorch;19003.png
19004;PS_Hammer;19004.png
19005;PS_Pocketknife;19005.png
19006;PS_Saw;19006.png
19007;PS_Copper_Wire;19007.png
19008;PS_Copper_Coil;19008.png
19009;PS_Metal_Bar;19009.png
19010;PS_Metal_Parts;19010.png
19011;PS_Metal_Sheet;19011.png
19012;PS_Mug;19012.png
19013;PS_Plate;19013.png
19014;PS_Antiseptic;19014.png
19015;PS_Camera;19015.png
19016;PS_Electronics;19016.png
19017;PS_Lens;19017.png
19018;PS_Lighter;19018.png
19019;PS_AR_Mag_Frag;19019.png
19021;PS_Radio;19021.png
19022;PS_Shell_HE;19022.png
19023;PS_RC_Controller;19023.png
19024;PS_Saltpeter;19024.png
19025;PS_Sugar;19025.png
19026;PS_TV_Remote;19026.png
19027;PS_Walkie-Talkie;19027.png
19028;PS_Plastic_Fragments;19028.png
19029;PS_Baking_Pan;19029.png
19030;PS_Empty_Jar;19030.png
19031;PS_Fork;19031.png
19032;PS_Butter_Knife;19032.png
19033;PS_Spork;19033.png
19034;PS_Coffee_Pot;19034.png
19035;PS_Cooking_Pot;19035.png
19036;PS_Electric_Detonator;19036.png
19037;PS_Computer_Mouse;19037.png
19038;PS_Computer_Keyboard;19038.png
19039;PS_Cable;19039.png
19040;PS_Dumbbell;19040.png
19041;PS_USB_Stick;19041.png
19042;PS_Hard_Drive;19042.png
19043;PS_Paper_Towel;19043.png
19044;PS_Key;19044.png
19045;PS_Candy;19045.png
19046;PS_Canned_Beans;19046.png
19047;PS_Canned_Chicken;19047.png
19048;PS_Canned_Dog_Food;19048.png
19049;PS_Canned_Fish;19049.png
19050;PS_Canned_Fish_1;19050.png
19051;PS_Canned_Fruit;19051.png
19052;PS_DRTP_Part_0;19052.png
19053;PS_Crackers;19053.png
19054;PS_Canteen;19054.png
19055;PS_DRTP_Part_1;19055.png
19056;PS_Bottled_Water;19056.png
19057;PS_Deagle_Auto;19057.png
19058;PS_Fish_Crackers;19058.png
19059;PS_Military_Ration;19059.png
19060;PS_Mortar_HE_Charge;19060.png
19061;PS_Mortar_Incendiary_Charge;19061.png
19062;PS_Meat_Raw;19062.png
19063;PS_Meat_Cooked;19063.png
19064;PS_Jeans_0;19064.png
19065;PS_Jeans_1;19065.png
19066;PS_Jeans_2;19066.png
19067;PS_Pants_0;19067.png
19068;PS_Pants_1;19068.png
19069;PS_Pants_2;19069.png
19070;PS_Tracksuit_Bottom_0;19070.png
19071;PS_Tracksuit_Bottom_1;19071.png
19072;PS_Tracksuit_Bottom_2;19072.png
19073;PS_Baseball_Jacket_0;19073.png
19074;PS_Baseball_Jacket_1;19074.png
19075;PS_Baseball_Jacket_2;19075.png
19076;PS_Hoodie_0;19076.png
19077;PS_Hoodie_1;19077.png
19078;PS_Hoodie_2;19078.png
19079;PS_Hoodie_3;19079.png
19080;PS_Hoodie_4;19080.png
19081;PS_Jacket_0;19081.png
19082;PS_Jacket_1;19082.png
19083;PS_Jacket_2;19083.png
19084;PS_Jacket_3;19084.png
19085;PS_Jacket_4;19085.png
19086;PS_Jacket_5;19086.png
19087;PS_Tracksuit_Top_0;19087.png
19088;PS_Tracksuit_Top_1;19088.png
19089;PS_Tracksuit_Top_2;19089.png
19090;PS_Military_Pants_0;19090.png
19091;PS_Military_Top_0;19091.png
19092;PS_Military_Top_1;19092.png
19093;PS_Military_Top_2;19093.png
19094;PS_Camping_Pack;19094.png
19095;PS_Compact_Backpack;19095.png
19096;PS_Coyote_Pack_Gray;19096.png
19097;PS_Coyote_Pack_Green;19097.png
19098;PS_Coyote_Pack_Tan;19098.png
19099;PS_Knapsack_Blue;19099.png
19100;PS_Knapsack_Green;19100.png
19101;PS_Knapsack_Pink;19101.png
19102;PS_Knapsack_Red;19102.png
19103;PS_Knapsack_Yellow;19103.png
19104;PS_Rucksack;19104.png
19105;PS_Shell_AP;19105.png
19106;PS_Beanie_0;19106.png
19107;PS_Beanie_1;19107.png
19108;PS_Beanie_2;19108.png
19109;PS_Beanie_3;19109.png
19110;PS_Beanie_4;19110.png
19111;PS_Beanie_5;19111.png
19112;PS_Fishing_Hat_0;19112.png
19113;PS_Fishing_Hat_1;19113.png
19114;PS_Fishing_Hat_2;19114.png
19115;PS_Fishing_Hat_3;19115.png
19117;PS_Military_Cap;19117.png
19118;PS_Ski_Mask_0;19118.png
19119;PS_Ski_Mask_1;19119.png
19120;PS_Ski_Mask_2;19120.png
19121;PS_Ski_Mask_3;19121.png
19122;PS_Ski_Mask_4;19122.png
19123;PS_Fishing_Vest_0;19123.png
19124;PS_Fishing_Vest_1;19124.png
19125;PS_Fishing_Vest_2;19125.png
19126;PS_Fishing_Vest_3;19126.png
19127;PS_Soviet_Vest_Mk1;19127.png
19128;PS_Soviet_Vest_Mk2;19128.png
19129;PS_Gas;19129.png
19130;PS_Oil;19130.png
19131;PS_Kerosene;19131.png
19132;PS_Trumpet;19132.png
19133;PS_AN_Fertilizer;19133.png
19134;PS_Plane_Bombs_Box;19134.png
19135;PS_Crab_0;19135.png
19137;PS_Fishy_0;19137.png
19138;PS_Fishy_1;19138.png
19140;PS_Fishy_3;19140.png
19141;PS_Lobster_0;19141.png
19142;PS_Fishy_4;19142.png
19143;PS_DRTP_Bullet;19143.png
19144;PS_DRTP_0;19144.png
19145;PS_Stim_Injector_Acid;19145.png
19146;PS_Handcuffs_Lock;19146.png
19147;PS_Handcuffs_Key;19147.png
19148;PS_Police_Pants_0;19148.png
19149;PS_Police_Top_0;19149.png
19150;PS_Police_Top_1;19150.png
19151;PS_Balaclava_0;19151.png
19152;PS_Police_Cap;19152.png
19153;PS_Police_Helmet;19153.png
19154;PS_Police_Vest_Mk1;19154.png
19155;PS_Military_Helmet_Soviet;19155.png
19156;PS_Cloth_Vest_0;19156.png
19157;PS_Cloth_Vest_1;19157.png
19158;PS_Cloth_Vest_2;19158.png
19159;PS_Pants_4;19159.png
19160;PS_Pants_5;19160.png
19161;PS_Military_Cap_1;19161.png
19162;PS_Lubricant;19162.png
19168;PS_Camp_Axe;19168.png
19169;PS_Sledge;19169.png
19170;PS_Bandage_0;19170.png
19171;PS_Bandage_1;19171.png
19172;PS_Dressing;19172.png
19173;PS_Rag;19173.png
19174;PS_Iodine;19174.png
19175;PS_Splint;19175.png
19176;PS_Cotton_Balls;19176.png
19177;PS_Tweezers;19177.png
19178;PS_Spoon;19178.png
19179;PS_Toaster;19179.png
19180;PS_Spoon_Gold;19180.png
19181;PS_Rolling_Pin;19181.png
19182;PS_Crayons;19182.png
19183;PS_Pants_3;19183.png
19184;PS_Jacket_6;19184.png
19185;PS_Hoodie_5;19185.png
19186;PS_Hoodie_6;19186.png
19187;PS_Shirt_0;19187.png
19188;PS_Shirt_1;19188.png
19189;PS_Shirt_2;19189.png
19190;PS_Shirt_3;19190.png
19191;PS_Shirt_4;19191.png
19193;PS_Plane_Bomb;19193.png
19195;PS_MG_Cassette_0;19195.png
19196;PS_Phone;19196.png
19197;PS_Natural_Fertilizer;19197.png
19198;PS_Homemade_Explosives;19198.png
19199;PS_Homemade_Charge;19199.png
19200;PS_Suitcase;19200.png
19201;PS_Log;19201.png
19202;PS_Plank;19202.png
19203;PS_Doorway_Wood;19203.png
19204;PS_Floor_Wood;19204.png
19205;PS_Floor_Wood_Triangle;19205.png
19206;PS_Ramp_Wood;19206.png
19207;PS_Wall_Wood;19207.png
19208;PS_Post_Wood;19208.png
19209;PS_Pillar_Wood;19209.png
19210;OFZ-BT-Ammo;19210.png
19210;PS_Hole_Wood;dup/19210_2.png
19211;BPS-Ammo;19211.png
19211;PS_Garage_Wood;dup/19211_2.png
19212;PS_Rampart_Wood;19212.png
19213;PS_Roof_Wood;19213.png
19214;PS_Roof_Wood_Triangle;19214.png
19215;PS_Stairs_Wood;19215.png
19216;PS_Hole_Triangle_Wood;19216.png
19217;PS_Window_Wood;19217.png
19218;PS_Bedroll_White;19218.png
19219;PS_Spikes_Wood;19219.png
19220;PS_Crate_Wood;19220.png
19221;PS_Glass_Hardened;19221.png
19222;PS_Door_Wood;19222.png
19223;PS_Door_Metal;19223.png
19224;PS_Gate_Wood;19224.png
19225;PS_Gate_Metal;19225.png
19226;PS_Hatch_Wood;19226.png
19227;PS_Ladder_Wood;19227.png
19228;PS_Ladder_Metal;19228.png
19229;PS_Potato;19229.png
19230;PS_Seed_Potato;19230.png
19231;PS_Campfire;19231.png
19232;PS_Bomb_Charge_0;19232.png
19233;PS_Hatch_Metal;19233.png
19234;PS_Tomato;19234.png
19235;PS_Seed_Tomato;19235.png
19236;PS_Propane_Tank;19236.png
19237;PS_Watering_Can;19237.png
19239;PS_Phone;19239.png
19240;PS_Clock;19240.png
19241;PS_Nails;19241.png
19242;PS_Tomato_Jar;19242.png
19243;PS_Asparagus;19243.png
19244;PS_Asparagus_Jar;19244.png
19246;PS_Target_Ammo_Box;19246.png
19247;PS_PG22;19247.png
19248;PS_Low_Tier_Gun_Parts_0;19248.png
19249;PS_T22;19249.png
19250;PS_T22_10;19250.png
19251;PS_T22_30;19251.png
19252;PS_T22_Drum;19252.png
19253;PS_Minefield_Landmine;19253.png
19254;PS_Razor_Wire_0;19254.png
19255;PS_Razor_Wire_1;19255.png
19256;PS_Doorway_Wood_1;19256.png
19257;PS_Adamantine_Sheet;19257.png
19258;PS_PG22S;19258.png
19259;PS_AR20;19259.png
19260;PS_AR_Mag;19260.png
19261;PS_AR20_Holo;19261.png
19262;PS_High_Tier_Gun_Parts_0;19262.png
19263;PS_Intermediate_Ammo_Box;19263.png
19264;PS_Rescue_Saw;19264.png
19267;PS_Homemade_Charge_1;19267.png
19268;PS_Homemade_Charge_2;19268.png
19269;PS_Homemade_Charge_3;19269.png
19270;PS_Homemade_Charge_Pro;19270.png
19271;PS_Zolash_Bolt;19271.png
19272;PS_Nailgun_Mag_S;19272.png
19273;PS_Currency_Gold_2;19273.png
19274;PS_AR-16_Nail;19274.png
19275;PS_Broken_Saw;19275.png
19276;PS_Saw_Blade;19276.png
19277;PS_Motor_Oil;19277.png
19278;PS_Engine_Chain;19278.png
19279;PS_Fuse_White;19279.png
19280;PS_Turbo;19280.png
19281;PS_Air_Filter_Cover;19281.png
19282;PS_Head_Gasket_0;19282.png
19283;PS_Suspension_Spring;19283.png
19284;PS_Piston;19284.png
19285;PS_Car_Engine;19285.png
19286;PS_Car_Battery;19286.png
19287;PS_Shovel;19287.png
19288;PS_Magnum_Ammo_Box;19288.png
19289;PS_Pass_Mag;19289.png
19290;PS_Colt;19290.png
19291;PS_Subsonic_Ammo_Box;19291.png
19292;PS_HoneyB_Mag;19292.png
19293;PS_HoneyB_Irons;19293.png
19294;PS_Honeybee;19294.png
19295;PS_Hair_0;19295.png
19296;PS_Hoodie_7;19296.png
19297;PS_Pistol_Holo_0;19297.png
19298;PS_Pistol_Muzzle;19298.png
19299;PS_Falcfire_Rust;19299.png
19300;PS_Hunting_Scope;19300.png
19301;PS_Smg_Muzzle;19301.png
19302;PS_Pakol_0;19302.png
19303;PS_Pakol_1;19303.png
19304;PS_Pakol_2;19304.png
19305;PS_Pakol_3;19305.png
19306;PS_Pakol_4;19306.png
19307;PS_Pakol_5;19307.png
19308;PS_Turban_0;19308.png
19309;PS_Drakonov_0;19309.png
19310;PS_Kobra_Sight_0;19310.png
19311;PS_Hypervelocity_Box;19311.png
19312;PS_Drakonov_10;19312.png
19313;PS_PSO_Scope;19313.png
19314;PS_Zolash_0;19314.png
19315;PS_Zolash_Mag;19315.png
19316;PS_HyperAmmo_5;19316.png
19317;PS_VAN98;19317.png
19318;PS_Bluesteel_Scope;19318.png
19319;PS_WKM_Mag;19319.png
19320;PS_WKM_0;19320.png
19321;PS_Assault_Scope_0;19321.png
19322;PS_Zolash_1;19322.png
19323;PS_Zolash_2;19323.png
19324;PS_Zolash_Suppressor;19324.png
19325;PS_Swift_Box;19325.png
19326;PS_Swift_Mag;19326.png
19327;PS_Burette;19327.png
19328;PS_Pistol_Suppressor;19328.png
19329;PS_Kasov;19329.png
19330;PS_Uzy;19330.png
19331;PS_SMG_Mag;19331.png
19332;PS_AR-16_0;19332.png
19333;PS_AR-16_Irons;19333.png
19334;PS_Pants_6;19334.png
19335;PS_Pants_7;19335.png
19336;PS_Pants_8;19336.png
19337;PS_Shirt_5;19337.png
19338;PS_Shirt_6;19338.png
19339;PS_Shirt_7;19339.png
19340;PS_PMC_Vest_Mk1;19340.png
19341;PS_Military_Cap_2;19341.png
19342;PS_Illegal_Gun_Parts;19342.png
19343;PS_T22_A;19343.png
19344;PS_Military_Helmet_PMC;19344.png
19345;PS_Nightvision_Goggles_0;19345.png
19346;PS_Bandana_0;19346.png
19348;PS_GP460_0;19348.png
19349;PS_Halotech_Scope_0;19349.png
19350;PS_Broken_NVGs_0;19350.png
19351;PS_Photocathodes;19351.png
19352;PS_Photomultiplier_Tubes;19352.png
19353;PS_Diving_Mask_0;19353.png
19355;PS_Hyper_Adrenaline;19355.png
19356;PS_Regen_Stim;19356.png
19357;PS_RPG_Cumulative;19357.png
19358;PS_RPG;19358.png
19359;PS_RPG_Scope;19359.png
19360;PS_Box_Planter;19360.png
19361;PS_RC_Car_Red;19361.png
19362;PS_RC_Car_Blue;19362.png
19363;PS_RC_Car_Green;19363.png
19364;PS_RC_Car_Yellow;19364.png
19365;PS_RC_Car_Orange;19365.png
19366;PS_RC_Car_Purple;19366.png
19368;PS_Tikhiy;19368.png
19369;PS_Alum_Leaves;19369.png
19370;PS_Clove_Leaves;19370.png
19371;PS_TKB;19371.png
19372;PS_Scissors;19372.png
19373;PS_Balisong_0;19373.png
19374;PS_Tools_Reloading_Tools;19374.png
19375;PS_Tools_Rewire_Kit;19375.png
19376;PS_Tools_Toolbox;19376.png
19377;PS_Propellant_0;19377.png
19378;PS_Explosive_Compound_0;19378.png
19382;PS_Kalakov_0;19382.png
19383;PS_Halotech_Sight_0;19383.png
19384;PS_Halotech_Sight_1;19384.png
19385;PS_RPG_Parts_0;19385.png
19386;PS_RPG_Parts_1;19386.png
19387;PS_RPG_Parts_2;19387.png
19388;PS_MGL_Nades_Rubber;19388.png
19389;PS_MGL_0;19389.png
19390;PS_MGL_Nades_HE;19390.png
19391;PS_Nemesis_5;19391.png
19392;PS_Nemesis_0;19392.png
19393;PS_8x_Scope_0;19393.png
19394;PS_Canned_Soda_0;19394.png
19395;PS_Fanny_Pack_0;19395.png
19396;PS_Fanny_Pack_1;19396.png
19397;PS_Fanny_Pack_2;19397.png
19398;PS_Dolla_Bills;19398.png
19399;PS_Rhodium_Coin_0;19399.png
19400;PS_Physical_Dogecoin;19400.png
19401;PS_Secured_Folder;19401.png
19402;PS_Floppy_0;19402.png
19403;PS_Floppy_1;19403.png
19404;PS_Floppy_2;19404.png
19405;PS_Floppy_3;19405.png
19406;PS_Colt_Gold;19406.png
19407;PS_C99_Clip;19407.png
19408;PS_C99;19408.png
19409;PS_Deagle_0;19409.png
19410;PS_Pistol_Holo_1;19410.png
19411;PS_Military_Helmet_PMC_VisorDown;19411.png
19412;PS_Smoke_Canister;19412.png
19413;PS_Nemesis_1;19413.png
19414;PS_Field_Knife_0;19414.png
19415;PS_Field_Knife_1;19415.png
19416;PS_Military_Helmet_PMC_VisorUp;19416.png
19417;PS_Armor_Plating_0;19417.png
19418;PS_Grenade_0;19418.png
19419;PS_Stick_Grenade;19419.png
19420;PS_Stick_Grenade_Bomb;19420.png
19421;PS_Zolash_Gold;19421.png
19422;PS_Deagle_Gold;19422.png
19423;PS_PKM;19423.png
19424;PS_PKM_Box;19424.png
19425;PS_Military_Helmet_Soviet_VisorDown;19425.png
19426;PS_Military_Helmet_Soviet_VisorUp;19426.png
19428;PS_Military_Helmet_3;19428.png
19429;PS_Military_Helmet_4;19429.png
19430;PS_Heavy_Vest_Mk1;19430.png
19432;PS_Heavy_Vest_Press;19432.png
19433;PS_Military_Pants_1;19433.png
19434;PS_Military_Top_3;19434.png
19435;PS_Ghost_Sight_0;19435.png
19436;PS_LSR556_0;19436.png
19437;PS_Pistol_Holo_2;19437.png
19438;PS_Door_Armored;19438.png
19439;PS_Clay;19439.png
19440;PS_Bricks;19440.png
19441;PS_Doorway_Bricks;19441.png
19442;PS_Doorway_Bricks_1;19442.png
19443;PS_Floor_Bricks;19443.png
19444;PS_Floor_Bricks_Triangle;19444.png
19445;PS_Garage_Bricks;19445.png
19446;PS_Hole_Triangle_Bricks;19446.png
19447;PS_Hole_Bricks;19447.png
19448;PS_Pillar_Bricks;19448.png
19449;PS_Post_Bricks;19449.png
19450;PS_Ramp_Bricks;19450.png
19451;PS_Rampart_Bricks;19451.png
19452;PS_Roof_Bricks;19452.png
19453;PS_Roof_Bricks_Triangle;19453.png
19454;PS_Stairs_Bricks;19454.png
19455;PS_Wall_Bricks;19455.png
19456;PS_Window_Bricks;19456.png
19457;PS_Doorway_Metal;19457.png
19458;PS_Doorway_Metal_1;19458.png
19459;PS_Floor_Metal;19459.png
19460;PS_Floor_Metal_Triangle;19460.png
19461;PS_Garage_Metal;19461.png
19462;PS_Hole_Metal;19462.png
19463;PS_Hole_Triangle_Metal;19463.png
19464;PS_Pillar_Metal;19464.png
19465;PS_Post_Metal;19465.png
19466;PS_Ramp_Metal;19466.png
19467;PS_Rampart_Metal;19467.png
19468;PS_Roof_Metal;19468.png
19469;PS_Roof_Metal_Triangle;19469.png
19470;PS_Stairs_Metal;19470.png
19471;PS_Wall_Metal;19471.png
19472;PS_Window_Metal;19472.png
19473;PS_Doorway_Metal_Red;19473.png
19474;PS_Doorway_Metal_Red_1;19474.png
19475;PS_Floor_Metal_Red;19475.png
19476;PS_Floor_Metal_Triangle_Red;19476.png
19477;PS_Garage_Metal_Red;19477.png
19478;PS_Hole_Metal_Red;19478.png
19479;PS_Hole_Triangle_Metal_Red;19479.png
19480;PS_Pillar_Metal_Red;19480.png
19481;PS_Post_Metal_Red;19481.png
19482;PS_Ramp_Metal_Red;19482.png
19483;PS_Rampart_Metal_Red;19483.png
19484;PS_Roof_Metal_Red;19484.png
19485;PS_Roof_Metal_Triangle_Red;19485.png
19486;PS_Stairs_Metal_Red;19486.png
19487;PS_Wall_Metal_Red;19487.png
19488;PS_Window_Metal_Red;19488.png
19489;PS_Door_Armored_Red;19489.png
19491;PS_Generator_Smol;19491.png
19492;PS_Railgun_Box;19492.png
19493;PS_Railgun;19493.png
19495;PS_Tactical_Pointer_Gray;19495.png
19496;PS_HoneyB_Mag_Frag;19496.png
19497;PS_Tactical_Pointer_Tan;19497.png
19498;PS_Zolash_Mod_0;19498.png
19499;PS_WKM_Sight;19499.png
19501;Mgun_ammo;19501.png
19502;Player_Fixed;19502.png
19502;PS_Claim_Generator;dup/19502_2.png
19503;PS_Pickaxe;19503.png
19504;Rocket_ammo;19504.png
19504;PS_Raw_Adamantine;dup/19504_2.png
19505;PS_Adamantine_Ingot;19505.png
19506;Pulgun_ammo;19506.png
19506;PS_Hatch_Metal_Red;dup/19506_2.png
19507;PS_BREN_Autocannon;19507.png
19508;PS_Sentry_Mag;19508.png
19509;PS_BREN_Barrel_0;19509.png
19510;PS_BREN_LA_0;19510.png
19511;PS_BREN_Receiver_0;19511.png
19512;PS_Military_Computer;19512.png
19513;PS_Sentry_Turret;19513.png
19514;PS_Red_Circuit_Board;19514.png
19515;PS_Marking_Flare_Item;19515.png
19516;PS_Old_Gasmask;19516.png
19518;PS_Crate_Plastic;19518.png
19519;PS_Gas_Plastic;19519.png
19520;PS_Generator_Compact;19520.png
19521;PS_Pumpjack;19521.png
19522;PS_Generator_Industrial;19522.png
19523;PS_Military_Top_Red;19523.png
19524;PS_Round_Glasses_0;19524.png
19525;PS_Baseball_Jacket_Architect;19525.png
19526;PS_Military_Cap_3;19526.png
19527;PS_Filter;19527.png
19528;PS_Raw_Metal;19528.png
19529;PS_Raw_Charcoal;19529.png
19530;PS_Steel_Mesh;19530.png
19531;PS_Hatchet;19531.png
19532;PS_Icon_Blueprint_0;19532.png
19533;PS_Icon_Credit_0;19533.png
19534;PS_Icon_Barter_0;19534.png
19535;PS_Icon_Shopping_0;19535.png
19536;PS_Rue_Pants;19536.png
19537;PS_Jacket_Rue;19537.png
19538;PS_Vehicle_Alternator_0;19538.png
19539;PS_Spark_Plug_0;19539.png
19540;PS_Binos;19540.png
19541;PS_R_AP_Projectile;19541.png
19542;PS_Ammo_Belt_0;19542.png
19543;PS_Ammo_Belt_1;19543.png
19544;PS_R_HE_Projectile;19544.png
19545;PS_Machete_0;19545.png
19546;PS_Construction_Helmet_0;19546.png
19547;PS_Construction_Helmet_1;19547.png
19548;PS_Carjack;19548.png
19549;PS_Stealy;19549.png
19550;PS_SSD_0;19550.png
19551;PS_Life_Preserver;19551.png
19552;PS_Bowling_Ball_0;19552.png
19553;PS_Empty_Can;19553.png
19554;PS_Clothing_Iron;19554.png
19555;PS_Manual_Technical;19555.png
19557;PS_Old_Newspaper;19557.png
19559;PS_Pen_0;19559.png
19560;PS_Ammo_Pouch;19560.png
19561;PS_Glass_Bottle_0;19561.png
19562;PS_Metal_Bucket;19562.png
19563;PS_Metal_Sheet_Stack;19563.png
19564;PS_Cloth_Roll;19564.png
19565;PS_Glass_Pane;19565.png
19566;PS_Glass_Cube;19566.png
19567;PS_Metal_Pipe_0;19567.png
19568;PS_Nailgun_0;19568.png
19569;PS_Screw_Nuts;19569.png
19570;PS_Screws;19570.png
19571;PS_Bolts;19571.png
19572;PS_Screwdriver_0;19572.png
19574;PS_Rope;19574.png
19575;PS_Wrench_0;19575.png
19576;PS_Pipe_Wrench;19576.png
19577;PS_Traffic_Cone;19577.png
19579;PS_Rubber_Duck;19579.png
19581;PS_Matchbox;19581.png
19583;PS_GPU_0;19583.png
19584;PS_Lightbulb_Broken;19584.png
19585;PS_Lightbulb_0;19585.png
19586;PS_Electric_Drill;19586.png
19587;PS_Fishing_Net_0;19587.png
19588;PS_Measuring_Tape_0;19588.png
19589;PS_Valve;19589.png
19590;PS_Hair_Dryer;19590.png
19591;PS_Cheese_Grater;19591.png
19592;PS_Vent_Filter;19592.png
19593;PS_Garden_Hose;19593.png
19594;PS_Springs_Nuts;19594.png
19595;PS_Towel;19595.png
19596;PS_Trowel;19596.png
19597;PS_Roller_Brush;19597.png
19598;PS_Tackle_Box;19598.png
19599;PS_Notepad;19599.png
19600;M2_Mag;19600.png
19600;PS_Anvil;dup/19600_2.png
19601;PS_Puzzle_Trophy;19601.png
19602;PS_Vase_0;19602.png
19603;PS_Pillow;19603.png
19604;PS_Magnifying_Glass;19604.png
19605;PS_CD_0;19605.png
19606;PS_Fire_Extinguisher;19606.png
19607;PS_Mini_Fridge;19607.png
19608;PS_MultiSplint_5;19608.png
19609;PS_Shirt_10;19609.png
19610;PS_Steel_Mesh_Stack;19610.png
19611;PS_Rod_Mod_Pro;19611.png
19613;PS_IR_Spotlight;19613.png
19614;PS_Dogtag_0;19614.png
19615;PS_Dogtag_1;19615.png
19616;PS_Dogtag_2;19616.png
19617;PS_Entrenching_Tool_0;19617.png
19618;PS_Encrypted_Transmitter_0;19618.png
19619;PS_Handset_0;19619.png
19620;PS_Field_Telephone;19620.png
19621;PS_Video_Receiver_0;19621.png
19622;PS_CW_Keyer_0;19622.png
19623;PS_Compass_0;19623.png
19624;PS_Battery_Acid;19624.png
19625;PS_Gummed_Tape_0;19625.png
19626;PS_Empty_Spray_Can;19626.png
19627;PS_Iridium_Traces;19627.png
19628;PS_Iridium_Bar;19628.png
19629;PS_Construction_Shirt;19629.png
19630;PS_Chocolate;19630.png
19631;PS_Bottled_Water_1;19631.png
19632;PS_Bottled_Water_2;19632.png
19633;PS_Bottled_Water_3;19633.png
19634;PS_Bottled_Water_4;19634.png
19635;PS_Empty_Plastic_Bottle;19635.png
19636;PS_Bus_Driver_Jacket_1;19636.png
19638;PS_Medkit_2;19638.png
19639;PS_Painkillers_0;19639.png
19649;PS_Smoke_White;19649.png
19650;PS_Smoke_Purple;19650.png
19651;PS_Flashbang;19651.png
19652;PS_Minefield_Landmine_1;19652.png
19653;PS_Magnifier_0;19653.png
19654;PS_Halotech_Scope_1;19654.png
19655;PS_AR_Tracer;19655.png
19656;PS_Zolash_Mag_Tracer;19656.png
19657;PS_Zolash_Mag_Frag;19657.png
19658;PS_Fabric;19658.png
19659;PS_Weapon_Repair_Kit;19659.png
19660;PS_Tracer_Ammunition;19660.png
19661;PS_Zolash_Muzzle_0;19661.png
19662;PS_Military_Ration_US;19662.png
19663;PS_Burger;19663.png
19666;PS_Demolition_Charge;19666.png
19668;PS_Composite_Charge;19668.png
19669;PS_Rucksack_TESTING;19669.png
19670;PS_Empty_Syringe;19670.png
19671;PS_Alicepack_0;19671.png
19672;PS_Rucksack_1;19672.png
19673;PS_Heavy_Vest_Mk2;19673.png
19674;PS_Military_Helmet_Heavy_4;19674.png
19675;PS_Military_Helmet_Heavy_5;19675.png
19676;PS_Military_Helmet_Heavy_6;19676.png
19677;PS_Military_Helmet_Heavy_7;19677.png
19678;PS_Rangefinder_0;19678.png
19679;PS_Ammo_Belt_2;19679.png
19680;PS_Propellant_4x_0;19680.png
19681;PS_Crate_Ammo;19681.png
19682;PS_Ammo_Crate_0;19682.png
19683;PS_Ammo_Crate_1;19683.png
19684;PS_Magbox_0;19684.png
19685;PS_Magbox_1;19685.png
19686;PS_Firewater_0;19686.png
19687;PS_Shell_HE;19687.png
19688;PS_Shell_Incendiary;19688.png
19689;PS_Ammo_Crate_2;19689.png
19690;PS_Thermobaric_Nade;19690.png
19691;PS_Decoction_0;19691.png
19692;PS_Tea_Package;19692.png
19693;PS_Tomato_Plant;19693.png
19694;PS_Potato_Plant;19694.png
19695;PS_Seed_Tea;19695.png
19696;PS_Tea_Plant;19696.png
19697;PS_Tea_Leaves;19697.png
19698;PS_Tea_Mug;19698.png
19699;PS_Zolashniy;19699.png
19700;PS_Ammo_Crate_3;19700.png
19701;PS_Magbox_2;19701.png
19702;PS_Police_Helmet_1;19702.png
19703;PS_Trunk;19703.png
19706;PS_Herbal_Syrup_0;19706.png
19707;PS_OKP_Sight_0;19707.png
19708;PS_Airdrop_Crate;19708.png
19709;PS_Raw_Sulfur;19709.png
19710;PS_Raw_Sulfur_Stack;19710.png
19711;PS_Broken_Pick_0;19711.png
19712;PS_Pickaxe_Iridium;19712.png
19713;PS_Raw_Metal_Stack;19713.png
19714;PS_Plastic_Roll;19714.png
19715;PS_Logs;19715.png
19716;PS_Iodine_1;19716.png
19717;PS_Iodine_2;19717.png
19718;PS_Iodine_3;19718.png
19719;PS_Iodine_4;19719.png
19720;PS_Military_Cap_4;19720.png
19721;PS_Documents_Bag;19721.png
19722;PS_Suit_Top_0;19722.png
19723;PS_Suit_Bottom_0;19723.png
19724;PS_Documents_Bag_Pickup;19724.png
19725;PS_Keycard_0;19725.png
19726;PS_Beacon_0;19726.png
19727;PS_Rod;19727.png
19728;PS_Rod_Mod_0;19728.png
19729;PS_Rod_Mod_1;19729.png
19730;PS_Rod_Mod_2;19730.png
19731;PS_Rod_Mod_3;19731.png
19732;PS_Rod_Mod_4;19732.png
19734;PS_VAN93_Rust;19734.png
19735;PS_STG;19735.png
19736;PS_STG_M;19736.png
19737;PS_STG_Rust;19737.png
19738;PS_Glass_Oneway;19738.png
19739;PS_Window_Bars_0;19739.png
19740;PS_Ammo_Crate_4;19740.png
19741;PS_Beans_4x;19741.png
19742;PS_Water_4x;19742.png
19743;PS_Police_Vest_Mk2;19743.png
19744;PS_Bus_Driver_Jacket;19744.png
19745;PS_Cap_0;19745.png
19746;PS_Heavy_Vest_Mk2_Black;19746.png
19747;PS_Military_Helmet_Heavy_8;19747.png
19748;PS_Military_Helmet_Heavy_9;19748.png
19749;PS_PMC_Vest_Mk2;19749.png
19753;PS_Military_Helmet_6;19753.png
19754;PS_GP460_1;19754.png
19755;PS_Nightvision_Goggles_1;19755.png
19756;PS_Military_Pants_2;19756.png
19757;PS_Military_Top_4;19757.png
19758;PS_Rucksack_2;19758.png
19759;PS_Bandana_1;19759.png
19760;PS_Bandana_2;19760.png
19761;PS_Bandana_3;19761.png
19762;PS_Spray_Black;19762.png
19763;PS_Rucksack_3;19763.png
19765;PS_PMC_Vest_Mk2_Black;19765.png
19766;PS_Police_Vest_Mk2_Black;19766.png
19767;PS_Military_Helmet_Soviet_VisorDown_Black;19767.png
19768;PS_Military_Helmet_Soviet_VisorUp_Black;19768.png
19769;PS_Drakonov_M;19769.png
19770;PS_PSO_M_Scope;19770.png
19771;PS_Panoramic_Sight_0;19771.png
19772;PS_Chevron_Scope_0;19772.png
19773;PS_Ladder_Rope;19773.png
19774;PS_Roll_Of_Lead;19774.png
19775;PS_Biohazard_Bottom_0;19775.png
19776;PS_Biohazard_Top_0;19776.png
19777;PS_Magbox_3;19777.png
19779;PS_Zolash_Mod_1;19779.png
19780;PS_16x_Scope_0;19780.png
19781;PS_Turban_1;19781.png
19782;PS_Cloth_Vest_3;19782.png
19783;PS_Shirt_Eirik;19783.png
19784;PS_Crate_Secure;19784.png
19785;PS_Mannequin_Cloth;19785.png
19786;PS_Phantom_Scope_1;19786.png
19787;PS_Nemesis_2;19787.png
19788;PS_Placard;19788.png
19789;PS_Wall_Rack_0;19789.png
19790;PS_Crate_Metal;19790.png
19791;PS_Round_Glasses_1;19791.png
19792;PS_Explorer_Pack_0;19792.png
19793;PS_Traffic_Cone_Cap;19793.png
19794;PS_Car_Cassette_Player_0;19794.png
19795;PS_Raw_Charcoal_Stack;19795.png
19796;PS_Armor_Plating_Stack;19796.png
19797;PS_Fabric_Stack;19797.png
19798;PS_Swift_Mag_Extendo;19798.png
19799;PS_SPS17_A;19799.png
19800;PS_Recon_Mag;19800.png
19801;PS_M68;19801.png
19802;PS_Razved_Mod;19802.png
19803;PS_Zolash_Mod_2;19803.png
19804;PS_Redline_Scope;19804.png
19805;PS_Bricks_Stack_0;19805.png
19806;PS_Electronics_Pile;19806.png
19807;PS_Crate_Plastic_Thick;19807.png
19808;PS_Safe_Metal;19808.png
19809;PS_Safe_Metal_Red;19809.png
19810;PS_Morphine;19810.png
19811;PS_Crate_Wood_Thick;19811.png
19812;PS_Military_Helmet_Heavy_12;19812.png
19813;PS_Military_Helmet_Heavy_13;19813.png
19814;PS_Crate_Nade_Place;19814.png
19815;PS_Metal_Parts_Pile;19815.png
19816;PS_Armor_Repair_Kit;19816.png
19817;PS_Brazier_0;19817.png
19818;PS_Kerosene_Stack;19818.png
19819;PS_Copper_Coils;19819.png
19820;PS_Wall_Rack_1;19820.png
19821;PS_Dino_0;19821.png
19822;PS_Dino_1;19822.png
19823;PS_Wall_Glass;19823.png
19824;PS_Roof_Glass;19824.png
19825;PS_Cot_0;19825.png
19826;PS_Makeshift_Sentry;19826.png
19827;PS_Ski_Mask_5;19827.png
19829;PS_Kalakov_1;19829.png
19830;PS_Crate_Metal_Thick;19830.png
19831;PS_T22_Autocannon;19831.png
19832;PS_Anti_Materiel_0;19832.png
19833;PS_Ebr_0;19833.png
19834;PS_AMR_Mag;19834.png
19835;PS_Anti_Materiel_Box;19835.png
19836;PS_DMR_Mag_20;19836.png
19837;PS_OK0_Sight_0;19837.png
19838;PS_Roof_Glass_Triangle;19838.png
19839;PS_GP460_2;19839.png
19840;PS_GP460_3;19840.png
19841;PS_Cloth_Bundle;19841.png
19842;PS_Honeybee_1;19842.png
19844;PS_Honeybee_Proto;19844.png
19845;PS_Weapon_Mod_Kit_0;19845.png
19846;PS_Moyai_Barricade_0;19846.png
19848;PS_M22;19848.png
19849;PS_Huntsman;19849.png
19850;PS_Raven_24;19850.png
19851;PS_Raven_24R;19851.png
19852;PS_Axe_Upgraded_0;19852.png
19853;PS_AR762;19853.png
19854;PS_Sledge_Upgraded;19854.png
19855;PS_Battleaxe;19855.png
19856;PS_Oxygenator;19856.png
19857;PS_Ebr_1;19857.png
19858;PS_Zolash_Drum;19858.png
19859;PS_Zolash_Extendo_Mag_0;19859.png
19860;PS_AR_Extendo;19860.png
19861;PS_Digging_Tool_0;19861.png
19862;PS_Throwable_Brick;19862.png
19863;PS_Acid_Syringe;19863.png
19864;PS_Cot_1;19864.png
19865;PS_Wooden_Shelf_0;19865.png
19866;PS_Crate_Wood_Trapped;19866.png
19867;PS_Crate_Wood_Trapped_1;19867.png
19868;PS_Crate_Plastic_Trapped;19868.png
19869;PS_Crate_Plastic_Trapped_1;19869.png
19870;PS_Metal_Shelf_0;19870.png
19871;PS_Rangefinder_Held;19871.png
19872;PS_Military_Pants_3;19872.png
19873;PS_Military_Top_5;19873.png
19874;PS_Military_Pants_4;19874.png
19875;PS_Military_Top_6;19875.png
19876;PS_Military_Cap_5;19876.png
19877;PS_Cinematic_Goggles_0;19877.png
19878;PS_Cinematic_Goggles_1;19878.png
19879;PS_Cinematic_Goggles_2;19879.png
19880;PS_Cinematic_Goggles_3;19880.png
19882;PS_Rangefinder_Scope;19882.png
19883;PS_Wooden_Fence_Placable;19883.png
19884;PS_Rangefinder_Battery;19884.png
19885;PS_Lamp_Placable;19885.png
19886;PS_Cagelight;19886.png
19887;PS_Air_Filter_Mine;19887.png
19888;PS_Beacon_1;19888.png
19889;PS_Grenade_Box;19889.png
19890;PS_SAR-20;19890.png
19891;PS_PRO90_Mag;19891.png
19892;PS_PRO90_0;19892.png
19893;PS_Weapon_Case_0;19893.png
19894;PS_PRO90_1;19894.png
19895;PS_PRO90_2;19895.png
19896;PS_Weapon_Case_PRO90;19896.png
19897;PS_Weapon_Case_Scailo;19897.png
19898;PS_Weapon_Case_N4A1;19898.png
19899;PS_Weapon_Case_L97;19899.png
19900;PS_Plot;19900.png
19901;PS_Seed_Cloth;19901.png
19902;PS_Cloth_Plant;19902.png
19903;PS_Seed_Herb_Clove;19903.png
19904;PS_Seed_Herb_Alum;19904.png
19905;PS_Clove_Plant;19905.png
19906;PS_Alum_Plant;19906.png
19907;PS_Lubricant_Stack;19907.png
19908;PS_Sandbag_Placable;19908.png
19909;PS_Brazier_1;19909.png
19910;23mmAZP;19910.png
19910;PS_Wooden_Table_0;dup/19910_2.png
19911;PS_Wooden_Table_1;19911.png
19912;PS_Chair_Placable_0;19912.png
19913;PS_Wall_Wood_Ramp;19913.png
19914;PS_Wall_Bricks_Ramp;19914.png
19915;PS_Wall_Metal_Ramp;19915.png
19916;PS_Wall_Metal_Ramp_Red;19916.png
19917;PS_Military_Pants_5;19917.png
19918;PS_Military_Top_7;19918.png
19919;PS_Chair_Placable_1;19919.png
19920;PS_Display_Case_0;19920.png
19921;PS_Wall_Display_Case_0;19921.png
19922;PS_Radio_0;19922.png
19923;PS_Weapon_Case_DMR;19923.png
19924;PS_Nails_Stack;19924.png
19925;PS_Bolts_Stack;19925.png
19926;PS_SMG_M_Mag;19926.png
19927;PS_TX45;19927.png
19928;PS_SMG_Suppressor;19928.png
19929;PS_Shotgun_Drum_Frag;19929.png
19930;PS_AA12;19930.png
19931;PS_R_Case;19931.png
19934;PS_Honeybee_Proto_A;19934.png
19935;PS_LTC_Bottoms;19935.png
19936;PS_LTC_Jacket;19936.png
19937;PS_Ammo_Belt_3;19937.png
19938;PS_Weapon_Case_AW12;19938.png
19939;PS_Weapon_Case_Raven;19939.png
19940;PS_Fanny_Pack_3;19940.png
19941;PS_Gate_Metal_Red;19941.png
19942;PS_Biohazard_Bottom_1;19942.png
19943;PS_Biohazard_Top_1;19943.png
19944;PS_Frag_Ammunition;19944.png
19945;PS_Teabale_0;19945.png
19946;PS_Remover;19946.png
19947;PS_SPS17;19947.png
19948;PS_SPS17_Gold;19948.png
19949;PS_AR_Gold;19949.png
19950;9M113_ammo;19950.png
19950;PS_Deagle_Long;dup/19950_2.png
19951;12.7mm Kord;19951.png
19951;PS_Deagle_Scope;dup/19951_2.png
19952;20mm Box (AP);19952.png
19952;PS_Counter_Wood;dup/19952_2.png
19953;30mm Box (AP);19953.png
19953;PS_Pallet_Placable;dup/19953_2.png
19954;30mm2a42;19954.png
19955;73MM HEAT;19955.png
19955;PS_Nailgun_Mag;dup/19955_2.png
19956;125MM APFSDS;19956.png
19956;PS_Aquarium_0;dup/19956_2.png
19957;125MM HEAT;19957.png
19957;PS_Rug_Placable_0;dup/19957_2.png
19958;GBU-12_HE;19958.png
19958;PS_Rug_Placable_1;dup/19958_2.png
19959;S8_24;19959.png
19959;PS_Gas_Plastic_Industrial;dup/19959_2.png
19960;KH59_Ammo;19960.png
19960;PS_Stiletto;dup/19960_2.png
19961;PS_Chekchyn;19961.png
19962;PS_Floppy_Case_Red;19962.png
19963;PS_Gun_Parts_0;19963.png
19964;PS_Gun_Parts_1;19964.png
19965;PS_Gummed_Tape_1;19965.png
19966;PS_Nailgun_1;19966.png
19967;PS_Pens;19967.png
19968;PS_Armor_Upgrade_Kit_0;19968.png
19969;PS_Tape_Stack_0;19969.png
19970;M242_box;19970.png
19970;PS_Wrench_Case_0;dup/19970_2.png
19971;BGM-71D_ammo;19971.png
19971;PS_Seed_Money;dup/19971_2.png
19972;stinger_ammo;19972.png
19972;PS_N4B1;dup/19972_2.png
19973;120MM APFSDS;19973.png
19973;PS_PDA_0;dup/19973_2.png
19974;120MM HEAT;19974.png
19974;PS_Shirt_9;dup/19974_2.png
19975;M2HB_box;19975.png
19975;PS_Military_Helmet_Soviet_Tac;dup/19975_2.png
19976;PS_Zombie_NVG_0;19976.png
19977;PS_Raw_Adamantine_Stack;19977.png
19978;PS_Window_Bars_1;19978.png
19979;PS_Sentry_Turret_Frame;19979.png
19980;PS_Glass_Reinforced_0;19980.png
19981;PS_Glass_Reinforced_1;19981.png
19982;PS_Secured_Folder_Stack;19982.png
19983;PS_Manual_Stack;19983.png
19985;PS_AR_Drum;19985.png
19986;PS_Ghost_Sight_1;19986.png
19987;PS_SV68;19987.png
19988;PS_Focus_Cell_0;19988.png
19989;PS_Focus_Rifle;19989.png
19990;PS_Covert_Mag;19990.png
19991;PS_SLAVA;19991.png
19992;PS_Kalakov_M;19992.png
19993;PS_Vintar;19993.png
19994;PS_Vintar_Mod;19994.png
19995;PS_Heavy_Supressor;19995.png
19996;PS_MI10;19996.png
19997;PS_Phantom_Scope_0;19997.png
19998;PS_SAR-16;19998.png
19999;PS_Overwatch_Scope_0;19999.png
20015;PS_Generator_Stationary;20015.png
20042;Tan_CRY_Zip-On_Bag;20042.png
20043;Tan_Rantz_2day_Assault_Pack;20043.png
20044;Tan_Rust_24_511_Assault_Pack;20044.png
20045;Tan_Baseball;20045.png
20046;Tan_Baseball_R;20046.png
20047;Tan_Baseball_R_SenMor_M32;20047.png
20048;Tan_Baseball_SenMor_M32;20048.png
20049;Tan_Eyepro;20049.png
20050;Tan_Goggles;20050.png
20051;Tan_Mich-2001_1;20051.png
20052;Tan_Mich-2001_2;20052.png
20053;Tan_Mich-2001_3;20053.png
20054;Tan_Mich-2001_4;20054.png
20055;Tan_Mich-2002_1;20055.png
20056;Tan_Mich-2002_2;20056.png
20057;Tan_Mich-2002_3;20057.png
20058;Tan_Mich-2002_4;20058.png
20061;Tan_Balaclava;20061.png
20062;Tan_Half_Mask;20062.png
20063;Tan_PVS-31;20063.png
20064;Tan_Combat_Pants;20064.png
20065;Tan_Combat_Pants_BCK;20065.png
20066;Tan_Combat_Pants_Pads;20066.png
20067;Tan_Combat_Pants_Pads_BCK;20067.png
20068;Tan_Raider_Pants;20068.png
20069;Tan_Raider_Pants_BCK;20069.png
20070;Tan_Shell;20070.png
20071;Tan_Shell_Gloves;20071.png
20072;Tan_Shell_Gloves_BCK;20072.png
20073;Tan_Shell_Rolled;20073.png
20074;Tan_Shell_Rolled_Gloves;20074.png
20075;Tan_Shell_Rolled_Gloves_BCK;20075.png
20076;Tan_Slim;20076.png
20077;Tan_Slim_Gloves;20077.png
20078;Tan_Slim_Gloves_BCK;20078.png
20079;Tan_Slim_Rolled;20079.png
20080;Tan_Slim_Rolled_Gloves;20080.png
20081;Tan_Slim_Rolled_Gloves_BCK;20081.png
20082;Tan_Tshirt;20082.png
20083;Tan_Tshirt_Gloves;20083.png
20084;Tan_Tshirt_Gloves_BCK;20084.png
20085;Tan_JPC_2.0_1;20085.png
20086;Tan_JPC_2.0_2;20086.png
20087;Tan_JPC_2.0_3;20087.png
20088;Tan_Tactical_Belt;20088.png
20089;Tan_JPC_2.0_4;20089.png
20090;Tan_JPC_2.0_2_AK;20090.png
20091;Tan_JPC_2.0_3_AK;20091.png
20092;Tan_JPC_2.0_4_AK;20092.png
20093;Tan_Beanie;20093.png
20094;Tan_Beanie_SenMor_M32;20094.png
20095;Tan_Mikee_Zip-On_Bag;20095.png
20096;Tan_CPC_1;20096.png
20097;Tan_CPC_2;20097.png
20098;Tan_GPNVG;20098.png
20099;SenMor_M32;20099.png
20100;Tan_GPNVG_Scott;20100.png
20101;Tan_PVS-31_Scott;20101.png
20102;Player_Fixed;20102.png
20102;Tan_CPC_2_AK;dup/20102_2.png
20103;PC_USA;20103.png
20104;PC_RUS;20104.png
20105;Multicam_CRY_Zip-On_Bag;20105.png
20106;Multicam_Mikee_Zip-On_Bag;20106.png
20107;Multicam_Rantz_2day_Assault_Pack;20107.png
20108;Multicam_Rust_24_511_Assault_Pack;20108.png
20111;Multicam_Mich-2001_3;20111.png
20112;Multicam_Mich-2002_3;20112.png
20113;Multicam_Balaclava;20113.png
20114;Multicam_Half_Mask;20114.png
20115;Multicam_Combat_Pants;20115.png
20116;Multicam_Combat_Pants_BCK;20116.png
20117;Multicam_Combat_Pants_Pads;20117.png
20118;Multicam_Combat_Pants_Pads_BCK;20118.png
20119;Multicam_Raider_Pants;20119.png
20120;Multicam_Raider_Pants_BCK;20120.png
20121;Multicam_Shell;20121.png
20122;Multicam_Shell_Gloves;20122.png
20123;Multicam_Shell_Gloves_BCK;20123.png
20124;Multicam_Shell_Rolled;20124.png
20125;Multicam_Shell_Rolled_Gloves;20125.png
20126;Multicam_Shell_Rolled_Gloves_BCK;20126.png
20127;Multicam_Slim;20127.png
20128;Multicam_Slim_Gloves;20128.png
20129;Multicam_Slim_Gloves_BCK;20129.png
20130;Multicam_Slim_Rolled;20130.png
20131;Multicam_Slim_Rolled_Gloves;20131.png
20132;Multicam_Slim_Rolled_Gloves_BCK;20132.png
20133;Multicam_CPC_1;20133.png
20134;Multicam_CPC_2;20134.png
20135;Multicam_CPC_2_AK;20135.png
20136;Multicam_JPC_2.0_1;20136.png
20137;Multicam_JPC_2.0_2;20137.png
20138;Multicam_JPC_2.0_2_AK;20138.png
20139;Multicam_JPC_2.0_3;20139.png
20140;Multicam_JPC_2.0_3_AK;20140.png
20141;Multicam_JPC_2.0_4;20141.png
20142;Multicam_JPC_2.0_4_AK;20142.png
20143;Multicam_Tactical_Belt;20143.png
20144;BEAR_Tan_Baseball;20144.png
20145;BEAR_Tan_Baseball_R;20145.png
20146;BEAR_Tan_Baseball_R_SenMor_M32;20146.png
20147;BEAR_Tan_Baseball_SenMor_M32;20147.png
20148;BEAR_Tshirt;20148.png
20149;Adik_Shirt;20149.png
20150;Plaid_Shirt;20150.png
20151;Plaid_Shirt_Gloves;20151.png
20152;BEAR_Gray_Baseball;20152.png
20153;BEAR_Gray_Baseball_R;20153.png
20154;BEAR_Gray_Baseball_R_SenMor_M32;20154.png
20155;BEAR_Gray_Baseball_SenMor_M32;20155.png
20156;USEC_Tan_Baseball;20156.png
20157;USEC_Tan_Baseball_R;20157.png
20158;USEC_Tan_Baseball_R_SenMor_M32;20158.png
20159;USEC_Tan_Baseball_SenMor_M32;20159.png
20160;USEC_Gray_Baseball;20160.png
20161;USEC_Gray_Baseball_R;20161.png
20162;USEC_Gray_Baseball_R_SenMor_M32;20162.png
20163;USEC_Gray_Baseball_SenMor_M32;20163.png
20164;Paul_Shell;20164.png
20165;Paul_Jeans_Pads;20165.png
20166;Paul_Rust_24_511_Assault_Pack;20166.png
20167;Paul_CPC_2_AK;20167.png
20168;Paul_Mich-2001_2;20168.png
20169;ESTSOF_Mich-2001_2;20169.png
20170;ESTSOF_JPC_2.0_3;20170.png
20171;SOG_Rust_24_511_Assault_Pack;20171.png
20172;SOG_Mich-2001_BO1;20172.png
20173;SOG_Mich-2001_BO2;20173.png
20174;SOG_Mich-2001_BO4;20174.png
20175;SOG_Mich-2001_BO5;20175.png
20176;SOG_Mich-2001_BO7;20176.png
20177;SOG_Mich-2001_BO8;20177.png
20178;SOG_Mich-2002_BO3;20178.png
20179;SOG_Mich-2002_BO6;20179.png
20180;SOG_Mich-2002_BO9;20180.png
20181;SOG_Slim_Rolled_Gloves;20181.png
20182;SOG_CPC_2_1;20182.png
20183;SOG_CPC_2_2;20183.png
20184;SOG_JPC_2.0_4;20184.png
20185;SWE_Mich-2002;20185.png
20186;SWE_JPC_2.0_2;20186.png
20187;SWE_M3_Ammo_Bearer_1;20187.png
20188;SWE_Shell_Gloves_BCK;20188.png
20189;SWE_Combat_Pants_BCK;20189.png
20191;Gloves;20191.png
20198;Gray_CRY_Zip-On_Bag;20198.png
20199;Gray_Mikee_Zip-On_Bag;20199.png
20200;Gray_Rantz_2day_Assault_Pack;20200.png
20201;Gray_Rust_24_511_Assault_Pack;20201.png
20202;Gray_Baseball;20202.png
20203;Gray_Baseball_R;20203.png
20204;Gray_Baseball_R_SenMor_M32;20204.png
20205;Gray_Baseball_SenMor_M32;20205.png
20206;Gray_Beanie;20206.png
20207;Gray_Beanie_SenMor_M32;20207.png
20208;Gray_SenMor_M32;20208.png
20209;Gray_Mich-2002_4;20209.png
20210;Gray_Mich-2002_3;20210.png
20211;Gray_Mich-2002_2;20211.png
20212;Gray_Mich-2002_1;20212.png
20213;Gray_Mich-2001_4;20213.png
20214;Gray_Mich-2001_3;20214.png
20215;Gray_Mich-2001_2;20215.png
20216;Gray_Mich-2001_1;20216.png
20217;Gray_Combat_Pants;20217.png
20218;Gray_Combat_Pants_BCK;20218.png
20219;Gray_Combat_Pants_Pads;20219.png
20220;Gray_Combat_Pants_Pads_BCK;20220.png
20221;Gray_Raider_Pants;20221.png
20222;Gray_Raider_Pants_BCK;20222.png
20223;Gray_Shell;20223.png
20224;Gray_Shell_Gloves;20224.png
20225;Gray_Shell_Gloves_BCK;20225.png
20226;Gray_Shell_Rolled;20226.png
20227;Gray_Shell_Rolled_Gloves;20227.png
20228;Gray_Shell_Rolled_Gloves_BCK;20228.png
20229;Gray_Slim;20229.png
20230;Gray_Slim_Gloves;20230.png
20231;Gray_Slim_Gloves_BCK;20231.png
20232;Gray_Slim_Rolled;20232.png
20233;Gray_Slim_Rolled_Gloves;20233.png
20234;Gray_Slim_Rolled_Gloves_BCK;20234.png
20235;Gray_Tshirt;20235.png
20236;Gray_Tshirt_Gloves;20236.png
20237;Gray_Tshirt_Gloves_BCK;20237.png
20238;Gray_CPC_1;20238.png
20239;Gray_CPC_2;20239.png
20240;Gray_CPC_2_AK;20240.png
20241;Gray_JPC_2.0_1;20241.png
20242;Gray_JPC_2.0_2;20242.png
20243;Gray_JPC_2.0_2_AK;20243.png
20244;Gray_JPC_2.0_3;20244.png
20245;Gray_JPC_2.0_3_AK;20245.png
20246;Gray_JPC_2.0_4;20246.png
20247;Gray_JPC_2.0_4_AK;20247.png
20248;Gray_Tactical_Belt;20248.png
20249;Black_CRY_Zip-On_Bag;20249.png
20250;Black_Mikee_Zip-On_Bag;20250.png
20251;Black_Rantz_2day_Assault_Pack;20251.png
20252;Black_Rust_24_511_Assault_Pack;20252.png
20253;Black_Baseball;20253.png
20254;Black_Baseball_R;20254.png
20255;Black_Baseball_R_SenMor_M32;20255.png
20256;Black_Baseball_SenMor_M32;20256.png
20257;Black_Beanie;20257.png
20258;Black_Beanie_SenMor_M32;20258.png
20259;Black_Eyepro;20259.png
20260;Black_Goggles;20260.png
20261;Black_Mich-2001_1;20261.png
20262;Black_Mich-2001_2;20262.png
20263;Black_Mich-2001_3;20263.png
20264;Black_Mich-2001_4;20264.png
20265;Black_Mich-2002_1;20265.png
20266;Black_Mich-2002_2;20266.png
20267;Black_Mich-2002_3;20267.png
20268;Black_Mich-2002_4;20268.png
20269;Black_Balaclava;20269.png
20270;Black_Half_Mask;20270.png
20271;Black_Skull_1;20271.png
20272;Black_GPNVG;20272.png
20273;Black_GPNVG_Scott;20273.png
20274;Black_PVS-31;20274.png
20275;Black_PVS-31_Scott;20275.png
20276;Black_Combat_Pants;20276.png
20277;Black_Combat_Pants_BCK;20277.png
20278;Black_Combat_Pants_Pads;20278.png
20279;Black_Combat_Pants_Pads_BCK;20279.png
20280;Black_Raider_Pants;20280.png
20281;Black_Raider_Pants_BCK;20281.png
20282;Black_Tshirt_Gloves_BCK;20282.png
20283;Black_Tshirt_Gloves;20283.png
20284;Black_Tshirt;20284.png
20285;Black_Slim_Rolled_Gloves_BCK;20285.png
20286;Black_Slim_Rolled_Gloves;20286.png
20287;Black_Slim_Rolled;20287.png
20288;Black_Slim_Gloves_BCK;20288.png
20289;Black_Slim_Gloves;20289.png
20290;Black_Slim;20290.png
20291;Black_Shell_Rolled_Gloves_BCK;20291.png
20292;Black_Shell_Rolled_Gloves;20292.png
20293;Black_Shell_Rolled;20293.png
20294;Black_Shell_Gloves_BCK;20294.png
20295;Black_Shell_Gloves;20295.png
20296;Black_Shell;20296.png
20297;Black_CPC_1;20297.png
20298;Black_CPC_2;20298.png
20299;Black_CPC_2_AK;20299.png
20300;Black_JPC_2.0_1;20300.png
20301;Black_JPC_2.0_2;20301.png
20302;Black_JPC_2.0_2_AK;20302.png
20303;Black_JPC_2.0_3;20303.png
20304;Black_JPC_2.0_3_AK;20304.png
20305;Black_JPC_2.0_4;20305.png
20306;Black_JPC_2.0_4_AK;20306.png
20307;Black_Tactical_Belt;20307.png
20308;ESTSOF_Raider_Pants;20308.png
20309;ESTSOF_Slim_Gloves;20309.png
20310;SSH-68_1;20310.png
20312;SSH-68_2;20312.png
20313;CDF_Field_22nd;20313.png
20314;CDF_Pants;20314.png
20315;6B5-16_Tan;20315.png
20316;6B5-16_Green;20316.png
20317;CDF_Field_22nd_Rolled;20317.png
20318;CDF_Field_AF;20318.png
20319;CDF_Field_AF_Rolled;20319.png
20320;CDF_Field_22nd_A;20320.png
20321;CDF_Field_22nd_Rolled_A;20321.png
20322;6B5-16_Green (CDF);20322.png
20323;6B5-16_Tan (CDF);20323.png
20324;6B5-16_Green (GSM);20324.png
20325;6B5-16_Tan (GSM);20325.png
20326;6B5-16_Green (ROC);20326.png
20327;6B5-16_Tan (ROC);20327.png
20328;Tan_PRC-117_Panel;20328.png
20329;Gray_PRC-117_Panel;20329.png
20330;Black_PRC-117_Panel;20330.png
20331;Multicam_PRC-117_Panel;20331.png
20332;Gray_AlicePack;20332.png
20333;Multicam_AlicePack;20333.png
20334;Tan_AlicePack;20334.png
20335;Green_AlicePack;20335.png
20336;Green_AlicePack_US;20336.png
20337;TTsko_AlicePack;20337.png
20338;Black_AlicePack;20338.png
20339;CDF_AlicePack;20339.png
20340;Red_CDF_Beret;20340.png
20341;Blue_CDF_Beret;20341.png
20342;Green_CDF_Beret;20342.png
20343;Black_CDF_Beret;20343.png
20344;Tan_CDF_Beret;20344.png
20345;SSH-68_UN;20345.png
20346;UN_Mich-2000;20346.png
20347;Black_Beret;20347.png
20348;Blue_Beret;20348.png
20349;Green_Beret;20349.png
20350;Red_Beret;20350.png
20351;Tan_Beret;20351.png
20352;TTsko_Boonie_SenMor_M32;20352.png
20353;TTsko_Boonie;20353.png
20354;Black_Boonie;20354.png
20355;Black_Boonie_SenMor_M32;20355.png
20356;Tan_Boonie;20356.png
20357;Tan_Boonie_SenMor_M32;20357.png
20358;Multicam_Boonie;20358.png
20359;Multicam_Boonie_SenMor_M32;20359.png
20360;Gray_Boonie;20360.png
20361;Gray_Boonie_SenMor_M32;20361.png
20362;Black_PRC-117_Panel_A;20362.png
20363;Gray_PRC-117_Panel_A;20363.png
20364;Multicam_PRC-117_Panel_A;20364.png
20365;Tan_PRC-117_Panel_A;20365.png
20366;M40_Gasmask;20366.png
20376;Blue_PJP_Beret;20376.png
20377;Blue_PJP_Patrol;20377.png
20378;PJP_Pants;20378.png
20379;PJP_Field;20379.png
20380;PJP_M70_Vest_1;20380.png
20381;PJP_M70_Vest_2;20381.png
20382;PJP_Hood;20382.png
20383;Mesh_Balaclava;20383.png
20384;Green_SEAL_FAST_1;20384.png
20385;Tan_FAST_Glasses;20385.png
20390;Shinj_Hood;20390.png
20391;Shinj_Backpack;20391.png
20392;Shinj_Pants;20392.png
20393;Shinj_Hoodie;20393.png
20394;Shinj_Vest;20394.png
20395;Shinj_Vest_A;20395.png
20396;Shinj_Hoodie_A;20396.png
20397;Shinj_Pants_A;20397.png
20401;Tan_HeadWrap;20401.png
20402;Tan_FaceWrap;20402.png
20403;SP_Mich-2002_1;20403.png
20404;SP_Mich-2002_2;20404.png
20405;SP_Combat_Pants;20405.png
20406;SP_Shell_Gloves;20406.png
20407;SP_JPC_2.0_1;20407.png
20408;Gray_FaceWrap;20408.png
20409;Gray_HeadWrap;20409.png
20410;Brown_FaceWrap;20410.png
20411;Brown_HeadWrap;20411.png
20412;Black_FaceWrap;20412.png
20413;Black_HeadWrap;20413.png
20414;White_FaceWrap;20414.png
20415;White_HeadWrap;20415.png
20416;Olive_FaceWrap;20416.png
20417;Olive_HeadWrap;20417.png
20418;Black_FaceWrap_A;20418.png
20419;Black_HeadWrap_A;20419.png
20420;Brown_FaceWrap_A;20420.png
20421;Brown_HeadWrap_A;20421.png
20422;Gray_FaceWrap_A;20422.png
20423;Gray_HeadWrap_A;20423.png
20424;Olive_FaceWrap_A;20424.png
20425;Olive_HeadWrap_A;20425.png
20426;Tan_FaceWrap_A;20426.png
20427;Tan_HeadWrap_A;20427.png
20428;White_FaceWrap_A;20428.png
20429;White_HeadWrap_A;20429.png
20430;Tan_SPC_1;20430.png
20431;Tan_SPC_2;20431.png
20432;Tan_SPC_3;20432.png
20433;Multicam_SPC_1;20433.png
20434;Multicam_SPC_2;20434.png
20435;Multicam_SPC_3;20435.png
20436;Black_SPC_1;20436.png
20437;Black_SPC_2;20437.png
20438;Black_SPC_3;20438.png
20439;Gray_SPC_1;20439.png
20440;Gray_SPC_2;20440.png
20441;Gray_SPC_3;20441.png
20442;Tan_Mich-2002_A_1;20442.png
20443;Tan_Mich-2002_A_2;20443.png
20444;Tan_Mich-2002_A_3;20444.png
20445;Tan_Mich-2002_A_4;20445.png
20446;Tan_Mich-2002_A_5;20446.png
20447;Tan_Mich-2002_A_6;20447.png
20448;Tan_Mich-2002_A_7;20448.png
20449;Tan_Mich-2002_A_8;20449.png
20450;Tan_FAST_1;20450.png
20451;Tan_FAST_2;20451.png
20452;Tan_FAST_3;20452.png
20453;Tan_FAST_4;20453.png
20454;Tan_FAST_5;20454.png
20455;Tan_FAST_6;20455.png
20456;Tan_FAST_7;20456.png
20457;Tan_FAST_8;20457.png
20458;Tan_FAST_9;20458.png
20459;SP_FAST_1;20459.png
20460;SP2_Combat_Pants;20460.png
20461;SP2_Shell_Gloves_BCK;20461.png
20462;SP_SPC_1;20462.png
20463;SP_Balaclava;20463.png
20464;SP_AlicePack;20464.png
20465;Green_6SH11;20465.png
20466;Tan_6SH11;20466.png
20467;Tan_SPC_4;20467.png
20468;Multicam_SPC_4;20468.png
20469;Gray_SPC_4;20469.png
20470;Black_SPC_4;20470.png
20471;Gray_FAST_1;20471.png
20472;Gray_FAST_2;20472.png
20473;Gray_FAST_3;20473.png
20474;Gray_FAST_4;20474.png
20475;Gray_FAST_5;20475.png
20476;Gray_FAST_6;20476.png
20477;Gray_FAST_7;20477.png
20478;Gray_Mich-2002_A_1;20478.png
20479;Gray_Mich-2002_A_2;20479.png
20480;Gray_Mich-2002_A_3;20480.png
20481;Gray_Mich-2002_A_4;20481.png
20482;Gray_Mich-2002_A_5;20482.png
20483;Gray_Mich-2002_A_6;20483.png
20484;Gray_Mich-2002_A_7;20484.png
20485;Gray_Mich-2002_A_8;20485.png
20486;Black_FAST_1;20486.png
20487;Black_FAST_2;20487.png
20488;Black_FAST_3;20488.png
20489;Black_FAST_4;20489.png
20490;Black_FAST_5;20490.png
20491;Black_FAST_6;20491.png
20492;Black_FAST_7;20492.png
20493;Black_Mich-2002_A_1;20493.png
20494;Black_Mich-2002_A_2;20494.png
20495;Black_Mich-2002_A_3;20495.png
20496;Black_Mich-2002_A_4;20496.png
20497;Black_Mich-2002_A_5;20497.png
20498;Black_Mich-2002_A_6;20498.png
20499;Black_Mich-2002_A_7;20499.png
20500;Black_Mich-2002_A_8;20500.png
20501;Multicam_FAST_1;20501.png
20502;Multicam_FAST_2;20502.png
20503;Multicam_Mich-2002_A_1;20503.png
20504;Multicam_Mich-2002_A_2;20504.png
20505;Multicam_Mich-2002_A_3;20505.png
20506;Multicam_Mich-2002_A_4;20506.png
20516;Tan_Eyepro_Blue;20516.png
20517;Tan_Eyepro_Green;20517.png
20518;Tan_Eyepro_Orange;20518.png
20519;Tan_Eyepro_Red;20519.png
20520;Tan_Eyepro_Yellow;20520.png
20521;Black_Eyepro_Blue;20521.png
20522;Black_Eyepro_Green;20522.png
20523;Black_Eyepro_Orange;20523.png
20524;Black_Eyepro_Red;20524.png
20525;Black_Eyepro_Yellow;20525.png
20526;Tan_Eyepro_Black;20526.png
20527;Black_Eyepro_Black;20527.png
20528;Black_Goggles_Black;20528.png
20529;Black_Goggles_Blue;20529.png
20530;Black_Goggles_Green;20530.png
20531;Black_Goggles_Orange;20531.png
20532;Black_Goggles_Red;20532.png
20533;Black_Goggles_Yellow;20533.png
20534;Tan_Goggles_Black;20534.png
20535;Tan_Goggles_Blue;20535.png
20536;Tan_Goggles_Green;20536.png
20537;Tan_Goggles_Orange;20537.png
20538;Tan_Goggles_Red;20538.png
20539;Tan_Goggles_Yellow;20539.png
20540;Multicam_FAST_3;20540.png
20541;Multicam_FAST_4;20541.png
20544;Mawka_Boonie;20544.png
20545;Mawka_Boonie_SenMor_M32;20545.png
20546;Velmet_X-1_Combat_Pants;20546.png
20547;Velmet_Z-1_Combat_Jacket_Gloves;20547.png
20548;Perun-6_2_AK;20548.png
20549;Velmet_APB01_Zip-On_Bag;20549.png
20550;Velmet_MCFT_1;20550.png
20551;Velmet_Z-1_Combat_Jacket_Rolled_Gloves;20551.png
20552;Velmet_MCFT_2;20552.png
20553;Velmet_MCFT_3;20553.png
20554;Velmet_MCFT_4;20554.png
20555;Velmet_MCFT_5;20555.png
20556;Velmet_MCFT_6;20556.png
20557;Green_SEAL_FAST_2;20557.png
20558;Green_SEAL_FAST_3;20558.png
20559;AOR1_SEAL_JPC_2.0_1;20559.png
20560;AOR1_SEAL_JPC_2.0_2;20560.png
20561;AOR1_Combat_Pants_Pads;20561.png
20562;AOR1_Slim_Gloves;20562.png
20563;PJP_Field_Woodland;20563.png
20564;PJP_Pants_Woodland;20564.png
20565;Green_PJP_Beret;20565.png
20566;Green_PJP_Patrol;20566.png
20567;PJP_Hood_Woodland;20567.png
20568;PJP_M70_Vest_1_Woodland;20568.png
20569;PJP_M70_Vest_2_Woodland;20569.png
20570;Shinj_Hoodie_UWoodland;20570.png
20571;Shinj_Hood_UWoodland;20571.png
20572;Green_SEAL_FAST_4;20572.png
20573;Green_SEAL_FAST_5;20573.png
20574;Green_SEAL_FAST_6;20574.png
20575;AOR1_SEAL_JPC_2.0_3;20575.png
20576;Velmet_HCPS_Backpack;20576.png
20580;AOR1_SEAL_JPC_2.0_4;20580.png
20581;AOR2_Slim_Gloves;20581.png
20582;AOR2_Combat_Pants_Pads;20582.png
20583;Green_SEAL_FAST_7;20583.png
20584;Green_FAST_Glasses;20584.png
20585;Green_SEAL_FAST_8;20585.png
20586;Green_SEAL_FAST_9;20586.png
20587;ScottOps_3_Backpack_Green;20587.png
20600;EMR_RK_SHT30_Backpack_1;20600.png
20601;EMR_Hood_1;20601.png
20602;EMR_Patrol_1;20602.png
20603;EMR_6B47_1_1;20603.png
20604;EMR_6B47_2_1;20604.png
20605;EMR_6B47_3_1;20605.png
20606;EMR_6B47_4_1;20606.png
20607;EMR_6B47_5_1;20607.png
20608;EMR_6B47_6_1;20608.png
20609;EMR_Combat_Pants_1;20609.png
20610;EMR_Shell_1;20610.png
20611;EMR_Shell_1_Gloves_BCK;20611.png
20612;EMR_Shell_1_Gloves_GRN;20612.png
20613;EMR_6B45_2_1;20613.png
20614;EMR_6B45_3_1;20614.png
20615;EMR_6B46_2_1;20615.png
20616;EMR_6B46_3_1;20616.png
20617;EMR_6B46_4_1;20617.png
20618;EMR_6B46_5_1;20618.png
20619;EMR_RK_SHT30_Backpack_2;20619.png
20620;EMR_Hood_2;20620.png
20621;EMR_Patrol_2;20621.png
20622;EMR_6B47_1_2;20622.png
20623;EMR_6B47_2_2;20623.png
20624;EMR_6B47_3_2;20624.png
20625;EMR_6B47_4_2;20625.png
20626;EMR_6B47_5_2;20626.png
20627;EMR_6B47_6_2;20627.png
20628;EMR_Combat_Pants_2;20628.png
20629;EMR_Shell_2;20629.png
20630;EMR_Shell_2_Gloves_BCK;20630.png
20631;EMR_Shell_2_Gloves_GRN;20631.png
20632;EMR_6B45_2_2;20632.png
20633;EMR_6B45_3_2;20633.png
20634;EMR_6B46_2_2;20634.png
20635;EMR_6B46_3_2;20635.png
20636;EMR_6B46_4_2;20636.png
20637;EMR_6B46_5_2;20637.png
20638;EMR_RK_SHT30_Backpack_3;20638.png
20639;EMR_Hood_3;20639.png
20640;EMR_Patrol_3;20640.png
20641;EMR_6B47_1_3;20641.png
20642;EMR_6B47_2_3;20642.png
20643;EMR_6B47_3_3;20643.png
20644;EMR_6B47_4_3;20644.png
20645;EMR_6B47_5_3;20645.png
20646;EMR_6B47_6_3;20646.png
20647;EMR_Combat_Pants_3;20647.png
20648;EMR_Shell_3;20648.png
20649;EMR_Shell_3_Gloves_BCK;20649.png
20650;EMR_Shell_3_Gloves_GRN;20650.png
20651;EMR_6B45_2_3;20651.png
20652;EMR_6B45_3_3;20652.png
20653;EMR_6B46_2_3;20653.png
20654;EMR_6B46_3_3;20654.png
20655;EMR_6B46_4_3;20655.png
20656;EMR_6B46_5_3;20656.png
20657;EMR_RK_SHT30_Backpack_4;20657.png
20658;EMR_Hood_4;20658.png
20659;EMR_Patrol_4;20659.png
20660;EMR_6B47_1_4;20660.png
20661;EMR_6B47_2_4;20661.png
20662;EMR_6B47_3_4;20662.png
20663;EMR_6B47_4_4;20663.png
20664;EMR_6B47_5_4;20664.png
20665;EMR_6B47_6_4;20665.png
20666;EMR_Combat_Pants_4;20666.png
20667;EMR_Shell_4;20667.png
20668;EMR_Shell_4_Gloves_BCK;20668.png
20669;EMR_Shell_4_Gloves_GRN;20669.png
20670;EMR_6B45_2_4;20670.png
20671;EMR_6B45_3_4;20671.png
20672;EMR_6B46_2_4;20672.png
20673;EMR_6B46_3_4;20673.png
20674;EMR_6B46_4_4;20674.png
20675;EMR_6B46_5_4;20675.png
20676;Gssh-01;20676.png
20677;Green_6B47_1;20677.png
20678;Green_6B47_2;20678.png
20679;Green_6B47_3;20679.png
20680;Green_6B47_4;20680.png
20681;Green_6B47_5;20681.png
20682;Green_6B47_6;20682.png
20683;Black_RU_Beret;20683.png
20684;Blue_RU_Beret;20684.png
20685;Green_RU_Beret;20685.png
20686;Red_RU_Beret;20686.png
20688;ECPD_Dress_BCK;20688.png
20689;ECPD_Slim_BCK;20689.png
20690;POLICE_Belt_1_GRN;20690.png
20691;POLICE_Belt_1_BCK;20691.png
20692;Black_Kevlar_1;20692.png
20693;ECPD_Gray_Baseball;20693.png
20694;ECPD_Slim_BCK_Gloves_BCK;20694.png
20695;TTsko_Mich-2002_4;20695.png
20696;TTsko_Beanie;20696.png
20697;TTsko_Beanie_SenMor_M32;20697.png
20698;Perun-6_3_AK;20698.png
20699;Velmet_MBPG2_Backpack;20699.png
20709;EMR_Shell_1_A;20709.png
20710;EMR_Shell_1_A_Gloves_BCK;20710.png
20711;EMR_Shell_1_A_Gloves_GRN;20711.png
20712;EMR_Shell_1_GA;20712.png
20713;EMR_Shell_1_GA_Gloves_BCK;20713.png
20714;EMR_Shell_1_GA_Gloves_GRN;20714.png
20715;EMR_Shell_1_VDV;20715.png
20716;EMR_Shell_1_VDV_Gloves_BCK;20716.png
20717;EMR_Shell_1_VDV_Gloves_GRN;20717.png
20718;EMR_Shell_2_A;20718.png
20719;EMR_Shell_2_A_Gloves_BCK;20719.png
20720;EMR_Shell_2_A_Gloves_GRN;20720.png
20721;EMR_Shell_2_GA;20721.png
20722;EMR_Shell_2_GA_Gloves_BCK;20722.png
20723;EMR_Shell_2_GA_Gloves_GRN;20723.png
20724;EMR_Shell_2_VDV;20724.png
20725;EMR_Shell_2_VDV_Gloves_BCK;20725.png
20726;EMR_Shell_2_VDV_Gloves_GRN;20726.png
20727;EMR_Shell_3_A;20727.png
20728;EMR_Shell_3_A_Gloves_BCK;20728.png
20729;EMR_Shell_3_A_Gloves_GRN;20729.png
20730;EMR_Shell_3_GA;20730.png
20731;EMR_Shell_3_GA_Gloves_BCK;20731.png
20732;EMR_Shell_3_GA_Gloves_GRN;20732.png
20733;EMR_Shell_3_VDV;20733.png
20734;EMR_Shell_3_VDV_Gloves_BCK;20734.png
20735;EMR_Shell_3_VDV_Gloves_GRN;20735.png
20736;EMR_Shell_4_GA;20736.png
20737;EMR_Shell_4_GA_Gloves_BCK;20737.png
20738;EMR_Shell_4_GA_Gloves_GRN;20738.png
20739;EMR_Shell_4_A;20739.png
20740;EMR_Shell_4_A_Gloves_BCK;20740.png
20741;EMR_Shell_4_A_Gloves_GRN;20741.png
20742;EMR_Shell_4_VDV;20742.png
20743;EMR_Shell_4_VDV_Gloves_BCK;20743.png
20744;EMR_Shell_4_VDV_Gloves_GRN;20744.png
20745;Green_SEAL_FAST_10;20745.png
20746;Tan_SEAL_FAST_2;20746.png
20747;Tan_SEAL_FAST_3;20747.png
20748;Tan_SEAL_FAST_4;20748.png
20749;Tan_SEAL_FAST_5;20749.png
20750;Tan_SEAL_FAST_6;20750.png
20751;Tan_SEAL_FAST_7;20751.png
20752;Tan_SEAL_FAST_8;20752.png
20753;Tan_SEAL_FAST_9;20753.png
20754;Tan_SEAL_FAST_10;20754.png
20755;ScottOps_3_Backpack_Tan;20755.png
20756;ScottOps_3_Backpack_AOR1;20756.png
20757;ScottOps_3_Backpack_AOR2;20757.png
20758;AOR1_SEAL_JPC_2.0_5;20758.png
20759;AOR1_SEAL_JPC_2.0_6;20759.png
20760;AOR1_SEAL_JPC_2.0_7;20760.png
20761;AOR1_SEAL_JPC_2.0_8;20761.png
20762;AOR1_SEAL_JPC_2.0_9;20762.png
20763;AOR1_SEAL_JPC_2.0_10;20763.png
20764;AOR2_SEAL_JPC_2.0_1;20764.png
20765;AOR2_SEAL_JPC_2.0_2;20765.png
20766;AOR2_SEAL_JPC_2.0_3;20766.png
20767;AOR2_SEAL_JPC_2.0_4;20767.png
20768;AOR2_SEAL_JPC_2.0_5;20768.png
20769;AOR2_SEAL_JPC_2.0_6;20769.png
20770;AOR2_SEAL_JPC_2.0_7;20770.png
20771;AOR2_SEAL_JPC_2.0_8;20771.png
20772;AOR2_SEAL_JPC_2.0_9;20772.png
20773;AOR2_SEAL_JPC_2.0_10;20773.png
20774;Tan_SEAL_JPC_2.0_1;20774.png
20775;Tan_SEAL_JPC_2.0_2;20775.png
20776;Tan_SEAL_JPC_2.0_3;20776.png
20777;Tan_SEAL_JPC_2.0_4;20777.png
20778;Tan_SEAL_JPC_2.0_5;20778.png
20779;Tan_SEAL_JPC_2.0_6;20779.png
20780;Tan_SEAL_JPC_2.0_7;20780.png
20781;Tan_SEAL_JPC_2.0_8;20781.png
20782;Tan_SEAL_JPC_2.0_9;20782.png
20783;Tan_SEAL_JPC_2.0_10;20783.png
20784;Green_SEAL_JPC_2.0_1;20784.png
20785;Green_SEAL_JPC_2.0_2;20785.png
20786;Green_SEAL_JPC_2.0_3;20786.png
20787;Green_SEAL_JPC_2.0_4;20787.png
20788;Green_SEAL_JPC_2.0_5;20788.png
20789;Green_SEAL_JPC_2.0_6;20789.png
20790;Green_SEAL_JPC_2.0_7;20790.png
20791;Green_SEAL_JPC_2.0_8;20791.png
20792;Green_SEAL_JPC_2.0_9;20792.png
20793;Green_SEAL_JPC_2.0_10;20793.png
20794;ChocPic_Shell;20794.png
20795;ChocPic_Shell_Gloves;20795.png
20796;ChocPic_Shell_Gloves_BCK;20796.png
20797;ChocPic_Shell_Rolled;20797.png
20798;ChocPic_Shell_Rolled_Gloves;20798.png
20799;ChocPic_Shell_Rolled_Gloves_BCK;20799.png
20800;ChocPic_Slim;20800.png
20801;ChocPic_Slim_Gloves;20801.png
20802;ChocPic_Slim_Gloves_BCK;20802.png
20803;ChocPic_Slim_Rolled;20803.png
20804;ChocPic_Slim_Rolled_Gloves;20804.png
20805;ChocPic_Slim_Rolled_Gloves_BCK;20805.png
20806;ChocPic_Combat_Pants;20806.png
20807;ChocPic_Combat_Pants_BCK;20807.png
20808;ChocPic_Combat_Pants_Pads;20808.png
20809;ChocPic_Combat_Pants_Pads_BCK;20809.png
20810;ChocPic_Raider_Pants;20810.png
20811;ChocPic_Raider_Pants_BCK;20811.png
20812;DPM_Combat_Pants;20812.png
20813;DPM_Combat_Pants_BCK;20813.png
20814;DPM_Combat_Pants_Pads;20814.png
20815;DPM_Combat_Pants_Pads_BCK;20815.png
20816;DPM_Raider_Pants;20816.png
20817;DPM_Raider_Pants_BCK;20817.png
20818;DPM_Shell;20818.png
20819;DPM_Shell_Gloves;20819.png
20820;DPM_Shell_Gloves_BCK;20820.png
20821;DPM_Shell_Rolled;20821.png
20822;DPM_Shell_Rolled_Gloves;20822.png
20823;DPM_Shell_Rolled_Gloves_BCK;20823.png
20824;DPM_Slim;20824.png
20825;DPM_Slim_Gloves;20825.png
20826;DPM_Slim_Gloves_BCK;20826.png
20827;DPM_Slim_Rolled;20827.png
20828;DPM_Slim_Rolled_Gloves;20828.png
20829;DPM_Slim_Rolled_Gloves_BCK;20829.png
20830;DPM_Boonie;20830.png
20831;DPM_Boonie_SenMor_M32;20831.png
20832;DPM_FAST_1;20832.png
20833;DPM_FAST_2;20833.png
20834;DPM_Mich-2002_A_1;20834.png
20835;DPM_Mich-2002_A_2;20835.png
20836;DPM_Mich-2002_A_3;20836.png
20837;DPM_Mich-2002_A_4;20837.png
20838;DPM_CPC_1;20838.png
20839;DPM_CPC_2;20839.png
20840;DPM_CPC_2_AK;20840.png
20841;DPM_JPC_2.0_1;20841.png
20842;DPM_JPC_2.0_2;20842.png
20843;DPM_JPC_2.0_2_AK;20843.png
20844;DPM_JPC_2.0_3;20844.png
20845;DPM_JPC_2.0_3_AK;20845.png
20846;DPM_JPC_2.0_4;20846.png
20847;DPM_JPC_2.0_4_AK;20847.png
20848;DPM_SPC_1;20848.png
20849;DPM_SPC_2;20849.png
20850;DPM_SPC_3;20850.png
20851;DPM_SPC_4;20851.png
20852;DPM_Tactical_Belt;20852.png
20853;Tan_SEAL_FAST_1;20853.png
20871;FUNDED_Tshirt;20871.png
20873;Black_PASGT_1;20873.png
20874;Black_PASGT_2;20874.png
20875;Black_PASGT_3;20875.png
20876;Black_PASGT_4;20876.png
20877;Gray_PASGT_1;20877.png
20878;Gray_PASGT_2;20878.png
20879;Gray_PASGT_3;20879.png
20880;Gray_PASGT_4;20880.png
20881;Multicam_PASGT_1;20881.png
20882;Multicam_PASGT_2;20882.png
20883;Tan_PASGT_1;20883.png
20884;Tan_PASGT_2;20884.png
20885;Tan_PASGT_3;20885.png
20886;Tan_PASGT_4;20886.png
20887;KPA_PASGT_1;20887.png
20888;KPA_Combat_Pants_BCK;20888.png
20889;KPA_Shell_Gloves_BCK;20889.png
20890;Black_PASGT_Vest_1;20890.png
20891;KPA_PASGT_Vest_1;20891.png
20892;Gray_PASGT_Vest_1;20892.png
20893;Tan_PASGT_Vest_1;20893.png
20894;KPA_PASGT_2;20894.png
20895;Tan_Gorka_Shell;20895.png
20896;Tan_Gorka_Shell_Gloves;20896.png
20897;Tan_Gorka_Shell_Gloves_BCK;20897.png
20898;Tan_Gorka_Pants;20898.png
20899;Tan_Gorka_Pants_BCK;20899.png
20900;Tan_Gorka_Shell_GHOST;20900.png
20901;Multicam_Gorka_Shell_GHOST;20901.png
20902;Tan_Gorka_Shell_Gloves_GHOST;20902.png
20903;Tan_Gorka_Shell_Gloves_BCK_GHOST;20903.png
20904;Black_Gorka_Shell;20904.png
20905;Black_Gorka_Shell_GHOST;20905.png
20906;Black_Gorka_Shell_Gloves;20906.png
20907;Black_Gorka_Shell_Gloves_BCK;20907.png
20908;Black_Gorka_Shell_Gloves_BCK_GHOST;20908.png
20909;Black_Gorka_Shell_Gloves_GHOST;20909.png
20910;Black_Gorka_Pants;20910.png
20911;Black_Gorka_Pants_BCK;20911.png
20912;Multicam_Gorka_Shell_Gloves_GHOST;20912.png
20913;Multicam_Gorka_Shell_Gloves_BCK_GHOST;20913.png
20914;Gray_Gorka_Shell;20914.png
20915;Gray_Gorka_Shell_GHOST;20915.png
20916;Gray_Gorka_Shell_Gloves;20916.png
20917;Gray_Gorka_Shell_Gloves_BCK;20917.png
20918;Gray_Gorka_Shell_Gloves_BCK_GHOST;20918.png
20919;Gray_Gorka_Shell_Gloves_GHOST;20919.png
20920;Gray_Gorka_Pants;20920.png
20921;Gray_Gorka_Pants_BCK;20921.png
20922;1_Gorka_Shell;20922.png
20923;1_Gorka_Shell_GHOST;20923.png
20924;1_Gorka_Shell_Gloves_BCK;20924.png
20925;1_Gorka_Shell_Gloves_BCK_GHOST;20925.png
20926;1_Gorka_Shell_Gloves_GRN;20926.png
20927;1_Gorka_Shell_Gloves_GRN_GHOST;20927.png
20928;2_Gorka_Shell;20928.png
20929;2_Gorka_Shell_GHOST;20929.png
20930;2_Gorka_Shell_Gloves_BCK;20930.png
20931;2_Gorka_Shell_Gloves_BCK_GHOST;20931.png
20932;2_Gorka_Shell_Gloves_GRN;20932.png
20933;2_Gorka_Shell_Gloves_GRN_GHOST;20933.png
20934;3_Gorka_Shell;20934.png
20935;3_Gorka_Shell_GHOST;20935.png
20936;3_Gorka_Shell_Gloves_BCK;20936.png
20937;3_Gorka_Shell_Gloves_BCK_GHOST;20937.png
20938;3_Gorka_Shell_Gloves_GRN;20938.png
20939;3_Gorka_Shell_Gloves_GRN_GHOST;20939.png
20940;4_Gorka_Shell;20940.png
20941;4_Gorka_Shell_GHOST;20941.png
20942;4_Gorka_Shell_Gloves_BCK;20942.png
20943;4_Gorka_Shell_Gloves_BCK_GHOST;20943.png
20944;4_Gorka_Shell_Gloves_GRN;20944.png
20945;4_Gorka_Shell_Gloves_GRN_GHOST;20945.png
20946;1_Gorka_Pants;20946.png
20947;2_Gorka_Pants;20947.png
20948;3_Gorka_Pants;20948.png
20949;4_Gorka_Pants;20949.png
20950;Black_GPNVG - Peach;20950.png
20951;Black_GPNVG - White;20951.png
20952;Black_GPNVG_Scott - Peach;20952.png
20953;Black_GPNVG_Scott - White;20953.png
20954;Black_PVS-31 - Peach;20954.png
20955;Black_PVS-31 - White;20955.png
20956;Black_PVS-31_Scott - Peach;20956.png
20957;Black_PVS-31_Scott - White;20957.png
20958;Tan_PVS-31_Scott - White;20958.png
20959;Tan_PVS-31_Scott - Peach;20959.png
20960;Tan_PVS-31 - White;20960.png
20961;Tan_PVS-31 - Peach;20961.png
20962;Tan_GPNVG_Scott - White;20962.png
20963;Tan_GPNVG_Scott - Peach;20963.png
20964;Tan_GPNVG - White;20964.png
20965;Tan_GPNVG - Peach;20965.png
20966;DEN_FAST_1;20966.png
20968;DEN_Slim;20968.png
20971;Black_Taki2_Respirator;20971.png
20972;Tan_Taki2_Respirator;20972.png
21048;ChocPic_PASGT_1;21048.png
21049;ChocPic_PASGT_2;21049.png
21062;MXC_Slim;21062.png
21063;MXC_Combat_Pants_Pads;21063.png
21064;MXC_CTAC_1;21064.png
21065;MXC_Half_Mask;21065.png
21066;MXC_FAST_1;21066.png
21067;CAN_PASGT_1;21067.png
21068;CAN_PASGT_2;21068.png
21069;CAN_PASGT_3;21069.png
21070;CAN_PASGT_4;21070.png
21071;CAN_PASGT_5;21071.png
21072;CAN_PASGT_6;21072.png
21073;CAN_FAST_1;21073.png
21074;CAN_Rust_24_511_Assault_Pack_1;21074.png
21075;CAN_Rust_24_511_Assault_Pack_2;21075.png
21076;CAN_Rust_24_511_Assault_Pack_3;21076.png
21077;CAN_Balaclava_1;21077.png
21078;CAN_Balaclava_2;21078.png
21079;CAN_Shell_1;21079.png
21080;CAN_Shell_1_Gloves;21080.png
21081;CAN_Shell_2;21081.png
21082;CAN_Shell_2_Gloves;21082.png
21083;CAN_Slim;21083.png
21084;CAN_Slim_Gloves;21084.png
21085;CAN_CTAC_1;21085.png
21086;CAN_CTAC_2;21086.png
21087;CAN_CTAC_3;21087.png
21088;CAN_CTAC_4;21088.png
21089;CAN_CTAC_5;21089.png
21090;CAN_CTAC_6;21090.png
21091;CAN_Baseball_1;21091.png
21092;CAN_Combat_Pants_1;21092.png
21093;CAN_Combat_Pants_2;21093.png
21094;CAN_Raider_Pants_1;21094.png
21095;USEC_Shell;21095.png
21096;USEC_Trooper_1;21096.png
21097;Multicam_CPC_3;21097.png
21098;Multicam_JPC_2.0_5;21098.png
21099;Multicam_SPC_5;21099.png
21100;Multicam_Tactical_Belt_2;21100.png
21101;Multicam_Trooper_1;21101.png
21102;Multicam_Trooper_2;21102.png
21103;Multicam_Trooper_3;21103.png
21104;Multicam_Trooper_4;21104.png
21105;Tan_CPC_3;21105.png
21106;Tan_JPC_2.0_5;21106.png
21107;Tan_Tactical_Belt_2;21107.png
21108;Tan_Trooper_1;21108.png
21109;Tan_Trooper_2;21109.png
21110;Tan_Trooper_3;21110.png
21111;Tan_Trooper_4;21111.png
21112;Gray_CPC_3;21112.png
21113;Gray_JPC_2.0_5;21113.png
21114;Gray_Tactical_Belt_2;21114.png
21115;Gray_Trooper_1;21115.png
21116;Gray_Trooper_2;21116.png
21117;Gray_Trooper_3;21117.png
21118;Gray_Trooper_4;21118.png
21119;Black_CPC_3;21119.png
21120;Black_JPC_2.0_5;21120.png
21121;Black_Tactical_Belt_2;21121.png
21122;Black_Trooper_1;21122.png
21123;Black_Trooper_2;21123.png
21124;Black_Trooper_3;21124.png
21125;Black_Trooper_4;21125.png
21126;Black_SPC_5;21126.png
21127;Gray_SPC_5;21127.png
21128;Tan_SPC_5;21128.png
21129;Multicam_Aggressor;21129.png
21130;Tan_Aggressor;21130.png
21131;Gray_Aggressor;21131.png
21132;Black_Aggressor;21132.png
21153;Green_Altyn_1;21153.png
21154;Green_Altyn_2;21154.png
21155;Green_Altyn_3;21155.png
21156;Black_Rys-T_1;21156.png
21157;Black_Rys-T_2;21157.png
21158;Black_Rys-T_3;21158.png
21159;Altyn_Face_Shield;21159.png
21160;Rys-T_Face_Shield;21160.png
21161;Plaid_Shirt_Rolled;21161.png
21162;Plaid_Shirt_Gloves_Rolled;21162.png
21181;CAN_Rust_24_511_Assault_Pack_4;21181.png
21182;CAN_Rust_24_511_Assault_Pack_5;21182.png
21183;CAN_Rust_24_511_Assault_Pack_6;21183.png
21191;CAN_CTAC_7;21191.png
21192;CAN_CTAC_8;21192.png
21193;CAN_CTAC_9;21193.png
21194;Tan_Mich-2000_1;21194.png
21195;Tan_Mich-2000_2;21195.png
21196;Tan_Mich-2000_3;21196.png
21197;Tan_Mich-2000_4;21197.png
21198;Gray_Mich-2000_1;21198.png
21199;Gray_Mich-2000_2;21199.png
21200;Gray_Mich-2000_3;21200.png
21201;Gray_Mich-2000_4;21201.png
21202;Black_Mich-2000_1;21202.png
21203;Black_Mich-2000_2;21203.png
21204;Black_Mich-2000_3;21204.png
21205;Black_Mich-2000_4;21205.png
21206;Multicam_Mich-2000_1;21206.png
21207;Tan_Caiman_1;21207.png
21208;Tan_Caiman_2;21208.png
21209;Tan_Caiman_3;21209.png
21210;Tan_Caiman_4;21210.png
21211;Tan_Caiman_5;21211.png
21212;Tan_Caiman_6;21212.png
21213;Tan_Caiman_7;21213.png
21214;Tan_Caiman_8;21214.png
21215;Gray_Caiman_1;21215.png
21216;Gray_Caiman_2;21216.png
21217;Gray_Caiman_3;21217.png
21218;Gray_Caiman_4;21218.png
21219;Gray_Caiman_5;21219.png
21220;Gray_Caiman_6;21220.png
21221;Gray_Caiman_7;21221.png
21222;Gray_Caiman_8;21222.png
21223;Black_Caiman_1;21223.png
21224;Black_Caiman_2;21224.png
21225;Black_Caiman_3;21225.png
21226;Black_Caiman_4;21226.png
21227;Black_Caiman_5;21227.png
21228;Black_Caiman_6;21228.png
21229;Black_Caiman_7;21229.png
21230;Black_Caiman_8;21230.png
21231;Multicam_Caiman_1;21231.png
21232;Multicam_Caiman_2;21232.png
21233;Multicam_Caiman_3;21233.png
21234;Multicam_Caiman_4;21234.png
21235;Multicam_Caiman_5;21235.png
21236;Multicam_Caiman_6;21236.png
21237;Multicam_Caiman_7;21237.png
21238;Multicam_Caiman_8;21238.png
21239;UCP_Mich-2000_A_1;21239.png
21240;UCP_Mich-2000_A_2;21240.png
21241;UCP_Combat_Pants_BCK;21241.png
21242;UCP_Shell;21242.png
21243;Multicam_Mich-2000_A_1;21243.png
21244;Multicam_Mich-2000_A_2;21244.png
21250;SAS_FAST_1;21250.png
21251;SAS_Slim;21251.png
21252;SAS_CPC_1;21252.png
21253;SAS_CPC_2;21253.png
21254;SAS_CPC_3;21254.png
21255;SAS_CPC_4;21255.png
21256;SAS_CPC_5;21256.png
21257;SAS_CPC_6;21257.png
21258;SAS_CPC_7;21258.png
21259;SAS_Mikee_Zip-On_Bag;21259.png
21260;SAS_Rust_24_511_Assault_Pack;21260.png
21261;SAS_Baseball_SenMor_M32;21261.png
21262;UCP_SPC_1;21262.png
21263;AGAT_CPC_1;21263.png
21264;AGAT_CPC_2;21264.png
21265;AGAT_FAST_1;21265.png
21266;AGAT_Slim;21266.png
21267;CCT_HCPS_Backpack;21267.png
21268;CCT_Slim;21268.png
21269;CCT_Plaid_Shirt;21269.png
21270;CCT_Mich-2001_1;21270.png
21271;CCT_Mich-2001_2;21271.png
21272;CCT_PVS-31;21272.png
21273;CCT_JPC_2.0_1;21273.png
21274;CCT_JPC_2.0_2;21274.png
21275;SAS_FAST_2;21275.png
21276;SAS_FAST_3;21276.png
21277;SAS_Slim_2;21277.png
21278;SAS_Combat_Pants_Pads;21278.png
21279;SAS_CPC_8;21279.png
21280;SAS_CPC_9;21280.png
21281;Shinj_Hoodie_UWoodland_Ghost;21281.png
21282;SVIR_Field_1;21282.png
21283;SVIR_Field_2;21283.png
21284;SVIR_Pants_1;21284.png
21285;SVIR_Pants_2;21285.png
21600;test_b_v;21600.png
21601;test_b_h;21601.png
22192;Ammo_93;22192.png
22217;BRT_AM;22217.png
22220;Player_Fixed;22220.png
22222;M1128AM;22222.png
22232;Ammo;22232.png
22236;Ammo_Gun;22236.png
22272;Solnce_AM;22272.png
22500;gun;22500.png
22501;mag;22501.png
22502;suppressor;22502.png
22503;sight;22503.png
22504;grip;22504.png
23001;Carpat_Vityaz;23001.png
23001;Armor_Plate_(IIIA);dup/23001_2.png
23002;Carpat_Vityaz_30;23002.png
23003;Carpat_Vityaz_Iron_Sight;23003.png
23004;Carpat_Leather_Wolf;23004.png
23005;Carpat_Leather_Bear;23005.png
23006;Carpat_Leather_Monster;23006.png
23007;Carpat_Charge_Thermite;23007.png
23008;Carpat_Condensed_Milk;23008.png
23009;Carpat_Seed_Cucumber;23009.png
23010;Carpat_Cucumber;23010.png
23011;Carpat_CPU_01;23011.png
23012;Carpat_GPU_01;23012.png
23013;Carpat_Flash_Drive_01;23013.png
23014;Carpat_Candy_Lusod;23014.png
23015;Carpat_Candy_Blueberry;23015.png
23016;Carpat_Glaz;23016.png
23017;Carpat_Glaz_10;23017.png
23018;Carpat_Landmine_Tripwire;23018.png
23020;GZHEL_1_Black_III;23020.png
23021;Black_Hoodie_2;23021.png
23022;Black_Combat_Pants_Pads;23022.png
23023;Black MICH-2002_1 (Variant C);23023.png
23500;slavic_shirt_clasic;23500.png
23501;slavic_shirt_invert;23501.png
23502;slavic_hoody_blue;23502.png
23503;slavic_hoody_brown;23503.png
23504;slavic_hoody_green;23504.png
23505;slavic_hoody_orange;23505.png
23506;slavic_denim shorts;23506.png
23507;slavic_denim;23507.png
23508;slavic_shirt_white_dot;23508.png
23509;Slavic_Pistol_Holster;23509.png
23510;Carpat_Kepka;23510.png
23511;Slavic_Panama_Bag;23511.png
23512;Slavic_JKG_Top;23512.png
23513;Slavic_JKG_Pants;23513.png
23514;Slavic_Black_Pidora;23514.png
23515;Slavic_White_Pidora;23515.png
23516;Carpat_Police_Top;23516.png
23517;Carpat_Police_Pants;23517.png
23518;Carpat_Police_Hat;23518.png
23519;Carpat_Police_Vest;23519.png
23520;Slavic_Hunter_Top;23520.png
23521;Slavic_Backpack_Blue;23521.png
23522;Slavic_Backpack_Brown;23522.png
23523;Slavic_Backpack_Green;23523.png
23524;Slavic_Backpack_Orange;23524.png
23525;slavic_open_hoody_blue;23525.png
23526;slavic_open_hoody_brown;23526.png
23527;slavic_open_hoody_green;23527.png
23528;slavic_open_hoody_orange;23528.png
23530;Carpat_Marauder_Top;23530.png
23531;Carpat_Marauder_Pants;23531.png
23532;Carpat_Marauder_Hat;23532.png
23533;Carpat_Marauder_Vest;23533.png
23534;Carpat_Gopnik_Top;23534.png
23535;Carpat_Gopnik_Botton;23535.png
23536;Carpat_Gopnik_Hat;23536.png
23537;Carpat_Green_Dot_Sight;23537.png
23538;Carpat_Tespy_Top;23538.png
23539;Carpat_Tespy_Pants;23539.png
23540;Carpat_Wiz_Vest;23540.png
24001;RU_Passport;24001.png
24002;EU_Passport;24002.png
24002;Armor_Plate_(III);dup/24002_2.png
24003;Armor_Plate_(IV);24003.png
24005;Fabric_Aramid;24005.png
24006;Fabric_RipStop;24006.png
24007;Fabric_Cordura;24007.png
24008;Fabric_Fleece;24008.png
24009;JPC_1_Tan_II;24009.png
24010;JPC_1_Tan_IIIA;24010.png
24011;JPC_1_Tan_III;24011.png
24012;JPC_1_Tan_IV;24012.png
24013;JPC_2_Tan_II;24013.png
24014;JPC_2_Tan_IIIA;24014.png
24015;JPC_2_Tan_III;24015.png
24016;JPC_2_Tan_IV;24016.png
24017;Tan_Combat_Pants;24017.png
24018;Tan_Combat_Pants_Pads;24018.png
24019;Tan_Raider_Pants;24019.png
24020;Tan_Aggressor_1;24020.png
24021;Tan_Aggressor_2;24021.png
24022;Tan_Aggressor_3;24022.png
24023;Tan_Slim_Fit_1;24023.png
24024;Tan_Aggressor_1;24024.png
24024;Tan_Slim_Fit_2;dup/24024_2.png
24025;Tan_Slim_Fit_3;24025.png
24026;Tan_Slim_Fit_4;24026.png
24027;Tan FAST MT_1_Bump  (Variant A);24027.png
24028;Tan FAST MT_1_Bump  (Variant B);24028.png
24029;Tan FAST MT_1_Bump  (Variant C);24029.png
24030;Tan FAST MT_1_Bump  (Variant D);24030.png
24031;Tan FAST MT_2  (Variant A);24031.png
24032;Tan FAST MT_2  (Variant B);24032.png
24033;Tan FAST MT_3_Uparmored  (Variant A);24033.png
24034;Tan FAST MT_3_Uparmored  (Variant B);24034.png
24035;Tan MICH-2001_1 (Variant A);24035.png
24036;Tan MICH-2001_1 (Variant B);24036.png
24037;Tan MICH-2001_1 (Variant C);24037.png
24038;Tan MICH-2001_1 (Variant D);24038.png
24039;Tan MICH-2000_1 (Variant A);24039.png
24040;Tan MICH-2000_1 (Variant B);24040.png
24041;Tan MICH-2000_1 (Variant C);24041.png
24042;Tan MICH-2000_1 (Variant D);24042.png
24043;Tan MICH-2002_1 (Variant A);24043.png
24044;Tan MICH-2002_1 (Variant B);24044.png
24045;Tan MICH-2002_1 (Variant C);24045.png
24046;Tan MICH-2002_1 (Variant D);24046.png
24047;Tan Caiman_1 (Variant A);24047.png
24048;Tan Caiman_1 (Variant B);24048.png
24049;Tan Caiman_1 (Variant C);24049.png
24050;Tan Caiman_1 (Variant D);24050.png
24051;Tan Caiman_2_Uparmored (Variant A);24051.png
24052;Tan Caiman_2_Uparmored (Variant B);24052.png
24053;Tan Caiman_2_Uparmored (Variant C);24053.png
24054;Tan Caiman_2_Uparmored (Variant D);24054.png
24055;GPNVG (Green);24055.png
24056;GPNVG (Amber);24056.png
24057;GPNVG (White Phosphorus);24057.png
24058;PVS-7 (Green);24058.png
24059;PVS-7 (Amber);24059.png
24060;PVS-7 (White Phosphorus);24060.png
24061;PVS-14 (Green);24061.png
24062;PVS-14 (Amber);24062.png
24063;PVS-14 (White Phosphorus);24063.png
24064;PVS-31 (Green);24064.png
24065;PVS-31 (Amber);24065.png
24066;PVS-31 (White Phosphorus);24066.png
24067;Tan_Hoodie_1;24067.png
24068;Tan_Hoodie_2;24068.png
24069;Tan_Leather_1;24069.png
24070;Tan_Puffer_1;24070.png
24071;Tan_Puffer_2;24071.png
24072;SPC_1_Tan_II;24072.png
24073;SPC_1_Tan_IIIA;24073.png
24074;SPC_1_Tan_III;24074.png
24075;SPC_1_Tan_IV;24075.png
24076;Tan_Shell_1;24076.png
24077;Tan_Shell_2;24077.png
24078;Tan_Shell_3;24078.png
24079;Tan_Shell_4;24079.png
24080;Tan_Tshirt;24080.png
24081;CPC_1_Tan_II;24081.png
24082;CPC_1_Tan_IIIA;24082.png
24083;CPC_1_Tan_III;24083.png
24084;CPC_1_Tan_IV;24084.png
24085;Tan_Boonie_1;24085.png
24086;Tan_Boonie_2;24086.png
24087;Tan_Cap_1;24087.png
24088;Tan_Cap_2;24088.png
24089;Tan_Togue_1;24089.png
24090;Tan_Togue_2;24090.png
24091;Tan_Balaclava_1;24091.png
24092;Tan_Balaclava_2;24092.png
24093;Tan_FaceMask_1;24093.png
24094;Tan_FaceMask_2;24094.png
24095;Tan_Shemagh_1;24095.png
24096;Tan_TwoHole_1;24096.png
24097;Tan_FaceWrap_1;24097.png
24098;Tan_AlicePack_1;24098.png
24099;Tan_Survivalist_1;24099.png
24100;Tan_Camping_1;24100.png
24101;Tan_Condor_Base;24101.png
24102;Tan_Condor_Blue;24102.png
24103;Tan_Condor_Green;24103.png
24104;Tan_Condor_Orange;24104.png
24105;Tan_Condor_Red;24105.png
24106;Tan_Condor_Yellow;24106.png
24107;Tan_Wonkor_Base;24107.png
24108;Tan_Wonkor_Blue;24108.png
24109;Tan_Wonkor_Green;24109.png
24110;Tan_Wonkor_Orange;24110.png
24111;Tan_Wonkor_Red;24111.png
24112;Tan_Wonkor_Yellow;24112.png
24113;Tan_Goggles_Base;24113.png
24114;Tan_Goggles_Blue;24114.png
24115;Tan_Goggles_Green;24115.png
24116;Tan_Goggles_Orange;24116.png
24117;Tan_Goggles_Red;24117.png
24118;Tan_Goggles_Yellow;24118.png
24119;Tan_Mikee_1;24119.png
24120;Tan_Rantz_72_1;24120.png
24121;Allzo_Gasmask;24121.png
24122;Tan MICH-2000_1 (Variant A)_UP;24122.png
24123;Tan MICH-2002_1 (Variant C)_UP;24123.png
24124;GZHEL_1_Tan_II;24124.png
24124;Tan_Rantz_72_1;dup/24124_2.png
24125;GZHEL_1_Tan_IIIA;24125.png
24126;GZHEL_1_Tan_III;24126.png
24127;GZHEL_1_Tan_IV;24127.png
24128;CPC_2_Tan_II;24128.png
24129;CPC_2_Tan_IIIA;24129.png
24130;CPC_2_Tan_III;24130.png
24131;CPC_2_Tan_IV;24131.png
24132;SPC_2_Tan_II;24132.png
24133;SPC_2_Tan_IIIA;24133.png
24134;SPC_2_Tan_III;24134.png
24135;SPC_2_Tan_IV;24135.png
24136;Tan PASGT_1 (Variant A);24136.png
24137;Tan PASGT_1_Wrap (Variant A);24137.png
24138;Tan MICH-2000_2 (Variant A);24138.png
24139;Tan MICH-2000_2_Wrap (Variant A);24139.png
24140;Tan MICH-2002_2 (Variant A);24140.png
24141;Tan MICH-2002_2_Wrap (Variant A);24141.png
24142;Tan 6B47_1 (Variant A);24142.png
24143;Altyn (Variant A);24143.png
24144;Altyn (Variant A)_UP;24144.png
24145;RYS-T (Variant A);24145.png
24146;RYS-T (Variant A)_UP;24146.png
24147;TSH-4 (Variant A);24147.png
24148;JPC_1_Multicam_II;24148.png
24149;JPC_1_Multicam_IIIA;24149.png
24150;JPC_1_Multicam_III;24150.png
24151;JPC_1_Multicam_IV;24151.png
24152;JPC_2_Multicam_II;24152.png
24153;JPC_2_Multicam_IIIA;24153.png
24154;JPC_2_Multicam_III;24154.png
24155;JPC_2_Multicam_IV;24155.png
24156;Multicam_Combat_Pants;24156.png
24157;Multicam_Combat_Pants_Pads;24157.png
24158;Multicam_Raider_Pants;24158.png
24159;Multicam_Aggressor_1;24159.png
24160;Multicam_Aggressor_2;24160.png
24161;Multicam_Aggressor_3;24161.png
24162;Multicam_Slim_Fit_1;24162.png
24163;Multicam_Slim_Fit_2;24163.png
24164;Multicam_Slim_Fit_3;24164.png
24165;Multicam_Slim_Fit_4;24165.png
24166;Multicam FAST MT_1_Bump  (Variant A);24166.png
24167;Multicam FAST MT_1_Bump  (Variant B);24167.png
24168;Multicam FAST MT_1_Bump  (Variant C);24168.png
24169;Multicam FAST MT_1_Bump  (Variant D);24169.png
24170;Multicam FAST MT_2  (Variant A);24170.png
24171;Multicam FAST MT_2  (Variant B);24171.png
24172;Multicam FAST MT_3_Uparmored  (Variant A);24172.png
24173;Multicam FAST MT_3_Uparmored  (Variant B);24173.png
24174;Multicam MICH-2001_1 (Variant A);24174.png
24175;Multicam MICH-2001_1 (Variant B);24175.png
24176;Multicam MICH-2001_1 (Variant C);24176.png
24177;Multicam MICH-2001_1 (Variant D);24177.png
24178;Multicam MICH-2000_1 (Variant A);24178.png
24179;Multicam MICH-2000_1 (Variant B);24179.png
24180;Multicam MICH-2000_1 (Variant C);24180.png
24181;Multicam MICH-2000_1 (Variant D);24181.png
24182;Multicam MICH-2002_1 (Variant A);24182.png
24183;Multicam MICH-2002_1 (Variant B);24183.png
24184;Multicam MICH-2002_1 (Variant C);24184.png
24185;Multicam MICH-2002_1 (Variant D);24185.png
24186;Multicam Caiman_1 (Variant A);24186.png
24187;Multicam Caiman_1 (Variant B);24187.png
24188;Multicam Caiman_1 (Variant C);24188.png
24189;Multicam Caiman_1 (Variant D);24189.png
24190;Multicam Caiman_2_Uparmored (Variant A);24190.png
24191;Multicam Caiman_2_Uparmored (Variant B);24191.png
24192;Multicam Caiman_2_Uparmored (Variant C);24192.png
24193;Multicam Caiman_2_Uparmored (Variant D);24193.png
24194;Multicam_Hoodie_1;24194.png
24195;Multicam_Hoodie_2;24195.png
24196;Multicam_Leather_1;24196.png
24197;Multicam_Puffer_1;24197.png
24198;Multicam_Puffer_2;24198.png
24199;SPC_1_Multicam_II;24199.png
24200;SPC_1_Multicam_IIIA;24200.png
24201;smoke_grenades;24201.png
24201;SPC_1_Multicam_III;dup/24201_2.png
24202;Leoprad_OF Ammo;24202.png
24202;SPC_1_Multicam_IV;dup/24202_2.png
24203;Multicam_Shell_1;24203.png
24204;Multicam_Shell_2;24204.png
24205;Multicam_Shell_3;24205.png
24206;Multicam_Shell_4;24206.png
24207;Multicam_Tshirt;24207.png
24208;CPC_1_Multicam_II;24208.png
24209;CPC_1_Multicam_IIIA;24209.png
24210;CPC_1_Multicam_III;24210.png
24211;CPC_1_Multicam_IV;24211.png
24212;Multicam_Boonie_1;24212.png
24213;Multicam_Boonie_2;24213.png
24214;Multicam_Togue_1;24214.png
24215;Multicam_Togue_2;24215.png
24216;Multicam_Balaclava_1;24216.png
24217;Multicam_FaceMask_1;24217.png
24218;Multicam_TwoHole_1;24218.png
24219;Multicam_AlicePack_1;24219.png
24220;Multicam_Survivalist_1;24220.png
24221;Multicam_Camping_1;24221.png
24222;Multicam_Mikee_1;24222.png
24223;Multicam_Rantz_72_1;24223.png
24224;Multicam MICH-2000_1 (Variant A)_UP;24224.png
24225;Multicam MICH-2002_1 (Variant C)_UP;24225.png
24226;GZHEL_1_Multicam_II;24226.png
24227;GZHEL_1_Multicam_IIIA;24227.png
24228;GZHEL_1_Multicam_III;24228.png
24229;GZHEL_1_Multicam_IV;24229.png
24230;CPC_2_Multicam_II;24230.png
24231;CPC_2_Multicam_IIIA;24231.png
24232;CPC_2_Multicam_III;24232.png
24233;CPC_2_Multicam_IV;24233.png
24234;SPC_2_Multicam_II;24234.png
24235;SPC_2_Multicam_IIIA;24235.png
24236;SPC_2_Multicam_III;24236.png
24237;SPC_2_Multicam_IV;24237.png
24239;Multicam PASGT_1_Wrap (Variant A);24239.png
24240;Multicam MICH-2000_2 (Variant A);24240.png
24241;Multicam MICH-2000_2_Wrap (Variant A);24241.png
24242;Multicam MICH-2002_2 (Variant A);24242.png
24243;Multicam MICH-2002_2_Wrap (Variant A);24243.png
24244;Multicam 6B47_1_Wrap (Variant A);24244.png
24245;JPC_1_Green_II;24245.png
24246;JPC_1_Green_IIIA;24246.png
24247;JPC_1_Green_III;24247.png
24248;JPC_1_Green_IV;24248.png
24249;JPC_2_Green_II;24249.png
24250;JPC_2_Green_IIIA;24250.png
24251;JPC_2_Green_III;24251.png
24252;JPC_2_Green_IV;24252.png
24253;Green_Combat_Pants;24253.png
24254;Green_Combat_Pants_Pads;24254.png
24255;Green_Raider_Pants;24255.png
24256;Green_Aggressor_1;24256.png
24257;Green_Aggressor_2;24257.png
24258;Green_Aggressor_3;24258.png
24259;Green_Slim_Fit_1;24259.png
24260;Green_Slim_Fit_2;24260.png
24261;Green_Slim_Fit_3;24261.png
24262;Green_Slim_Fit_4;24262.png
24263;Green FAST MT_1_Bump  (Variant A);24263.png
24264;Green FAST MT_1_Bump  (Variant B);24264.png
24265;Green FAST MT_1_Bump  (Variant C);24265.png
24266;Green FAST MT_1_Bump  (Variant D);24266.png
24267;Green FAST MT_2  (Variant A);24267.png
24268;Green FAST MT_2  (Variant B);24268.png
24269;Green FAST MT_3_Uparmored  (Variant A);24269.png
24270;Green FAST MT_3_Uparmored  (Variant B);24270.png
24271;Green MICH-2001_1 (Variant A);24271.png
24272;Green MICH-2001_1 (Variant B);24272.png
24273;Green MICH-2001_1 (Variant C);24273.png
24274;Green MICH-2001_1 (Variant D);24274.png
24275;Green MICH-2000_1 (Variant A);24275.png
24276;Green MICH-2000_1 (Variant B);24276.png
24277;Green MICH-2000_1 (Variant C);24277.png
24278;Green MICH-2000_1 (Variant D);24278.png
24279;Green MICH-2002_1 (Variant A);24279.png
24280;Green MICH-2002_1 (Variant B);24280.png
24281;Green MICH-2002_1 (Variant C);24281.png
24282;Green MICH-2002_1 (Variant D);24282.png
24283;Green Caiman_1 (Variant A);24283.png
24284;Green Caiman_1 (Variant B);24284.png
24285;Green Caiman_1 (Variant C);24285.png
24286;Green Caiman_1 (Variant D);24286.png
24287;Green Caiman_2_Uparmored (Variant A);24287.png
24288;Green Caiman_2_Uparmored (Variant B);24288.png
24289;Green Caiman_2_Uparmored (Variant C);24289.png
24290;Green Caiman_2_Uparmored (Variant D);24290.png
24291;Green_Hoodie_1;24291.png
24292;Green_Hoodie_2;24292.png
24293;Green_Leather_1;24293.png
24294;Green_Puffer_1;24294.png
24295;Green_Puffer_2;24295.png
24296;SPC_1_Green_II;24296.png
24297;SPC_1_Green_IIIA;24297.png
24298;SPC_1_Green_III;24298.png
24299;SPC_1_Green_IV;24299.png
24300;Green_Shell_1;24300.png
24301;Green_Shell_2;24301.png
24302;Green_Shell_3;24302.png
24303;Green_Shell_4;24303.png
24304;Green_Tshirt;24304.png
24305;CPC_1_Green_II;24305.png
24306;CPC_1_Green_IIIA;24306.png
24307;CPC_1_Green_III;24307.png
24308;CPC_1_Green_IV;24308.png
24309;Green_Boonie_1;24309.png
24310;Green_Boonie_2;24310.png
24311;Green_Cap_1;24311.png
24312;Green_Cap_2;24312.png
24313;Green_Togue_1;24313.png
24314;Green_Togue_2;24314.png
24315;Green_Balaclava_1;24315.png
24316;Green_Balaclava_2;24316.png
24317;Green_FaceMask_1;24317.png
24318;Green_FaceMask_2;24318.png
24319;Green_Shemagh_1;24319.png
24320;Green_TwoHole_1;24320.png
24321;Green_FaceWrap_1;24321.png
24322;Green_AlicePack_1;24322.png
24323;Green_Survivalist_1;24323.png
24324;Green_Camping_1;24324.png
24325;Green_Mikee_1;24325.png
24326;Green_Rantz_72_1;24326.png
24327;Green MICH-2000_1 (Variant A)_UP;24327.png
24328;Green MICH-2002_1 (Variant C)_UP;24328.png
24329;GZHEL_1_Green_II;24329.png
24330;GZHEL_1_Green_IIIA;24330.png
24331;GZHEL_1_Green_III;24331.png
24332;GZHEL_1_Green_IV;24332.png
24333;CPC_2_Green_II;24333.png
24334;CPC_2_Green_IIIA;24334.png
24335;CPC_2_Green_III;24335.png
24336;CPC_2_Green_IV;24336.png
24337;SPC_2_Green_II;24337.png
24338;SPC_2_Green_IIIA;24338.png
24339;SPC_2_Green_III;24339.png
24340;SPC_2_Green_IV;24340.png
24341;Green PASGT_1 (Variant A);24341.png
24342;Green PASGT_1_Wrap (Variant A);24342.png
24343;Green MICH-2000_2 (Variant A);24343.png
24344;Green MICH-2002_2_Wrap (Variant A);24344.png
24345;Green MICH-2002_2 (Variant A);24345.png
24346;Green MICH-2000_2_Wrap (Variant A);24346.png
24347;Green 6B47_1 (Variant A);24347.png
24348;Green_Condor_Base;24348.png
24349;Green_Condor_Blue;24349.png
24350;Green_Condor_Green;24350.png
24351;Green_Condor_Orange;24351.png
24352;Green_Condor_Red;24352.png
24353;Green_Condor_Yellow;24353.png
24354;Green_Wonkor_Base;24354.png
24355;Green_Wonkor_Blue;24355.png
24356;Green_Wonkor_Green;24356.png
24357;Green_Wonkor_Orange;24357.png
24358;Green_Wonkor_Red;24358.png
24359;Green_Wonkor_Yellow;24359.png
24360;Green_Goggles_Base;24360.png
24361;Green_Goggles_Blue;24361.png
24362;Green_Goggles_Green;24362.png
24363;Green_Goggles_Orange;24363.png
24364;Green_Goggles_Red;24364.png
24365;Green_Goggles_Yellow;24365.png
24366;JPC_1_Black_II;24366.png
24367;JPC_1_Black_IIIA;24367.png
24368;JPC_1_Black_III;24368.png
24369;JPC_1_Black_IV;24369.png
24370;JPC_2_Black_II;24370.png
24371;JPC_2_Black_IIIA;24371.png
24372;JPC_2_Black_III;24372.png
24373;JPC_2_Black_IV;24373.png
24374;Black_Combat_Pants;24374.png
24375;Black_Combat_Pants_Pads;24375.png
24376;Black_Raider_Pants;24376.png
24377;Black_Aggressor_1;24377.png
24378;Black_Aggressor_2;24378.png
24379;Black_Aggressor_3;24379.png
24380;Black_Slim_Fit_1;24380.png
24381;Black_Slim_Fit_2;24381.png
24382;Black_Slim_Fit_3;24382.png
24383;Black_Slim_Fit_4;24383.png
24384;Black FAST MT_1_Bump  (Variant A);24384.png
24385;Black FAST MT_1_Bump  (Variant B);24385.png
24386;Black FAST MT_1_Bump  (Variant C);24386.png
24387;Black FAST MT_1_Bump  (Variant D);24387.png
24388;Black FAST MT_2  (Variant A);24388.png
24389;Black FAST MT_2  (Variant B);24389.png
24390;Black FAST MT_3_Uparmored  (Variant A);24390.png
24391;Black FAST MT_3_Uparmored  (Variant B);24391.png
24392;Black MICH-2001_1 (Variant A);24392.png
24393;Black MICH-2001_1 (Variant B);24393.png
24394;Black MICH-2001_1 (Variant C);24394.png
24395;Black MICH-2001_1 (Variant D);24395.png
24396;Black MICH-2000_1 (Variant A);24396.png
24397;Black MICH-2000_1 (Variant B);24397.png
24398;Black MICH-2000_1 (Variant C);24398.png
24399;Black MICH-2000_1 (Variant D);24399.png
24400;Black MICH-2002_1 (Variant A);24400.png
24401;Black MICH-2002_1 (Variant B);24401.png
24402;Black MICH-2002_1 (Variant C);24402.png
24403;Black MICH-2002_1 (Variant D);24403.png
24404;Black Caiman_1 (Variant A);24404.png
24405;Black Caiman_1 (Variant B);24405.png
24406;Black Caiman_1 (Variant C);24406.png
24407;Black Caiman_1 (Variant D);24407.png
24408;Black Caiman_2_Uparmored (Variant A);24408.png
24409;Black Caiman_2_Uparmored (Variant B);24409.png
24410;Black Caiman_2_Uparmored (Variant C);24410.png
24411;Black Caiman_2_Uparmored (Variant D);24411.png
24412;Black_Hoodie_1;24412.png
24413;Black_Hoodie_2;24413.png
24414;Black_Leather_1;24414.png
24415;Black_Puffer_1;24415.png
24416;Black_Puffer_2;24416.png
24417;SPC_1_Black_II;24417.png
24418;SPC_1_Black_IIIA;24418.png
24419;SPC_1_Black_III;24419.png
24420;SPC_1_Black_IV;24420.png
24421;Black_Shell_1;24421.png
24422;Black_Shell_2;24422.png
24423;Black_Shell_3;24423.png
24424;Black_Shell_4;24424.png
24425;Black_Tshirt;24425.png
24426;CPC_1_Black_II;24426.png
24427;CPC_1_Black_IIIA;24427.png
24428;CPC_1_Black_III;24428.png
24429;CPC_1_Black_IV;24429.png
24430;Black_Boonie_1;24430.png
24431;Black_Boonie_2;24431.png
24432;Black_Cap_1;24432.png
24433;Black_Cap_2;24433.png
24434;Black_Togue_1;24434.png
24435;Black_Togue_2;24435.png
24436;Black_Balaclava_1;24436.png
24437;Black_Balaclava_2;24437.png
24438;Black_FaceMask_1;24438.png
24439;Black_FaceMask_2;24439.png
24440;Black_Shemagh_1;24440.png
24441;Black_TwoHole_1;24441.png
24442;Black_FaceWrap_1;24442.png
24443;Black_AlicePack_1;24443.png
24444;Black_Survivalist_1;24444.png
24445;Black_Camping_1;24445.png
24446;Black_Mikee_1;24446.png
24447;Black_Rantz_72_1;24447.png
24448;Black MICH-2000_1 (Variant A)_UP;24448.png
24449;Black MICH-2002_1 (Variant C)_UP;24449.png
24450;GZHEL_1_Black_II;24450.png
24451;GZHEL_1_Black_IIIA;24451.png
24452;GZHEL_1_Black_III;24452.png
24453;GZHEL_1_Black_IV;24453.png
24454;CPC_2_Black_II;24454.png
24455;CPC_2_Black_IIIA;24455.png
24456;CPC_2_Black_III;24456.png
24457;CPC_2_Black_IV;24457.png
24458;SPC_2_Black_II;24458.png
24459;SPC_2_Black_IIIA;24459.png
24460;SPC_2_Black_III;24460.png
24461;SPC_2_Black_IV;24461.png
24462;Black PASGT_1 (Variant A);24462.png
24463;Black PASGT_1_Wrap (Variant A);24463.png
24464;Black MICH-2000_2 (Variant A);24464.png
24465;Black MICH-2000_2_Wrap (Variant A);24465.png
24466;Black MICH-2002_2 (Variant A);24466.png
24467;Black MICH-2002_2_Wrap (Variant A);24467.png
24468;Black 6B47_1 (Variant A);24468.png
24469;Black_Condor_Base;24469.png
24470;Black_Condor_Blue;24470.png
24471;Black_Condor_Green;24471.png
24472;Black_Condor_Orange;24472.png
24473;Black_Condor_Red;24473.png
24474;Black_Condor_Yellow;24474.png
24475;Black_Wonkor_Base;24475.png
24476;Black_Wonkor_Blue;24476.png
24477;Black_Wonkor_Green;24477.png
24478;Black_Wonkor_Orange;24478.png
24479;Black_Wonkor_Red;24479.png
24480;Black_Wonkor_Yellow;24480.png
24481;Black_Goggles_Base;24481.png
24482;Black_Goggles_Blue;24482.png
24483;Black_Goggles_Green;24483.png
24484;Black_Goggles_Orange;24484.png
24485;Black_Goggles_Red;24485.png
24486;Black_Goggles_Yellow;24486.png
24487;JPC_1_Gray_II;24487.png
24488;JPC_1_Gray_IIIA;24488.png
24489;JPC_1_Gray_III;24489.png
24490;JPC_1_Gray_IV;24490.png
24491;JPC_2_Gray_II;24491.png
24492;JPC_2_Gray_IIIA;24492.png
24493;JPC_2_Gray_III;24493.png
24494;JPC_2_Gray_IV;24494.png
24495;Gray_Combat_Pants;24495.png
24496;Gray_Combat_Pants_Pads;24496.png
24497;Gray_Raider_Pants;24497.png
24498;Gray_Aggressor_1;24498.png
24499;Gray_Aggressor_2;24499.png
24500;Gray_Aggressor_3;24500.png
24501;Gray_Slim_Fit_1;24501.png
24502;Gray_Slim_Fit_2;24502.png
24503;Gray_Slim_Fit_3;24503.png
24504;Gray_Slim_Fit_4;24504.png
24505;Gray FAST MT_1_Bump  (Variant A);24505.png
24506;Gray FAST MT_1_Bump  (Variant B);24506.png
24507;Gray FAST MT_1_Bump  (Variant C);24507.png
24508;Gray FAST MT_1_Bump  (Variant D);24508.png
24509;Gray FAST MT_2  (Variant A);24509.png
24510;Gray FAST MT_2  (Variant B);24510.png
24511;Gray FAST MT_3_Uparmored  (Variant A);24511.png
24512;Gray FAST MT_3_Uparmored  (Variant B);24512.png
24513;Gray MICH-2001_1 (Variant A);24513.png
24514;Gray MICH-2001_1 (Variant B);24514.png
24515;Gray MICH-2001_1 (Variant C);24515.png
24516;Gray MICH-2001_1 (Variant D);24516.png
24517;Gray MICH-2000_1 (Variant A);24517.png
24518;Gray MICH-2000_1 (Variant B);24518.png
24519;Gray MICH-2000_1 (Variant C);24519.png
24520;Gray MICH-2000_1 (Variant D);24520.png
24521;Gray MICH-2002_1 (Variant A);24521.png
24522;Gray MICH-2002_1 (Variant B);24522.png
24523;Gray MICH-2002_1 (Variant C);24523.png
24524;Gray MICH-2002_1 (Variant D);24524.png
24525;Gray Caiman_1 (Variant A);24525.png
24526;Gray Caiman_1 (Variant B);24526.png
24527;Gray Caiman_1 (Variant C);24527.png
24528;Gray Caiman_1 (Variant D);24528.png
24529;Gray Caiman_2_Uparmored (Variant A);24529.png
24530;Gray Caiman_2_Uparmored (Variant B);24530.png
24531;Gray Caiman_2_Uparmored (Variant C);24531.png
24532;Gray Caiman_2_Uparmored (Variant D);24532.png
24533;Gray_Hoodie_1;24533.png
24534;Gray_Hoodie_2;24534.png
24535;Gray_Leather_1;24535.png
24536;Gray_Puffer_1;24536.png
24537;Gray_Puffer_2;24537.png
24538;SPC_1_Gray_II;24538.png
24539;SPC_1_Gray_IIIA;24539.png
24540;SPC_1_Gray_III;24540.png
24541;SPC_1_Gray_IV;24541.png
24542;Gray_Shell_1;24542.png
24543;Gray_Shell_2;24543.png
24544;Gray_Shell_3;24544.png
24545;Gray_Shell_4;24545.png
24546;Gray_Tshirt;24546.png
24547;CPC_1_Gray_II;24547.png
24548;CPC_1_Gray_IIIA;24548.png
24549;CPC_1_Gray_III;24549.png
24550;CPC_1_Gray_IV;24550.png
24551;Gray_Boonie_1;24551.png
24552;Gray_Boonie_2;24552.png
24553;Gray_Cap_1;24553.png
24554;Gray_Cap_2;24554.png
24555;Gray_Togue_1;24555.png
24556;Gray_Togue_2;24556.png
24557;Gray_Balaclava_1;24557.png
24558;Gray_Balaclava_2;24558.png
24559;Gray_FaceMask_1;24559.png
24560;Gray_FaceMask_2;24560.png
24561;Gray_Shemagh_1;24561.png
24562;Gray_TwoHole_1;24562.png
24563;Gray_FaceWrap_1;24563.png
24564;Gray_AlicePack_1;24564.png
24565;Gray_Survivalist_1;24565.png
24566;Gray_Camping_1;24566.png
24567;Gray_Mikee_1;24567.png
24568;Gray_Rantz_72_1;24568.png
24569;Gray MICH-2000_1 (Variant A)_UP;24569.png
24570;Gray MICH-2002_1 (Variant C)_UP;24570.png
24571;GZHEL_1_Gray_II;24571.png
24572;GZHEL_1_Gray_IIIA;24572.png
24573;GZHEL_1_Gray_III;24573.png
24574;GZHEL_1_Gray_IV;24574.png
24575;CPC_2_Gray_II;24575.png
24576;CPC_2_Gray_IIIA;24576.png
24577;CPC_2_Gray_III;24577.png
24578;CPC_2_Gray_IV;24578.png
24579;SPC_2_Gray_II;24579.png
24580;SPC_2_Gray_IIIA;24580.png
24581;SPC_2_Gray_III;24581.png
24582;SPC_2_Gray_IV;24582.png
24583;Gray PASGT_1 (Variant A);24583.png
24584;Gray PASGT_1_Wrap (Variant A);24584.png
24585;Gray MICH-2000_2 (Variant A);24585.png
24586;Gray MICH-2000_2_Wrap (Variant A);24586.png
24587;Gray MICH-2002_2 (Variant A);24587.png
24588;Gray MICH-2002_2_Wrap (Variant A);24588.png
24589;Gray 6B47_1 (Variant A);24589.png
24590;Blue_Jeans_Pads;24590.png
24591;DN_Jacket;24591.png
24592;USEC_Cap_1;24592.png
24593;UN PASGT_1_Wrap (Variant A);24593.png
24594;Zhuk_1_PRESS_II;24594.png
24595;Zhuk_1_PRESS_IIIA;24595.png
24596;Zhuk_1_PRESS_III;24596.png
24597;Zhuk_1_PRESS_IV;24597.png
24598;FBI MICH-2002_1 (Variant A);24598.png
24599;JPC_1_FBI_II;24599.png
24600;JPC_1_FBI_IIIA;24600.png
24601;JPC_1_FBI_III;24601.png
24602;JPC_1_FBI_IV;24602.png
24603;FBI_Zip-On_1;24603.png
24604;FBI_Slim_Fit_1;24604.png
24605;FBI_Combat_Pants_Pads;24605.png
24606;GSSH_BCK;24606.png
24607;GSSH_TAN;24607.png
24608;GSSH_GRN;24608.png
24609;M32_BCK;24609.png
24610;M32_TAN;24610.png
24611;M32_GRN;24611.png
24612;Sanotec2_BCK;24612.png
24613;Sanotec2_GRN;24613.png
24614;Sanotec2_TAN;24614.png
24615;Sanotec4_BCK;24615.png
24616;Sanotec4_GRN;24616.png
24617;Sanotec4_TAN;24617.png
24618;Selin_BCK;24618.png
24619;Selin_TAN;24619.png
24620;Selin_GRN;24620.png
24621;XCEL_GRAY;24621.png
24622;Zhuk_Chest_Rig;24622.png
24623;Zhuk_1_PRESS_II_(Zhuk_Rig);24623.png
24624;Selin_GRN;24624.png
24624;Zhuk_1_PRESS_IIIA_(Zhuk_Rig);dup/24624_2.png
24625;Zhuk_1_PRESS_III_(Zhuk_Rig);24625.png
24626;Zhuk_1_PRESS_IV_(Zhuk_Rig);24626.png
24627;TV104_Chest_Rig;24627.png
24628;Zhuk_1_PRESS_II_(TV104_Rig);24628.png
24629;Zhuk_1_PRESS_IIIA_(TV104_Rig);24629.png
24630;Zhuk_1_PRESS_III_(TV104_Rig);24630.png
24631;Zhuk_1_PRESS_IV_(TV104_Rig);24631.png
24632;Black_Flannel_1;24632.png
24633;Black_Flannel_2;24633.png
24634;Brown_Flannel_1;24634.png
24635;Brown_Flannel_2;24635.png
24636;Dark_Blue_Flannel_1;24636.png
24637;Dark_Blue_Flannel_2;24637.png
24638;Dark_Gray_Flannel_1;24638.png
24639;Dark_Gray_Flannel_2;24639.png
24640;Tan_Tactical_Belt_Light_1;24640.png
24641;Green_Tactical_Belt_Light_1;24641.png
24642;Black_Tactical_Belt_Light_1;24642.png
24643;Gray_Tactical_Belt_Light_1;24643.png
24644;Tan_Tactical_Belt_Heavy_1;24644.png
24645;Green_Tactical_Belt_Heavy_1;24645.png
24646;Black_Tactical_Belt_Heavy_1;24646.png
24647;Gray_Tactical_Belt_Heavy_1;24647.png
24648;Black_Dufflebag;24648.png
24649;Black Biker Helmet (Variant A);24649.png
24650;Black Biker Helmet (Variant A)_UP;24650.png
24651;Black_Jeans_Pads;24651.png
24652;Beret_Black;24652.png
24653;Beret_Blue;24653.png
24654;Beret_Green;24654.png
24655;Beret_Red;24655.png
24656;Beret_Tan;24656.png
24657;PVS-14-Mono (Green);24657.png
24658;PVS-14-Mono (Amber);24658.png
24659;PVS-14-Mono (White Phosphorus);24659.png
24660;GPNVG (Green)(Skulllock);24660.png
24661;GPNVG (Amber)(Skulllock);24661.png
24662;GPNVG (White Phosphorus)(Skulllock);24662.png
24663;PVS-7 (Green)(Skulllock);24663.png
24664;PVS-7 (Amber)(Skulllock);24664.png
24665;PVS-7 (White Phosphorus)(Skulllock);24665.png
24666;PVS-14 (Green)(Skulllock);24666.png
24667;PVS-14 (Amber)(Skulllock);24667.png
24668;PVS-14 (White Phosphorus)(Skulllock);24668.png
24669;PVS-31 (Green)(Skulllock);24669.png
24670;PVS-31 (Amber)(Skulllock);24670.png
24671;PVS-31 (White Phosphorus)(Skulllock);24671.png
24672;PVS-14-Mono (Green)(Skulllock);24672.png
24673;PVS-14-Mono (Amber)(Skulllock);24673.png
24674;PVS-14-Mono (White Phosphorus)(Skulllock);24674.png
24675;6SH112_Vest;24675.png
24676;Poyas_A_Chest_Rig;24676.png
24677;Zhuk_1_PRESS_II_(Poyas_A_Rig);24677.png
24678;Zhuk_1_PRESS_IIIA_(Poyas_A_Rig);24678.png
24679;Zhuk_1_PRESS_III_(Poyas_A_Rig);24679.png
24680;Zhuk_1_PRESS_IV_(Poyas_A_Rig);24680.png
24681;Zhuk_1_EMR_II_(Zhuk_Rig);24681.png
24682;Zhuk_1_EMR_IIIA_(Zhuk_Rig);24682.png
24683;Zhuk_1_EMR_III_(Zhuk_Rig);24683.png
24684;Zhuk_1_EMR_IV_(Zhuk_Rig);24684.png
24685;Zhuk_1_EMR_II_(TV104_Rig);24685.png
24686;Zhuk_1_EMR_IIIA_(TV104_Rig);24686.png
24687;Zhuk_1_EMR_III_(TV104_Rig);24687.png
24688;Zhuk_1_EMR_IV_(TV104_Rig);24688.png
24689;Zhuk_1_EMR_II_(6SH112_Vest);24689.png
24690;Zhuk_1_EMR_IIIA_(6SH112_Vest);24690.png
24691;Zhuk_1_EMR_III_(6SH112_Vest);24691.png
24692;Zhuk_1_EMR_IV_(6SH112_Vest);24692.png
24693;Zhuk_1_EMR_II_(Poyas_A_Rig);24693.png
24694;Zhuk_1_EMR_IIIA_(Poyas_A_Rig);24694.png
24695;Zhuk_1_EMR_III_(Poyas_A_Rig);24695.png
24696;Zhuk_1_EMR_IV_(Poyas_A_Rig);24696.png
24701;Raindrop_M85_Field_Jacket;24701.png
24702;Raindrop_M85_Field_Pants;24702.png
24703;Green_M85_Field_Jacket;24703.png
24704;Green_M85_Field_Pants;24704.png
24705;Green_M85_Parka;24705.png
24706;Surplus_Ushanka_A;24706.png
24707;Surplus_Ushanka_B;24707.png
24708;Green Ssh68_1 (Variant A);24708.png
24709;Brown_M81_Field_Pants;24709.png
24710;Brown_M81_Field_Jacket_VDV;24710.png
24711;Brown_M81_Field_Jacket_BG;24711.png
24712;Brown_M81_Field_Jacket_NV;24712.png
24713;Brown_M81_Field_Jacket_NG;24713.png
24714;Brown_M81_Field_Jacket_OM;24714.png
24715;Brown_M81_Field_Jacket_NI;24715.png
24716;Telnyashka_VDV;24716.png
24717;Telnyashka_BG;24717.png
24718;Telnyashka_NV;24718.png
24719;Telnyashka_NG;24719.png
24721;Telnyashka_NI;24721.png
24722;EMR_6SH122_Shell (Variant A);24722.png
24723;EMR_6SH122_Shell (Variant B);24723.png
24724;EMR_6SH122_Shell (Variant C);24724.png
24725;EMR_6SH122_Combat_Pants;24725.png
24726;EMR_6SH122_Combat_Pants_Pads;24726.png
24727;EMR 6B47_1_Wrap (Variant A);24727.png
24728;EMR 6B47_1_Wrap (Variant B);24728.png
24729;EMR 6B47_1_Wrap (Variant C);24729.png
24730;EMR 6B47_1_Wrap (Variant D);24730.png
24732;EMR_VKBO_Shell (Variant A);24732.png
24733;EMR_VKBO_Shell (Variant B);24733.png
24734;EMR_VKBO_Shell (Variant C);24734.png
24735;EMR_VKBO_Combat_Pants;24735.png
24736;EMR_VKBO_Combat_Pants_Pads;24736.png
24737;EMR_6SH122_Shell (Variant D);24737.png
24738;6B43_1_EMR_II;24738.png
24739;6B43_1_EMR_IIIA;24739.png
24740;6B43_1_EMR_III;24740.png
24741;6B43_1_EMR_IV;24741.png
24742;6B45_1_EMR_II;24742.png
24743;6B45_1_EMR_IIIA;24743.png
24744;6B45_1_EMR_III;24744.png
24745;6B45_1_EMR_IV;24745.png
24746;EMR 6B47_1_Wrap (Variant E);24746.png
24747;EMR 6B47_1_Wrap (Variant F);24747.png
24752;EMR_VKBO_Shell (Variant A)(VDV);24752.png
24753;EMR_VKBO_Shell (Variant B)(VDV);24753.png
24754;EMR_VKBO_Shell (Variant A)(FSB);24754.png
24755;EMR_VKBO_Shell (Variant B)(FSB);24755.png
24756;EMR_VKBO_Shell (Variant A)(ARMY);24756.png
24757;EMR_VKBO_Shell (Variant B)(ARMY);24757.png
24758;Zhuk_1_EMR_II;24758.png
24759;Zhuk_1_EMR_IIIA;24759.png
24760;Zhuk_1_EMR_III;24760.png
24761;Zhuk_1_EMR_IV;24761.png
24762;Zhuk_1_PRESS_II_(6SH112_Vest);24762.png
24763;Zhuk_1_PRESS_IIIA_(6SH112_Vest);24763.png
24764;Zhuk_1_PRESS_III_(6SH112_Vest);24764.png
24765;Zhuk_1_PRESS_IV_(6SH112_Vest);24765.png
24900;Gun;24900.png
24901;Mag;24901.png
24902;Sight;24902.png
24905;Grip;24905.png
24906;Suppressor;24906.png
24908;Grip_1;24908.png
25011;Kepka;25011.png
25012;MiliP;25012.png
25013;MiliS;25013.png
25014;DelovoyP;25014.png
25015;DelovoySB;25015.png
25016;DelovoySBL;25016.png
25017;GasS;25017.png
25018;SpecH;25018.png
25019;SpecP;25019.png
25020;SpecS;25020.png
25021;SpecV;25021.png
25022;Glass;25022.png
25023;Mask;25023.png
25024;OperH;25024.png
25025;OperP;25025.png
25026;OperS;25026.png
25027;OperV;25027.png
25028;GhillieH;25028.png
25029;GhillieP;25029.png
25030;GhillieS;25030.png
25031;GhillieV;25031.png
25032;SpecB;25032.png
25083;Magazine_Minigun_AP;25083.png
25084;Magazine_Minigun_HE;25084.png
25092;Magazine_Reload_Bomb;25092.png
25095;Magazine_Reload_Rocket;25095.png
25098;Magazine_Reload_Missile;25098.png
25103;Magazine_MG_Mig17;25103.png
25106;Gun_Missile_Launcher;25106.png
25107;Magazine_MG_Blackhawk;25107.png
25108;Magazine_Missile_Launcher;25108.png
25109;Sight_Missile_Launcher;25109.png
25110;Magazine_MG_Apache;25110.png
25115;Magazine_MG_F22;25115.png
25118;Magazine_MG_EuroFighter;25118.png
25121;Magazine_MG_Harrier;25121.png
25150;Magazine_Reload_ATGM;25150.png
25152;Item_Barricade_Door_Rear_White;25152.png
25154;Item_Magazine_Autocannon;25154.png
25160;Item_Magazine_Minigun;25160.png
25165;Item_Magazine_Hellfire;25165.png
25170;Magazine_ATGM;25170.png
25174;Item_Magazine_Autocannon;25174.png
25176;Item_Magazine_Machinegun;25176.png
25205;Magazine_Aircraft;25205.png
25205;Magazine_MG;dup/25205_2.png
25207;Magazine_Reload_Rocket;25207.png
25214;Magazine_J16;25214.png
25216;Magazine_Missile;25216.png
25227;Magazine_Rockets;25227.png
26400;Camel1;26400.png
26401;Camel2;26401.png
26402;Camel3;26402.png
26403;Caracal1;26403.png
26404;Caracal2;26404.png
26405;Caracal3;26405.png
26406;Turtles1;26406.png
26407;Turtles2;26407.png
26408;Turtles3;26408.png
26409;Single Cigarette;26409.png
26410;TopG;26410.png
26411;Makeshift;26411.png
26412;Tobacco Seed;26412.png
26413;Tobacco Plant;26413.png
26414;Tobacco Leaves;26414.png
26415;Cigarette;26415.png
26416;Lit Cigarette;26416.png
26417;Cigar;26417.png
26418;Lit Cigar;26418.png
26888;gun;26888.png
26889;mag;26889.png
26890;gun;26890.png
26891;mag;26891.png
26892;sight;26892.png
26893;gun;26893.png
26894;mag;26894.png
26895;sight;26895.png
27350;PVS-7_Black;27350.png
27351;PVS-14_Black;27351.png
27352;PVS-15_Black;27352.png
27591;VKS_Top;27591.png
27592;VKSWTG_Top;27592.png
27593;VKS_Bottom;27593.png
27594;VKSBlue_Bottom;27594.png
27595;VKSBlue_Top;27595.png
27596;VKSBlueWTG_Top;27596.png
27598;VKS_Beret;27598.png
27599;VKS_Vest;27599.png
27890;gun;27890.png
27891;mag;27891.png
27892;sight;27892.png
28052;万足金条;28052.png
28053;曼德尔超算单元;28053.png
28054;高速磁盘阵列;28054.png
28055;刀片服务器;28055.png
28056;哈夫克笔记本;28056.png
28057;军用电台;28057.png
28058;显卡;28058.png
28059;高速固态硬盘;28059.png
28060;CPU;28060.png
28061;数码相机;28061.png
28062;自动体外除颤器;28062.png
28063;呼吸机;28063.png
28064;静脉定位器;28064.png
28065;血氧仪;28065.png
28066;燃料电池;28066.png
28067;强化碳纤维板;28067.png
28068;奥莉薇娅香槟;28068.png
28069;纯金打火机;28069.png
28070;非洲之心;28070.png
28071;克劳狄乌斯半身像;28071.png
28072;赛伊德的怀表;28072.png
28073;阿萨拉特色酒杯;28073.png
28074;云存储阵列;28074.png
28075;量子存储;28075.png
28076;实验数据;28076.png
28077;资料设计图纸;28077.png
28078;变电站技术室钥匙卡;28078.png
28079;东楼经理室钥匙卡;28079.png
28080;雷达站数据中心钥匙卡;28080.png
28081;酒店国王套房钥匙卡;28081.png
28082;博物馆展厅套间钥匙卡;28082.png
28083;巴别塔总裁会议室钥匙卡;28083.png
28084;蓝室核心钥匙卡;28084.png
28085;总裁室会客厅钥匙卡;28085.png
28086;便携军用雷达;28086.png
28087;飞行记录仪;28087.png
28088;军用信息终端;28088.png
28089;军用控制终端;28089.png
28090;可编程处理器;28090.png
28091;复苏呼吸机;28091.png
28092;军用炸药;28092.png
28093;扫拖一体机器人;28093.png
28094;优秀雇员奖杯;28094.png
28095;卫队金扳指;28095.png
28096;绝密服务器;28096.png
28097;阵列服务器;28097.png
28440;ACID_RUS;28440.png
28441;ACID_USA;28441.png
28442;Deadzone_RUS;28442.png
28443;Deadzone_USA;28443.png
28444;Fire_RUS;28444.png
28445;Fire_USA;28445.png
28591;VKS_Visor;28591.png
28592;VKS_ZSH-7;28592.png
28593;VKS_ZSH-7 Green;28593.png
28594;VKS_Oxym;28594.png
28595;VKS_D6;28595.png
28646;NP_AS;28646.png
29391;Mard 2 Ammo;29391.png
29531;Boomerang Ammo;29531.png
29532;Rocket_Boomerang Ammo;29532.png
29533;Boomerang Ammo ZRK;29533.png
31002;Stear;31002.png
31499;mag;31499.png
31500;gun;31500.png
31501;Downtown_Door_Glass_Store;31501.png
31501;Downtown_Door_Store;dup/31501_2.png
31502;Downtown_Door_Wood_Maple;31502.png
31502;Downtown_Door_Wood;dup/31502_2.png
31503;Downtown_Door_Metal_Simple;31503.png
31503;Downtown_Door_Metal;dup/31503_2.png
31630;Smoke_A10;31630.png
31631;Smoke_Su25;31631.png
31632;Smoke_AC130;31632.png
31633;Smoke_An12;31633.png
31634;PLD;31634.png
31635;PLD_Battery;31635.png
31636;PLD_Scope;31636.png
32112;Glasses;32112.png
32113;Hat;32113.png
32114;Mask;32114.png
32115;Pants;32115.png
32116;Shirt;32116.png
32117;Vest;32117.png
32400;CUS_Backpack;32400.png
32401;GER_Backpack;32401.png
32402;RUS_Backpack;32402.png
32403;CUS_Helmet;32403.png
32404;CUS_Helmet2;32404.png
32405;CUS_Helmet3;32405.png
32406;GER_Helmet;32406.png
32407;GER_Snow_Helmet_1;32407.png
32408;GER_Snow_Helmet_2;32408.png
32409;RUS_Helmet;32409.png
32410;RUS_Snow_Helmet_1;32410.png
32411;RUS_Snow_Helmet_2;32411.png
32412;GER_Balaclava;32412.png
32415;RUS_Balaclava;32415.png
32416;SNOW_Balaclava_1;32416.png
32417;SNOW_Balaclava_2;32417.png
32418;GER_Bottom;32418.png
32419;GER_Snow_Bottom;32419.png
32420;RUS_Bottom;32420.png
32421;RUS_Snow_Bottom;32421.png
32423;GER_Snow_Top;32423.png
32424;GER_Top;32424.png
32425;RUS_Snow_Top;32425.png
32426;RUS_Top;32426.png
32427;CUS_Vest1;32427.png
32428;GER_Snow_Vest;32428.png
32429;GER_Vest;32429.png
32430;RUS_Snow_Vest;32430.png
32431;RUS_Vest;32431.png
33000;vestG;33000.png
33000;SHD-TECH;dup/33000_2.png
33001;maskG;33001.png
33001;SHD-BIOH;dup/33001_2.png
33002;helmetG;33002.png
33002;SHD-TAD-SH-GE;dup/33002_2.png
33003;shirtG;33003.png
33003;SHD-TAD-SH-BK;dup/33003_2.png
33004;pantsG;33004.png
33004;SHD-TAD-SH-BR;dup/33004_2.png
33005;SHD-TAD-RH-TA;33005.png
33006;SHD-TAD-RH-GE;33006.png
33007;SHD-TAD-RH-GR;33007.png
33008;SHD-TAD-RH-BK;33008.png
33009;SHD-TAD-RH-BU;33009.png
33010;SHD-TAD-CH-TA;33010.png
33011;SHD-TAD-CH-GE;33011.png
33012;SHD-TAD-CH-BK;33012.png
33013;SHD-TG-TH-RG;33013.png
33014;SHD-TG-TH-BK;33014.png
33015;SHD-TG-TP-BK;33015.png
33016;SHD-TG-TP-TA;33016.png
33017;SHD-TG-TP-TB;33017.png
33018;SHD-TG-TP-RG;33018.png
33019;SHD-TG-TP-RB;33019.png
33020;SHD-TG-TP-WB;33020.png
33021;SHD-CP-GR;33021.png
33022;SHD-CP-TA;33022.png
33023;SHD-CP-BR;33023.png
33024;SHD-CP-BK;33024.png
33025;SHD-WJ;33025.png
33026;SHD-OJ;33026.png
33027;SHD-711-F10-TA;33027.png
33028;SHD-711-F10-BK;33028.png
33029;SHD-711-F10-RG;33029.png
33030;SHD-711-F10-TA-DZ;33030.png
33031;SHD-711-F10-BK-DZ;33031.png
33032;SHD-711-F10-RG-DZ;33032.png
33033;SHD-711-F6-BK;33033.png
33034;SHD-711-F6-TA;33034.png
33035;SHD-711-F6-RG;33035.png
33036;SHD-711-F6-TA-DZ;33036.png
33037;SHD-711-F6-BK-DZ;33037.png
33038;SHD-711-F6-RG-DZ;33038.png
33039;SHD-EX-GS-TA;33039.png
33040;SHD-EX-GS-BK;33040.png
33041;SHD-EX-GS-RG;33041.png
33042;SHD-EX-GS-TA-DZ;33042.png
33043;SHD-EX-GS-BK-DZ;33043.png
33044;SHD-EX-GS-RG-DZ;33044.png
33045;SHD-EX-TP-TA;33045.png
33046;SHD-EX-TP-BK;33046.png
33047;SHD-EX-TP-RG;33047.png
33048;SHD-EX-TP-TA-DZ;33048.png
33049;SHD-EX-TP-BK-DZ;33049.png
33050;SHD-EX-TP-RG-DZ;33050.png
33051;SHD-EX-RC-TA;33051.png
33052;SHD-EX-RC-BK;33052.png
33053;SHD-EX-RC-RG;33053.png
33054;SHD-EX-RC-TA-DZ;33054.png
33055;SHD-EX-RC-BK-DZ;33055.png
33056;SHD-EX-RC-RG-DZ;33056.png
33153;Grenade_A;33153.png
33500;gun;33500.png
33501;mag;33501.png
33502;suppressor;33502.png
33503;sight;33503.png
33829;j20mag;33829.png
33888;Magazine_J20;33888.png
34000;backpack;34000.png
34001;Hat;34001.png
34002;Mask;34002.png
34003;Pants;34003.png
34004;Shirt;34004.png
34005;Vest;34005.png
34006;backpack;34006.png
34007;Hat;34007.png
34008;Mask;34008.png
34009;Pants;34009.png
34010;Shirt;34010.png
34011;Vest;34011.png
34012;backpack;34012.png
34013;Hat;34013.png
34014;Mask;34014.png
34015;Pants;34015.png
34016;Shirt;34016.png
34017;Vest;34017.png
34018;backpack;34018.png
34019;Hat;34019.png
34020;Mask;34020.png
34021;Pants;34021.png
34022;Shirt;34022.png
34023;Vest;34023.png
34025;BT_Shirt_(Camo);34025.png
34026;BT_Pants_(Camo);34026.png
34027;BT_6b23_(Medium);34027.png
34028;BT_Rys-t_(Heavy);34028.png
34029;BT_Balaclava_(Black);34029.png
34030;BW_Baff_(Camo);34030.png
34031;BW_Shirt_(Camo);34031.png
34032;BW_Pants_(Camo);34032.png
34033;BW_OTV_(Medium);34033.png
34034;BW_FAST_(Medium);34034.png
34101;BMP-100_Ammo;34101.png
34103;Smoke_Ammo;34103.png
34104;Rangefinder_BMP-3;34104.png
34107;PK-762_Ammo;34107.png
34300;Ammo_5.45x39;34300.png
34301;Ammo_7.62x39;34301.png
34302;Ammo_7.62x51;34302.png
34303;Ammo_7.62x54;34303.png
34304;Ammo_9x39;34304.png
34305;Ammo_12.7x108;34305.png
34306;Ammo_12x70;34306.png
34307;Ammo_20CRTG_5.56;34307.png
34308;Ammo_50BMG;34308.png
34500;Residential_White_Door;34500.png
34501;Framed_Glass_Door;34501.png
34502;Fence_Metal_Door;34502.png
34503;Service_Door;34503.png
34504;Windowed_Door;34504.png
34505;Prison_Door;34505.png
34909;A-HS-HR-PK;34909.png
35480;RF_mon_100;35480.png
35481;RF_mon_500;35481.png
35482;RF_mon_1000;35482.png
35483;RF_mon_5000;35483.png
35484;RF_mon_10000;35484.png
35485;US_mon_100;35485.png
35486;US_mon_500;35486.png
35487;US_mon_1000;35487.png
35488;US_mon_5000;35488.png
35489;US_mon_10000;35489.png
35490;Tent_1_RU;35490.png
35491;Tent_1_US;35491.png
35492;Tent_2_RU;35492.png
35493;Tent_2_US;35493.png
35495;Quck-7;35495.png
35498;Quck-7_Ammo;35498.png
35503;Mdkit;35503.png
35504;Shumikha_Bottom;35504.png
35505;Shumikha_Mask;35505.png
35506;Shumikha_Helmet;35506.png
35507;Shumikha_Vest;35507.png
35508;Shumikha_Googles;35508.png
35509;Shumikha_HeavyPack;35509.png
35512;Shumikha_Top;35512.png
35513;Rambo_Bottom;35513.png
35514;Rambo_Googles;35514.png
35515;Rambo_Helmet;35515.png
35516;Rambo_Mouthguard;35516.png
35517;Rambo_Pack;35517.png
35518;Rambo_Top;35518.png
35519;Rambo_Vest;35519.png
36501;RC_Small_Locker;36501.png
36502;RC_Medium_Locker;36502.png
36503;RC_Large_Locker;36503.png
36504;RC_Huge_Locker;36504.png
36534;Gun;36534.png
36535;High_explosive_Shell;36535.png
36536;Penetrating_Shell;36536.png
36537;Smoke_Shell;36537.png
36700;helmet;36700.png
36701;helmet1;36701.png
36702;Shirt;36702.png
36703;vest;36703.png
36704;helmet;36704.png
36705;helmet1;36705.png
36706;Shirt;36706.png
36707;vest;36707.png
36708;backpack;36708.png
36709;helmet;36709.png
36710;mask;36710.png
36711;Shirt;36711.png
36712;vest;36712.png
36713;backpack;36713.png
36714;helmet;36714.png
36715;mask;36715.png
36716;Shirt;36716.png
36717;vest;36717.png
37196;37196_Penny;37196.png
37197;37197_Nickel;37197.png
37198;37198_Dime;37198.png
37199;37199_Quarter;37199.png
37200;37200_1_Bill;37200.png
37201;37201_5_Bill;37201.png
37202;37202_10_Bill;37202.png
37203;37203_20_Bill;37203.png
37204;37204_50_Bill;37204.png
37205;37205_100_Bill;37205.png
37206;37206_1000_Bundle;37206.png
37207;37207_10000_Gold;37207.png
37300;6B3TM_Armor;37300.png
37301;6B5-15_Armor;37301.png
37302;6B5-16_Armor;37302.png
37303;6B43_6A_Armor;37303.png
37304;6B43_6A_Armor_Bags;37304.png
37305;MPPV_Rig;37305.png
37306;ANA_Alpha_Rig;37306.png
37307;Belt_Gear_Rig;37307.png
37308;AVS_Armor;37308.png
37309;AVS_Armor_Bags;37309.png
37310;AVS_Armor_Bags_Stomach;37310.png
37311;AVS_Armor_Stomach;37311.png
37314;DIY_IDEA_Rig;37314.png
37315;TFO_Armor;37315.png
37316;TFO_Armor_Bags;37316.png
37319;Gen4_Armor;37319.png
37320;Gen4_Armor_Bags;37320.png
37321;MF-UNTAR_Armor;37321.png
37322;MF-UNTAR_Armor_Bags;37322.png
37323;Module-3M_Armor;37323.png
37326;Module-3M_Armor_Rig;37326.png
37328;PACA_Armor;37328.png
37331;PACA_Armor_Rig;37331.png
37333;Scav_Vest;37333.png
37334;SOE_Rig;37334.png
37335;Triton_Rig;37335.png
37337;TV-110_Armor;37337.png
37338;TV-110_Armor_Bags;37338.png
37345;LBT_Rig;37345.png
37346;6B13_KILLA_Armor;37346.png
37348;MBAV_Tagilla_Armor;37348.png
37351;Armor_Plates_C1;37351.png
37352;Armor_Plates_C2;37352.png
37353;Armor_Plates_C3;37353.png
37354;Armor_Plates_C4;37354.png
37355;Armor_Plates_C5;37355.png
37356;Armor_Plates_C6;37356.png
37357;Hexgrid_Armor;37357.png
37358;Hexgrid_Armor_Rig;37358.png
37360;CPC_Armor;37360.png
37361;CPC_Armor_Bags;37361.png
37362;CPC_Goon_Armor;37362.png
37363;Precision_Armor;37363.png
37366;Slick_Armor;37366.png
37367;Slick_Armor_Rig;37367.png
37368;6B13_Assault_Armor;37368.png
37369;6B13_Assault_Armor_Rig;37369.png
37370;Gzhel-K_Armor;37370.png
37371;Gzhel-K_Armor_Rig;37371.png
37372;Gen4_Armor_Arms;37372.png
37373;Gen4_Armor_Arms_Bags;37373.png
37374;Gen4_Armor_Stomach;37374.png
37375;Gen4_Armor_Stomach_Bags;37375.png
37376;Gen4_Armor_Arms_Stomach;37376.png
37377;Gen4_Armor_Arms_Stomach_Bags;37377.png
37378;Upgrade_Bags;37378.png
37379;Upgrade_Arms;37379.png
37380;Upgrade_Stomach;37380.png
37381;Korund-VM_Armor;37381.png
37382;Korund-VM_Armor_Rig;37382.png
37400;6B47_Flora_Helmet;37400.png
37401;6B47_Helmet;37401.png
37402;Airframe_Helmet;37402.png
37403;Airframe_Helmet_FS;37403.png
37404;Airframe_Helmet_FS_SA;37404.png
37405;Airframe_Helmet_SA;37405.png
37406;Ballistic_Face_Shield-Visor;37406.png
37407;Crye_Airframe_Chops;37407.png
37408;Altyn_Helmet;37408.png
37409;FAST-MT_Black_Helmet;37409.png
37410;FAST-MT_Black_Helmet_SA;37410.png
37411;FAST-MT_Black_Helmet_SLAAP;37411.png
37412;FAST-MT_Black_Helmet_SLAAP_SA;37412.png
37413;FAST-MT_Black_Helmet_TM;37413.png
37414;FAST-MT_Black_Helmet_TM_SA;37414.png
37419;FAST-MT_Tan_Helmet;37419.png
37420;FAST-MT_Tan_Helmet_SA;37420.png
37421;FAST-MT_Tan_Helmet_SLAAP;37421.png
37422;FAST-MT_Tan_Helmet_SLAAP_SA;37422.png
37423;FAST-MT_Tan_Helmet_TM;37423.png
37424;FAST-MT_Tan_Helmet_TM_SA;37424.png
37425;FAST-MT_Heavy_Helmet;37425.png
37426;FAST-MT_Light_Helmet;37426.png
37427;Ops-Core_Fast_Side_Armor;37427.png
37428;SLAAP_Armor_Plate;37428.png
37429;Tac-Kek_Trooper_Mask;37429.png
37430;Kolpak-1S_Helmet;37430.png
37431;Maska_1Sch_Helmet;37431.png
37432;Maska_1Sch_KILLA_Helmet;37432.png
37433;Panama_Hat;37433.png
37434;Ronin_Helmet;37434.png
37435;Samurai_Helmet;37435.png
37436;SSh-68_Helmet;37436.png
37437;UNTAR_Helmet;37437.png
37438;Ushanka_Cap;37438.png
37439;ACHHC_Black_Helmet;37439.png
37440;ACHHC_Green_Helmet;37440.png
37441;ULACH_Black_Helmet;37441.png
37442;ULACH_Tan_Helmet;37442.png
37443;Tagilla_Helmet;37443.png
37444;Altyn_Helmet_Open;37444.png
37445;Maska_1Sch_Helmet_Open;37445.png
37446;Maska_1Sch_KILLA_Helmet_Open;37446.png
37447;ACHHC_Tan_Helmet;37447.png
37448;ULACH_Green_Helmet;37448.png
37449;Cap_USEC_Black;37449.png
37450;Cap_USEC_Tan;37450.png
37450;Ikona;dup/37450_2.png
37451;Cap_BEAR_Black;37451.png
37451;Medbox;dup/37451_2.png
37452;Cap_BEAR_Green;37452.png
37452;AntiGlist;dup/37452_2.png
37453;Cap_Police;37453.png
37453;AntiGlistBottle;dup/37453_2.png
37454;Cap_BOSS;37454.png
37454;Obezbol;dup/37454_2.png
37455;Cap_Army_Beige;37455.png
37455;Antipsih;dup/37455_2.png
37456;Cap_Army_Black;37456.png
37456;Uspokoitel;dup/37456_2.png
37457;Cap_Army_Camo;37457.png
37458;Death_Knight_Mask;37458.png
37459;Airframe_Helmet_FS_Open;37459.png
37460;Airframe_Helmet_FS_SA_Open;37460.png
37461;Big_Pipe_Hat;37461.png
37462;Kolpak-1S_Helmet_Open;37462.png
37465;VIMPEL_ID;37465.png
37466;BVIMPEL_ID;37466.png
37467;Radar;37467.png
37469;Rocket;37469.png
37470;MBSS_Backpack;37470.png
37470;RusFlag;dup/37470_2.png
37471;Pilgrim_Backpack;37471.png
37471;UsaFlag;dup/37471_2.png
37472;Berkut_Backpack;37472.png
37473;VKBO_Backpack;37473.png
37474;Day_Pack_Backpack;37474.png
37475;Raid_Backpack;37475.png
37476;Scav_Backpack;37476.png
37477;Tri-Zip_Backpack;37477.png
37478;T-Bag;37478.png
37479;Comm_2_Backpack;37479.png
37480;WW3_Tablet;37480.png
37482;LockerDoor;37482.png
37490;Lab_Mushroom_0_Seed;37490.png
37491;Lab_Mushroom_0;37491.png
37492;Lab_Mushroom_1_Seed;37492.png
37493;Lab_Mushroom_1;37493.png
37494;Lab_Mushroom_2_Seed;37494.png
37495;Lab_Mushroom_2;37495.png
37496;Lab_Mushroom_3_Seed;37496.png
37497;Lab_Mushroom_3;37497.png
37499;WW3_Plot;37499.png
37500;USEC_Base_Upper;37500.png
37501;USEC_Base_Lower;37501.png
37502;USEC_PCS_Multicam_Upper;37502.png
37503;USEC_TIER3_Lower;37503.png
37504;BEAR_Base_Upper;37504.png
37505;BEAR_Base_Lower;37505.png
37506;BEAR_Summer_Field_Upper;37506.png
37507;BEAR_Summer_Field_Lower;37507.png
37508;BEAR_Ghost_Marksman_Upper;37508.png
37509;BEAR_Ghost_Marksman_Lower;37509.png
37510;USEC_Night_Patrol_Upper;37510.png
37511;USEC_Sage_Warrior_Lower;37511.png
37512;KILLA_Tracksuit_Upper;37512.png
37513;KILLA_Tracksuit_Lower;37513.png
37514;Tagilla_Outfit;37514.png
37515;Tagilla_Lower;37515.png
37516;Birdeye_Upper;37516.png
37517;Birdeye_Lower;37517.png
37518;Knight_Upper;37518.png
37519;Knight_Lower;37519.png
37520;Big_Pipe_Upper;37520.png
37540;Momex_Balaclava;37540.png
37541;Balaclava;37541.png
37542;Cold_Fear_Infrared_Balaclava;37542.png
37543;Ghost_Balaclava;37543.png
37544;Lower_Half-Mask;37544.png
37545;Fake_Mustache;37545.png
37546;GP-7_Gasmask;37546.png
37547;6B34_Glasses;37547.png
37548;Anti-Frag_Glasses;37548.png
37549;Crossbow_Glasses;37549.png
37550;Aviator_Glasses;37550.png
37551;Hipster_Glasses;37551.png
37552;Round_Glasses;37552.png
37553;Tactical_Glasses;37553.png
37554;Shemagh;37554.png
37555;GPNVG-18_Nightvision_Tan;37555.png
37556;GPNVG-18_Nightvision_Black;37556.png
37557;PNV-10T_Nightvision;37557.png
37558;GSSh-01_Headset;37558.png
37559;Peltor_ComTac_Headset;37559.png
37560;Walkers_XCEL_Headset;37560.png
37561;Shemagh_Tan;37561.png
37562;Birdeye_Mask;37562.png
38009;I_C2_Ma_Bomb_Low_1;38009.png
38010;I_C2_Ma_Bomb_Low_4;38010.png
38040;USAG3;38040.png
38041;RUG3;38041.png
38042;RUG1;38042.png
38043;RUG2;38043.png
38044;USAG1;38044.png
38045;USAG2;38045.png
39307;Ammo_M2;39307.png
39325;MCV_Ammo_0;39325.png
39331;MCV_Ammo_6;39331.png
39381;Hoarders_Backpack;39381.png
39382;Pilot_Visor;39382.png
39383;Pilot_Vest;39383.png
39384;Pilot_Mask;39384.png
39385;Pilot_Backpack;39385.png
39386;Pilot_Helmet;39386.png
39387;Jumpsuit_Bottom;39387.png
39388;Jumpsuit_Top;39388.png
39389;Ram_Air_Parachute;39389.png
39500;backpack;39500.png
39501;backpack;39501.png
39830;T-72B3_BB Ammo;39830.png
39831;T-72B3_OF Ammo;39831.png
39832;T-72B3_Smoke_Ammo;39832.png
39833;T-72B3_12mm_Ammo;39833.png
40000;Rio_Knife_Swiss;40000.png
40001;Rio_Knife_Butterfly;40001.png
40002;Rio_Glasses_0;40002.png
40002;5x_Optic;dup/40002_2.png
40003;Rio_Glasses_1;40003.png
40003;M791;dup/40003_2.png
40004;Rio_Glasses_2;40004.png
40004;TOW_II_Tube;dup/40004_2.png
40005;Rio_Mirrored_Blue;40005.png
40006;Rio_Mirrored_Green;40006.png
40007;Rio_Mirrored_Orange;40007.png
40008;Rio_Mirrored_Purple;40008.png
40009;Rio_Fedora_Black;40009.png
40010;Rio_Fedora_Blue;40010.png
40010;M792;dup/40010_2.png
40011;Rio_Fedora_Green;40011.png
40012;Rio_Fedora_Orange;40012.png
40012;M7_Bombs_8x;dup/40012_2.png
40013;Rio_Fedora_Pink;40013.png
40014;Rio_Fedora_Red;40014.png
40015;Rio_Fedora_Purple;40015.png
40016;Rio_Fedora_White;40016.png
40017;Rio_Fedora_Yellow;40017.png
40018;Rio_Panama_Black;40018.png
40018;3x_Optic;dup/40018_2.png
40019;Rio_Panama_Blue;40019.png
40019;8x_Optic;dup/40019_2.png
40020;Rio_Panama_Green;40020.png
40021;Rio_Panama_Orange;40021.png
40022;Rio_Panama_Pink;40022.png
40023;Rio_Panama_Purple;40023.png
40024;Rio_Panama_Red;40024.png
40024;50cal_BMG;dup/40024_2.png
40025;Rio_Panama_White;40025.png
40025;APFSDS;dup/40025_2.png
40026;Rio_Panama_Yellow;40026.png
40027;Rio_Police_Military_Beret;40027.png
40027;HEAT_MP;dup/40027_2.png
40028;Rio_Police_Military_Pants;40028.png
40028;HE_T;dup/40028_2.png
40029;Rio_Police_Military_Top;40029.png
40030;Rio_Police_Vest;40030.png
40031;Rio_Military_Beret_Brazil_1;40031.png
40032;Rio_Military_Pants;40032.png
40033;Rio_Military_Top_Brazil;40033.png
40034;Rio_Military_Vest_Brazil;40034.png
40035;Rio_Donnie_Hair;40035.png
40036;Rio_Rodrigo_Hair;40036.png
40037;Rio_Trapo_Balaclava;40037.png
40038;Rio_Victor_Hair;40038.png
40039;Rio_Balaclava_Black_0;40039.png
40040;Rio_Balaclava_Black_1;40040.png
40041;Rio_Bandana_Red_0;40041.png
40042;Rio_Bandana_Red_1;40042.png
40042;OFT;dup/40042_2.png
40043;Rio_Bandana_Red_2;40043.png
40044;Konkurs_Tube;40044.png
40046;3BM42;40046.png
40047;3BK18M;40047.png
40048;ZOF26;40048.png
40051;BZT_44_Box;40051.png
40056;B_32;40056.png
40400;ZWS_Vehicle_Rangefinder;40400.png
40700;ZWS_Vehicle_Smoke_16;40700.png
40701;ZWS_Vehicle_50Cal_100;40701.png
40702;ZWS_Vehicle_50Cal_200;40702.png
40703;ZWS_M240B_200;40703.png
40704;ZWS_Vehicle_50Cal_100_T;40704.png
40705;ZWS_Vehicle_50Cal_200_T;40705.png
40706;ZWS_M240B_200_T;40706.png
40707;ZWS_Vehicle_M61_255;40707.png
40713;A10_AH64_Mag_Rocket;40713.png
40722;AH64_Pulik_Mag;40722.png
40742;KA52_Pulik_Mag;40742.png
41001;M2HB Box;41001.png
41004;M240 Box;41004.png
41006;Mk.19 Box;41006.png
41009;BGM-71 TOW Ammo;41009.png
41010;TG-TP-BK;41010.png
41011;Kord Box;41011.png
41014;PKM Box;41014.png
41016;PKM Box 200rnd;41016.png
41018;AGS-30 Drum;41018.png
41021;Kornet Ammo;41021.png
41023;Kord Box 200rnd RWS;41023.png
41024;Kord Box 100rnd;41024.png
41038;25mm ACannon HE;41038.png
41039;25mm ACannon AP;41039.png
41049;30mm ACannon HE;41049.png
41050;30mm ACannon AP;41050.png
41056;KPVT Box;41056.png
41057;KPVT Box 80rnd;41057.png
41080;Type 63 Rockets;41080.png
41101;Chicken_Raw;41101.png
41102;Chicken_Cooked;41102.png
41103;Friedeggs;41103.png
41104;Breed_Chicks;41104.png
41105;Tame_Chicken;41105.png
41106;Sandwich_Chicken;41106.png
41111;Sheep_Raw;41111.png
41112;Sheep_Cooked;41112.png
41113;Intestine;41113.png
41114;Sausage;41114.png
41115;Hotdog;41115.png
41116;Breed_Lamb;41116.png
41117;Tame_Sheep;41117.png
41118;Wool;41118.png
41119;Sandwich_Mutton;41119.png
41121;Soup_Chicken;41121.png
41122;Soup_Mutton;41122.png
41123;Soup_Venison;41123.png
41124;Soup_Beef;41124.png
41130;Goat_Raw;41130.png
41131;Goat_Cooked;41131.png
41132;Goat_Milk;41132.png
41133;Cheese_Whole_Goat;41133.png
41134;Cheese_Sliced_Goat;41134.png
41135;Cheese_Goat;41135.png
41136;Sandwich_Goat;41136.png
41138;Pizza_Goat_Whole;41138.png
41139;Pizza_Goat_Sliced;41139.png
41140;Pizza_Goat_Piece;41140.png
41141;Breed_Kid;41141.png
41142;Tame_Goat;41142.png
41143;Gelatin;41143.png
41148;Turkey_Raw;41148.png
41149;Platter_Turkey_Whole;41149.png
41150;Plate_Turkey;41150.png
41151;Turkey_Cooked;41151.png
41152;Platter_Turkey_Sliced;41152.png
41153;Platter_Turkey_Sliced_2;41153.png
41160;Breed_Calf;41160.png
41161;Tame_Cow;41161.png
41165;Steak_Beef;41165.png
41166;Jerky_Beef;41166.png
41167;Cheese_Whole;41167.png
41168;Cheese_Sliced;41168.png
41170;Breed_Piglet;41170.png
41171;Tame_Pig;41171.png
41172;Truffle;41172.png
41175;Skewer_Pork;41175.png
41176;Jerky_Bacon;41176.png
41177;Jerky_Venison;41177.png
41180;Pizza_Vanilla_Sliced;41180.png
41181;Pizza_Vanilla_Piece;41181.png
41182;Pizzabox_Vanilla_4;41182.png
41183;Pizzabox_Vanilla_3;41183.png
41184;Pizzabox_Vanilla_2;41184.png
41185;Pizzabox_Vanilla_1;41185.png
41190;Soil;41190.png
41191;Garbage_Apple;41191.png
41192;Garbage_Banana;41192.png
41193;Garbage_Fish;41193.png
41194;Garbage_Bottle_Ale;41194.png
41195;Garbage_Bottle_Wine;41195.png
41196;Garbage_Can_Cola;41196.png
41197;Garbage_Can_Soda;41197.png
41198;Garbage_Candy;41198.png
41199;Garbage_Popcorn;41199.png
41200;Pizzabox_Goat_4;41200.png
41200;Detonator;dup/41200_2.png
41201;Pizzabox_Goat_3;41201.png
41201;c4;dup/41201_2.png
41202;Pizzabox_Goat_2;41202.png
41203;Pizzabox_Goat_1;41203.png
41205;Pizza_Sausage_Whole;41205.png
41206;Pizza_Sausage_Sliced;41206.png
41207;Pizza_Sausage_Piece;41207.png
41208;Pizzabox_Sausage_4;41208.png
41209;Pizzabox_Sausage_3;41209.png
41210;Pizzabox_Sausage_2;41210.png
41211;Pizzabox_Sausage_1;41211.png
41213;Pizza_Venison_Whole;41213.png
41214;Pizza_Venison_Sliced;41214.png
41215;Pizza_Venison_Piece;41215.png
41216;Pizzabox_Venison_4;41216.png
41217;Pizzabox_Venison_3;41217.png
41218;Pizzabox_Venison_2;41218.png
41219;Pizzabox_Venison_1;41219.png
41221;Pizza_Teriyaki_Whole;41221.png
41222;Pizza_Teriyaki_Sliced;41222.png
41223;Pizza_Teriyaki_Piece;41223.png
41224;Pizzabox_Teriyaki_4;41224.png
41225;Pizzabox_Teriyaki_3;41225.png
41226;Pizzabox_Teriyaki_2;41226.png
41227;Pizzabox_Teriyaki_1;41227.png
41229;Pizza_Seafood_Whole;41229.png
41230;Pizza_Seafood_Sliced;41230.png
41231;Pizza_Seafood_Piece;41231.png
41232;Pizzabox_Seafood_4;41232.png
41233;Pizzabox_Seafood_3;41233.png
41234;Pizzabox_Seafood_2;41234.png
41235;Pizzabox_Seafood_1;41235.png
41237;Pizza_Truffle_Whole;41237.png
41238;Pizza_Truffle_Sliced;41238.png
41239;Pizza_Truffle_Piece;41239.png
41240;Pizzabox_Truffle_4;41240.png
41241;Pizzabox_Truffle_3;41241.png
41242;Pizzabox_Truffle_2;41242.png
41243;Pizzabox_Truffle_1;41243.png
41245;Pizza_Smores_Whole;41245.png
41246;Pizza_Smores_Sliced;41246.png
41247;Pizza_Smores_Piece;41247.png
41248;Pizzabox_Smores_4;41248.png
41249;Pizzabox_Smores_3;41249.png
41250;Pizzabox_Smores_2;41250.png
41251;Pizzabox_Smores_1;41251.png
41253;Hotdog_Chili;41253.png
41254;Hotdog_Fruit;41254.png
41256;Pie_Meat_Whole;41256.png
41257;Pie_Meat_Sliced;41257.png
41258;Pie_Meat_Piece;41258.png
41259;Skewer_Seafood;41259.png
41261;Garbage_Burger;41261.png
41262;Garbage_Hotdog;41262.png
41263;Garbage_Toast;41263.png
41264;Garbage_Muffin;41264.png
41265;Garbage_Cookie;41265.png
41900;A-TAD-SH-PT;41900.png
41901;A-TAD-SH-JA;41901.png
41902;A-TG-TH-PT;41902.png
41903;A-TG-TP-PT;41903.png
41904;A-TP-CT-PK;41904.png
41905;A-TG-CB-PT;41905.png
41906;A-TG-CB-JA;41906.png
41907;A-TP-CV-PT;41907.png
41908;A-TP-JV-JA;41908.png
41910;A-HAT-PT;41910.png
41911;A-HAT-JA;41911.png
41912;A-HAT-PK;41912.png
41914;A-PC-CH-PT;41914.png
41915;A-SHC-PT;41915.png
41916;A-TE-EL-JA;41916.png
41917;A-TP-BH-PK;41917.png
41921;A-PT-T;41921.png
41922;A-JA-T;41922.png
42000;hat;42000.png
42001;hat_1;42001.png
42002;mask_1;42002.png
42003;pants;42003.png
42004;shirt;42004.png
42005;vest;42005.png
42101;Seed_Coffee;42101.png
42102;Coffee;42102.png
42103;Coffee_Aulait;42103.png
42104;Coffee_Roasted;42104.png
42105;Seed_Apple;42105.png
42106;Apple;42106.png
42107;Seed_Orange;42107.png
42108;Orange;42108.png
42110;Seed_Cotton;42110.png
42111;Cotton;42111.png
42113;Seed_Banana;42113.png
42114;Banana;42114.png
42116;Seed_Leek;42116.png
42117;Leek;42117.png
42119;Glass_Milk_Chocolate;42119.png
42121;Seed_Flower_Red;42121.png
42122;Flower_Red_Vase;42122.png
42123;Seed_Flower_Cactus;42123.png
42124;Flower_Cactus_Vase;42124.png
42125;Seed_Flower_Yellow;42125.png
42126;Flower_Yellow_Vase;42126.png
42127;Seed_Flower_Blue;42127.png
42128;Flower_Blue_Vase;42128.png
42129;Popcorn;42129.png
42130;Frenchfries;42130.png
42131;Bun;42131.png
42132;Burger;42132.png
42133;Burger_Cheese;42133.png
42134;Burger_BLT;42134.png
42135;Burger_Egg;42135.png
42136;Burger_Fish;42136.png
42137;Flower_Red;42137.png
42138;Flower_Yellow;42138.png
42139;Flower_Blue;42139.png
42140;Flower_Cactus;42140.png
42141;Salad;42141.png
42142;Salad_Sausage;42142.png
42143;Salad_Tuna;42143.png
42150;Seed_Sugarcane;42150.png
42151;Sugarcane;42151.png
42152;Sugar;42152.png
42161;Juice_Apple;42161.png
42162;Juice_Orange;42162.png
42163;Juice_Banana;42163.png
42164;Juice_Strawberry;42164.png
42165;Juice_Grape;42165.png
42170;Sweetroll;42170.png
42171;Pie_Apple_Whole;42171.png
42172;Bananabread_Whole;42172.png
42173;Pie_Apple_Sliced;42173.png
42174;Pie_Apple_Piece;42174.png
42175;Bananabread_Sliced;42175.png
42176;Bananabread_Piece;42176.png
42180;Seed_Flower_Leaf;42180.png
42181;Flower_Leaf;42181.png
42182;Seed_Flower_Tall;42182.png
42183;Flower_Tall;42183.png
42184;Seed_Flower_Palm;42184.png
42185;Flower_Palm;42185.png
42187;Beehive;42187.png
42188;Honey;42188.png
42189;Beeswax;42189.png
42190;Beeswax10;42190.png
42191;Light_Candle;42191.png
42192;Beekeeping;42192.png
42193;Bee_Queen;42193.png
42195;Muffin_Honey_3;42195.png
42196;Muffin_Honey_2;42196.png
42197;Muffin_Honey_1;42197.png
42198;Muffin_Chocolate_3;42198.png
42199;Muffin_Chocolate_2;42199.png
42200;Muffin_Chocolate_1;42200.png
42210;Seed_Cacao;42210.png
42211;Cacao;42211.png
42212;Seed_Strawberry;42212.png
42213;Strawberry;42213.png
42214;Seed_Grape;42214.png
42215;Grape;42215.png
42218;Candy_Cola;42218.png
42219;Candy_Soda;42219.png
42220;Candy_Strawberry;42220.png
42221;Candy_Orange;42221.png
42222;Candy_Grape;42222.png
42223;Candy_Lollipop;42223.png
42224;Candycorn;42224.png
42225;Caramelapple;42225.png
42228;Marshmallows;42228.png
42229;Marshmallows_Stick;42229.png
42230;Hotchocolate;42230.png
42232;Seed_Hay;42232.png
42233;Hay;42233.png
42234;Hay10;42234.png
42235;Seed_Flower_Purple;42235.png
42236;Flower_Purple;42236.png
42237;Flower_Purple_Vase;42237.png
42240;Barrel;42240.png
42241;Barrel_Ale;42241.png
42242;Barrel_Mead;42242.png
42243;Barrel_Wine;42243.png
42244;Barrel_Cider;42244.png
42245;Barrel_Ale_Brewed;42245.png
42246;Barrel_Mead_Brewed;42246.png
42247;Barrel_Wine_Brewed;42247.png
42248;Barrel_Cider_Brewed;42248.png
42251;Ale_Bottle;42251.png
42252;Mead_Bottle;42252.png
42253;Wine_Bottle;42253.png
42254;Cider_Bottle;42254.png
42255;Ale_Bottle_Half;42255.png
42256;Mead_Bottle_Half;42256.png
42257;Wine_Bottle_Half;42257.png
42258;Cider_Bottle_Half;42258.png
42261;Ale_Cup;42261.png
42262;Mead_Cup;42262.png
42263;Wine_Cup;42263.png
42264;Cider_Cup;42264.png
42267;Sapling_Maple;42267.png
42268;RawLog_Maple;42268.png
42269;Sapling_Birch;42269.png
42270;RawLog_Birch;42270.png
42271;Sapling_Pine;42271.png
42272;RawLog_Pine;42272.png
42275;Coffee_Raw;42275.png
42277;Leek_Cooked;42277.png
42278;Glass_Water;42278.png
42279;Glass_Milk;42279.png
42281;Toast_Jam;42281.png
42282;Toast_Egg;42282.png
42283;Potato_Cooked;42283.png
42285;Apple_Sliced;42285.png
42286;Seed_Flower_Orange;42286.png
42287;Flower_Orange;42287.png
42288;Flower_Orange_Vase;42288.png
42289;Seed_Flower_Vine;42289.png
42290;Flower_Vine;42290.png
42291;Flower_Vine_Wall;42291.png
42294;Juice_Tomato;42294.png
42295;Juice_Green;42295.png
42296;Breadloaf_Whole;42296.png
42297;Breadloaf_Sliced;42297.png
42300;Jelly_Orange;42300.png
42301;Jelly_Strawberry;42301.png
42302;Jelly_Grape;42302.png
42305;Pasta;42305.png
42306;Spaghetti_Tomato;42306.png
42307;Spaghetti_Carbonara;42307.png
42308;Macaronicheese;42308.png
42310;Cookie_Sheet;42310.png
42311;Cookie;42311.png
42315;Icemaker_Empty;42315.png
42316;Icemaker_Uncompleted;42316.png
42317;Icemaker_Completed;42317.png
42318;Icecube;42318.png
42320;Icecream;42320.png
42321;Icecream_Chocolate;42321.png
42322;Icecream_Strawberry;42322.png
42330;Coffee_Ice;42330.png
42331;Coffee_Ice_Aulait;42331.png
42332;Cookie_Sheet_Gingerbread;42332.png
42333;Gingerbread_Man;42333.png
42334;Christmas_House;42334.png
42336;Ginger;42336.png
42337;Gingerale_Ice;42337.png
42400;gun;42400.png
42401;mag;42401.png
42402;suppressor;42402.png
42403;sight;42403.png
42404;grip;42404.png
42405;mag_1;42405.png
42956;SU-25 ZRK Ammo;42956.png
42993;SU-25 Rocket Ammo;42993.png
43101;Fishingrod;43101.png
43102;Waterbucket;43102.png
43105;Carp_Raw;43105.png
43106;Carp_Cooked;43106.png
43107;Shrimp_Raw;43107.png
43108;Shrimp_Cooked;43108.png
43109;Sardine_Raw;43109.png
43110;Sardine_Cooked;43110.png
43111;Water_Dirty;43111.png
43115;Crab_Raw;43115.png
43116;Crab_Cooked;43116.png
43117;Eel_Raw;43117.png
43118;Eel_Cooked;43118.png
43121;Sandwich_Carp;43121.png
43122;Sandwich_Sardine;43122.png
43123;Sandwich_Eel;43123.png
43124;Burger_Shrimp;43124.png
43125;Burger_Crab;43125.png
43130;Spearsquid_Raw;43130.png
43131;Spearsquid_Cooked;43131.png
43132;Scallop_Raw;43132.png
43133;Scallop_Cooked;43133.png
43300;gun;43300.png
43301;mag;43301.png
43302;suppressor;43302.png
43303;sight;43303.png
43304;grip;43304.png
43305;mag_1;43305.png
43306;sight_1;43306.png
43307;sight_2;43307.png
43308;sight_3;43308.png
43532;Medical_1;43532.png
43533;Medical_2;43533.png
43534;Medical_3;43534.png
43535;Medical_4;43535.png
43536;Medical_5;43536.png
43537;Medical_6;43537.png
43538;Medical_7;43538.png
43952;Smoke_Ammo_BMP-2M;43952.png
44400;gun;44400.png
44401;mag;44401.png
44402;laser;44402.png
44444;backpack_huge;44444.png
44500;gun;44500.png
44501;mag;44501.png
44502;suppressor;44502.png
44503;sight;44503.png
44504;grip;44504.png
44900;Gun;44900.png
44901;Mag;44901.png
44902;Sight;44902.png
45000;hat;45000.png
45001;pants;45001.png
45002;shirt;45002.png
45003;backpack;45003.png
45004;hat_1;45004.png
45005;mask_1;45005.png
45006;vest;45006.png
45007;hat;45007.png
45008;mask_1;45008.png
45009;pants;45009.png
45030;Smoke_Ammo;45030.png
45031;BMD-3M_30mm Ammo;45031.png
45032;Rocket_BMD-3M Ammo;45032.png
45033;AGS Ammo;45033.png
45050;shirt;45050.png
45051;vest;45051.png
45320;Smoke_Ammo_Abrams;45320.png
45321;Abrams_BB Ammo;45321.png
45322;Abrams_OF Ammo;45322.png
45323;Abrams_12.7mm_Ammo;45323.png
45324;Abrams_7.62mm_Ammo;45324.png
45500;gun;45500.png
45501;mag;45501.png
45502;grip;45502.png
45503;sight;45503.png
45504;sight_1;45504.png
45505;suppressor;45505.png
45506;laser;45506.png
46000;backpack;46000.png
46001;hat;46001.png
46002;hat_1;46002.png
46003;mask_1;46003.png
46004;pants;46004.png
46005;shirt;46005.png
46006;vest;46006.png
46007;hat_2;46007.png
46008;hat_3;46008.png
46009;hat_4;46009.png
46010;1;46010.png
46011;2;46011.png
46012;3;46012.png
46013;4;46013.png
46534;Gun;46534.png
46535;Smoke_Shell;46535.png
46538;High_explosive_Shell;46538.png
46539;Penetrating_Shell;46539.png
47101;Door_Slide_Maple;47101.png
47102;Door_Slide_Birch;47102.png
47103;Door_Slide_Pine;47103.png
47104;Door_Slide_Metal;47104.png
47105;Wheel;47105.png
47106;Loom;47106.png
47107;Door_Saloon;47107.png
47108;Heat_Oven;47108.png
47109;Heat_Fireplace;47109.png
47110;Heat_Stove;47110.png
47111;Dish_Birch;47111.png
47112;Dish_Maple;47112.png
47113;Dish_Pine;47113.png
47114;Dish_Metal;47114.png
47115;Coaster_Birch;47115.png
47116;Coaster_Maple;47116.png
47117;Coaster_Pine;47117.png
47118;Coaster_Metal;47118.png
47119;Coffeecup;47119.png
47121;Chair_Stool_Birch;47121.png
47122;Chair_Stool_Maple;47122.png
47123;Chair_Stool_Pine;47123.png
47124;Chair_Stool_Metal;47124.png
47125;Chair_Dining_Birch;47125.png
47126;Chair_Dining_Maple;47126.png
47127;Chair_Dining_Pine;47127.png
47128;Chair_Dining_Metal;47128.png
47129;Chair_Saloon_Birch;47129.png
47130;Chair_Saloon_Maple;47130.png
47131;Chair_Saloon_Pine;47131.png
47132;Chair_Saloon_Metal;47132.png
47134;Door_Hangar_Tank;47134.png
47135;Door_Hangar_Plane;47135.png
47136;Door_Hangar_Helicopter;47136.png
47137;Door_Hangar_Boat;47137.png
47140;Generator_Micro;47140.png
47141;Oxygenator_Micro;47141.png
47142;Generator_Windmill;47142.png
47145;Gunrack_Wall;47145.png
47146;Gunrack_Tripod;47146.png
47147;Coaster_Leather;47147.png
47148;Coaster_Cloth;47148.png
47150;Fence_Birch;47150.png
47151;Fence_Maple;47151.png
47152;Fence_Pine;47152.png
47153;Fence_Metal;47153.png
47155;Fencegate_Birch;47155.png
47156;Fencegate_Maple;47156.png
47157;Fencegate_Pine;47157.png
47158;Fencegate_Metal;47158.png
47160;Door_Fence_Birch;47160.png
47161;Door_Fence_Maple;47161.png
47162;Door_Fence_Pine;47162.png
47163;Door_Fence_Metal;47163.png
47168;Cupboard_Birch;47168.png
47169;Cupboard_Maple;47169.png
47170;Cupboard_Pine;47170.png
47171;Cupboard_Metal;47171.png
47173;Hook_Metal;47173.png
47174;Hook_Wood;47174.png
47178;Toilet;47178.png
47179;Shower;47179.png
47180;Bathtub;47180.png
47181;Toilet_Paper;47181.png
47184;Bathroom_Wall;47184.png
47185;Bathroom_Doorway;47185.png
47186;Bathroom_Roof;47186.png
47187;Bathroom_Window;47187.png
47188;Door_Bathroom;47188.png
47189;Window_Bathroom;47189.png
47190;Bathroom_Floor;47190.png
47194;Light_Wall_Fluorescent;47194.png
47195;Light_Wall_Round;47195.png
47196;Light_Wall_Mirror;47196.png
47197;Light_Ceiling_Round;47197.png
47198;Light_Ceiling_Fluorescent;47198.png
47199;Light_Ceiling_Fan;47199.png
47200;Bowl_Candy;47200.png
47201;Bowl_Marshmallows;47201.png
47202;Bowl_Candycorn;47202.png
47203;Chess_White_1;47203.png
47204;Chess_Black_1;47204.png
47205;Reversi_Board;47205.png
47206;Reversi_Black_0;47206.png
47207;Reversi_White_0;47207.png
47208;Reversi_Black;47208.png
47209;Reversi_White;47209.png
47210;Counterbell;47210.png
47211;Reversi_Black_1;47211.png
47212;Reversi_White_1;47212.png
47213;Chess_Board;47213.png
47214;Chess_White_0;47214.png
47215;Chess_Black_0;47215.png
47217;Door_Hangar_Rampart;47217.png
47218;Counterbell_Low;47218.png
47220;Light_Candle_Wall_Black;47220.png
47221;Light_Candle_Wall_Yellow;47221.png
47222;Cabinet_White;47222.png
47223;Cabinet_Metal;47223.png
47224;Firewood;47224.png
47226;Planter_Mini_Square;47226.png
47227;Planter_Mini_Round;47227.png
47228;Planter_Wall;47228.png
47230;Lawnmower;47230.png
47231;Coop;47231.png
47232;Heat_Barrel;47232.png
47233;Safe;47233.png
47240;Christmas_Tree;47240.png
47241;Christmas_Tree_White;47241.png
47242;Christmas_Wreath;47242.png
47243;Christmas_Garland;47243.png
47244;Christmas_Snowman;47244.png
47245;Christmas_Ornament_Bell;47245.png
47246;Christmas_Ornament_Cane;47246.png
47247;Christmas_Stocking_Red;47247.png
47248;Christmas_Stocking_Green;47248.png
47249;Christmas_Ornament_Gold;47249.png
47250;Christmas_Ornament_Silver;47250.png
47251;Christmas_Ornament_Red;47251.png
47252;Christmas_Ornament_Blue;47252.png
47253;Christmas_Ornament_Green;47253.png
47260;Christmas_Box_Red;47260.png
47261;Christmas_Box_Green;47261.png
47262;Christmas_Box_Blue;47262.png
47263;Christmas_Box_Yellow;47263.png
47266;Couch_Leather;47266.png
47267;Couch_Leather_Single;47267.png
47268;Couch_Dark;47268.png
47269;Couch_Dark_Single;47269.png
47270;Light_Candle_Tri_Yellow;47270.png
47271;Light_Candle_Tri_Black;47271.png
47272;Light_Candle_Stand_Yellow;47272.png
47273;Light_Candle_Stand_White;47273.png
47274;Light_Candle_Melt;47274.png
47275;Light_Candle_Can;47275.png
47276;Light_Ceiling_Candle;47276.png
47277;Light_Lantern;47277.png
47278;Light_Lantern_Rusty;47278.png
47280;Table_Glass_Gray;47280.png
47281;Table_Glass_White;47281.png
47282;Coffeecup_Blue;47282.png
47283;Coffeecup_Green;47283.png
47284;Coffeecup_Orange;47284.png
47285;Coffeecup_Purple;47285.png
47286;Coffeecup_Red;47286.png
47287;Coffeecup_Yellow;47287.png
47288;Coffeecup_Black;47288.png
47290;Chess_White_Pawn;47290.png
47291;Chess_White_Knight;47291.png
47292;Chess_White_Bishop;47292.png
47293;Chess_White_Rook;47293.png
47294;Chess_White_Queen;47294.png
47295;Chess_White_King;47295.png
47296;Chess_Black_Pawn;47296.png
47297;Chess_Black_Knight;47297.png
47298;Chess_Black_Bishop;47298.png
47299;Chess_Black_Rook;47299.png
47300;Chess_Black_Queen;47300.png
47301;Chess_Black_King;47301.png
47310;Table_Side_Square;47310.png
47311;Table_Side_Round;47311.png
47312;Table_Tire;47312.png
47313;Table_Low_Birch;47313.png
47314;Table_Low_Maple;47314.png
47315;Table_Low_Pine;47315.png
47318;Light_Lantern_Wall;47318.png
47319;Light_Lantern_Wall_Rusty;47319.png
47322;Light_Candle_Wall_Cage;47322.png
47324;Checkers_Board;47324.png
47325;Checkers_Red_0;47325.png
47326;Checkers_Red_1;47326.png
47327;Checkers_Black_0;47327.png
47328;Checkers_Black_1;47328.png
47329;Checkers_Red;47329.png
47330;Checkers_Red_King;47330.png
47331;Checkers_Black;47331.png
47332;Checkers_Black_King;47332.png
47333;Checkers_Board_10;47333.png
47340;Cutlery_Fork;47340.png
47341;Cutlery_Knife;47341.png
47342;Cutlery_Spoon;47342.png
47343;Cutlery_Fork_Wood;47343.png
47344;Cutlery_Knife_Wood;47344.png
47345;Cutlery_Spoon_Wood;47345.png
47346;Cutlery_Holder;47346.png
47347;Cutlery_Holder_Spoon;47347.png
47348;Caddy;47348.png
47349;Choppingboard;47349.png
47350;Stepladder;47350.png
47351;Stepladder_Metal;47351.png
47352;Towel;47352.png
47353;Towel_Beige;47353.png
47354;Towel_Brown;47354.png
47355;Towel_Red;47355.png
47356;Shelf_Wall_Birch;47356.png
47357;Shelf_Wall_Maple;47357.png
47358;Shelf_Wall_Pine;47358.png
47359;Shelf_Wall_Metal;47359.png
47360;Shelf_Birch;47360.png
47361;Shelf_Maple;47361.png
47362;Shelf_Pine;47362.png
47363;Shelf_Metal;47363.png
47365;Sink_Birch;47365.png
47366;Sink_Maple;47366.png
47367;Sink_Pine;47367.png
47368;Sink_Metal;47368.png
47370;Mat_Straw;47370.png
47371;Mat_Straw_Plain;47371.png
47372;Mat_Straw_Circle;47372.png
47374;Mat_Green;47374.png
47375;Mat_Green_Plain;47375.png
47376;Mat_Green_Circle;47376.png
47378;Heat_Gasstove_Birch;47378.png
47379;Heat_Gasstove_Maple;47379.png
47380;Heat_Gasstove_Pine;47380.png
47381;Heat_Gasstove_Metal;47381.png
47383;Pot_Stew;47383.png
47384;Pan;47384.png
47385;Kettle;47385.png
47386;Kleenex;47386.png
47387;Kleenex_Cube;47387.png
47390;Refrigerator_White_Body;47390.png
47391;Refrigerator_White_Door;47391.png
47392;Refrigerator_White_Door_L;47392.png
47393;Refrigerator_Metal_Body;47393.png
47394;Refrigerator_Metal_Door;47394.png
47395;Refrigerator_Metal_Door_L;47395.png
47396;Nameplate;47396.png
47400;Light_Post;47400.png
47401;Light_Post_Normal;47401.png
47402;Light_Post_Modern;47402.png
47403;Light_Post_Modern_Normal;47403.png
47404;Fan;47404.png
47405;Fan_Tall;47405.png
47408;Halloween_Kit;47408.png
47409;Halloween_Jack_1;47409.png
47410;Halloween_Spiderweb_1;47410.png
47411;Halloween_Jack_2;47411.png
47412;Halloween_Jack_3;47412.png
47413;Halloween_Jack_4;47413.png
47414;Halloween_Garland;47414.png
47415;Tombstone_1;47415.png
47416;Tombstone_2;47416.png
47417;Tombstone_3;47417.png
47418;Tombstone_4;47418.png
47419;Halloween_Scarecrow;47419.png
47420;Halloween_Garland_Pennant;47420.png
47421;Doorbell_1;47421.png
47422;Doorbell_2;47422.png
47423;Halloween_Spiderweb_2;47423.png
47424;Halloween_Neon_Pumpkin;47424.png
47425;Halloween_Neon_Bat;47425.png
47426;Halloween_Neon_Ghost;47426.png
47427;Halloween_Neon_Candy;47427.png
47428;Halloween_Neon_Zombie;47428.png
47429;Halloween_Witchhat;47429.png
47430;Refrigerator_Red_Body;47430.png
47431;Refrigerator_Red_Door;47431.png
47432;Refrigerator_Red_Door_L;47432.png
47433;Refrigerator_Red_Metal_Body;47433.png
47434;Refrigerator_Red_Metal_Door;47434.png
47435;Refrigerator_Red_Metal_Door_L;47435.png
47436;Refrigerator_Black_Body;47436.png
47437;Refrigerator_Black_Door;47437.png
47438;Refrigerator_Black_Door_L;47438.png
47439;Refrigerator_Black_Metal_Body;47439.png
47440;Refrigerator_Black_Metal_Door;47440.png
47441;Refrigerator_Black_Metal_Door_L;47441.png
47442;Halloween_Scarecrow_Jack;47442.png
47443;Halloween_Ghost;47443.png
47444;Halloween_Jack_5;47444.png
47445;Halloween_Jack_6;47445.png
47446;Halloween_Jack_7;47446.png
47447;Halloween_Jack_8;47447.png
47448;Halloween_Tree;47448.png
47449;Halloween_Cauldron;47449.png
47450;Halloween_Scythe;47450.png
47454;Halloween_Bucket;47454.png
47455;Christmas_Neon_Tree;47455.png
47456;Christmas_Neon_Hat;47456.png
47457;Christmas_Neon_Bell;47457.png
47458;Christmas_Neon_Holly;47458.png
47459;Christmas_Neon_Cane;47459.png
47460;Christmas_Neon_Present;47460.png
47461;Christmas_Neon_Stars;47461.png
47462;Christmas_Neon_Snowflakes;47462.png
47463;Christmas_Door_Birch;47463.png
47464;Christmas_Door_Maple;47464.png
47465;Christmas_Door_Pine;47465.png
47466;Christmas_Door_Metal;47466.png
47467;Christmas_Door_Birch_Locked;47467.png
47468;Christmas_Door_Maple_Locked;47468.png
47469;Christmas_Door_Pine_Locked;47469.png
47641;2K22_Tunguska 30mm Ammo;47641.png
47691;2K22_Tunguska ZRK Ammo;47691.png
48101;RPS;48101.png
48102;Guitar;48102.png
48103;Gesture_Clap;48103.png
48104;Gesture_Whistle_Finger;48104.png
48105;Gesture_Yes;48105.png
48107;Guitar_Stand;48107.png
48111;Guitar_Score;48111.png
48120;Guitar_Score_Christmas;48120.png
48130;Christmas_Kit;48130.png
49101;Scrap10;49101.png
49102;Scrap100;49102.png
49103;Cloth10;49103.png
49104;Cloth100;49104.png
49105;Leather10;49105.png
49107;Explosive10;49107.png
49109;Tape10;49109.png
49111;Chemical10;49111.png
49113;Glue10;49113.png
49115;Log_Birch10;49115.png
49117;Log_Maple10;49117.png
49119;Log_Pine10;49119.png
49121;Brick10;49121.png
49130;Charcoal;49130.png
49130;Multicam_Helmet;dup/49130_2.png
49500;PM_VHS_TV_0;49500.png
49501;PM_Cassette_Player_0;49501.png
49502;PM_VHS_0;49502.png
49503;PM_VHS_1;49503.png
49504;PM_VHS_2;49504.png
49505;PM_VHS_3;49505.png
49506;PM_VHS_4;49506.png
49507;PM_VHS_5;49507.png
49508;PM_VHS_6;49508.png
49509;PM_VHS_7;49509.png
49510;PM_VHS_8;49510.png
49602;PM_Cassette_Tape_0;49602.png
49603;PM_Cassette_Tape_1;49603.png
49604;PM_Cassette_Tape_2;49604.png
49605;PM_Cassette_Tape_3;49605.png
49606;PM_Cassette_Tape_4;49606.png
49607;PM_Cassette_Tape_5;49607.png
49608;PM_Cassette_Tape_6;49608.png
49609;PM_Cassette_Tape_7;49609.png
49610;PM_Cassette_Tape_8;49610.png
49611;PM_Cassette_Tape_9;49611.png
49612;PM_Cassette_Tape_10;49612.png
49613;PM_Cassette_Tape_11;49613.png
49614;PM_Cassette_Tape_12;49614.png
49615;PM_Cassette_Tape_13;49615.png
49616;PM_Cassette_Tape_14;49616.png
49617;PM_Cassette_Tape_15;49617.png
49618;PM_Cassette_Tape_16;49618.png
49619;PM_Cassette_Tape_17;49619.png
49620;PM_Cassette_Tape_19;49620.png
49621;PM_Cassette_Tape_20;49621.png
49622;PM_Cassette_Tape_21;49622.png
49623;PM_Cassette_Tape_22;49623.png
49624;PM_Cassette_Tape_23;49624.png
49625;PM_Cassette_Tape_24;49625.png
49626;PM_Cassette_Tape_25;49626.png
49627;PM_Cassette_Tape_26;49627.png
49628;PM_Cassette_Tape_27;49628.png
49629;PM_Cassette_Tape_28;49629.png
49630;PM_Cassette_Tape_29;49630.png
49631;PM_Cassette_Tape_30;49631.png
49631;A-10 Rocket Ammo;dup/49631_2.png
49632;PM_Cassette_Tape_31;49632.png
49633;PM_Cassette_Tape_32;49633.png
49634;PM_Cassette_Tape_33;49634.png
49635;PM_Cassette_Tape_34;49635.png
49636;PM_Cassette_Tape_35;49636.png
49637;PM_Cassette_Tape_36;49637.png
49638;PM_Cassette_Tape_37;49638.png
49639;PM_Cassette_Tape_38;49639.png
49640;PM_Cassette_Tape_39;49640.png
49641;PM_Cassette_Tape_40;49641.png
49642;PM_Cassette_Tape_41;49642.png
49643;PM_Cassette_Tape_18;49643.png
49931;PTUR_BMP-2M Ammo;49931.png
49932;A-10 30mm Ammo;49932.png
49934;A-10 Bomb Ammo;49934.png
49937;SU-25 30mm Ammo;49937.png
49941;BMP-2M 30mm Ammo;49941.png
49948;SU-25 Bomb Ammo;49948.png
49956;A-10 ZRK Ammo;49956.png
50100;Hat;50100.png
50100;DG_Wiesel_Cannon_0;dup/50100_2.png
50101;Mask;50101.png
50101;DG_Wiesel_Sight_0;dup/50101_2.png
50101;Wiesel_Sight_0;dup/50101_3.png
50102;Pants;50102.png
50102;DG_Wiesel_Cannon_HE;dup/50102_2.png
50103;Shirt;50103.png
50104;Vest;50104.png
50106;Mask;50106.png
50106;Challenger2_Cannon_0;dup/50106_2.png
50107;Pants;50107.png
50107;Challenger2_Cannon_Sight_0;dup/50107_2.png
50108;Shirt;50108.png
50108;Challenger2_Cannon_AP;dup/50108_2.png
50109;Vest;50109.png
50110;Hat;50110.png
50111;Mask;50111.png
50112;Pants;50112.png
50113;Shirt;50113.png
50113;Challenger2_MG;dup/50113_2.png
50114;Vest;50114.png
50114;Challenger2_MG_Box;dup/50114_2.png
50115;Hat;50115.png
50115;Challenger2_Smoke_Launcher;dup/50115_2.png
50116;Mask;50116.png
50116;Challenger2_Smoke_Launcher_Mag;dup/50116_2.png
50117;Pants;50117.png
50117;Challenger2_MG_Sight;dup/50117_2.png
50118;Shirt;50118.png
50119;Vest;50119.png
50120;Hat;50120.png
50120;LAV25_Cannon_0;dup/50120_2.png
50121;Mask;50121.png
50121;LAV25_Cannon_AP;dup/50121_2.png
50122;Pants;50122.png
50122;LAV25_Cannon_HE;dup/50122_2.png
50123;Shirt;50123.png
50124;Vest;50124.png
50124;Boxer_MG_0;dup/50124_2.png
50125;Hat;50125.png
50125;Boxer_MG_Box;dup/50125_2.png
50127;Pants;50127.png
50128;Shirt;50128.png
50129;Vest;50129.png
50130;Hat;50130.png
50131;Mask;50131.png
50132;Pants;50132.png
50133;Shirt;50133.png
50134;Vest;50134.png
50135;Hat;50135.png
50136;Mask;50136.png
50137;Pants;50137.png
50138;Shirt;50138.png
50139;Vest;50139.png
50500;Bluegill;50500.png
50501;Crappie;50501.png
50502;Freshwater_drum;50502.png
50503;Gizzard_Shad;50503.png
50504;Largemouth_Bass;50504.png
50505;MahiMahi;50505.png
50506;Marlin;50506.png
50507;Pike_fish;50507.png
50508;Redear_Sunfish;50508.png
50509;Shrimp;50509.png
50510;Warmouth;50510.png
50511;White_Bass;50511.png
50512;Turtle;50512.png
50513;Spotted_Bass;50513.png
50514;Eel;50514.png
50515;LA_Trophy_00;50515.png
50516;LA_Trophy_01;50516.png
50517;LA_Trophy_02;50517.png
50518;Case;50518.png
50519;Gloves;50519.png
50520;Gold_Gloves;50520.png
50522;Crate_Common;50522.png
50523;Crate_Guns;50523.png
50524;Crate_Cars;50524.png
50525;Crate_Mat;50525.png
50526;Omni_Geode;50526.png
50527;Common_Geode;50527.png
50530;Albacore;50530.png
50531;Alewife;50531.png
50532;Bigmouth_Buffalo;50532.png
50533;Brook_Trout;50533.png
50534;Brown_Trout;50534.png
50535;Dolly_Varden;50535.png
50536;Golden_Shiner;50536.png
50537;Grayling;50537.png
50538;Kokanee;50538.png
50539;Mirror_Carp;50539.png
50540;Oyster_Toadfish;50540.png
50541;Rainbow_Trout;50541.png
50542;Rio_Grande_Cichlid;50542.png
50544;Walleye;50544.png
50545;Yellowfin_Tuna;50545.png
50546;Anchor;50546.png
50547;Boots;50547.png
50548;Can;50548.png
50549;Doubloons;50549.png
50550;Fish_Head;50550.png
50551;Floats;50551.png
50552;Hooks;50552.png
50553;Journal;50553.png
50554;Planks;50554.png
50555;Plate;50555.png
50556;Alligator_Gar;50556.png
50557;American_Paddlefish;50557.png
50558;Atlantic_Sturgeon;50558.png
50559;Catfish;50559.png
50560;Shortnose_Sturgeon;50560.png
50561;Snail;50561.png
50562;Summer_Flounder;50562.png
50563;Swamp_Crawfish;50563.png
50564;LA_Trophy_03;50564.png
50565;LA_Trophy_04;50565.png
50566;Shark;50566.png
50567;Sea_Star;50567.png
50600;Present_00;50600.png
51500;Stinger_Sight;51500.png
51980;Strela;51980.png
51981;IGLA-S_AMMO;51981.png
51982;Strela-S_Sight;51982.png
51983;Stinger_Fim-92;51983.png
51992;Metis_M Ammo;51992.png
51995;Metis_M_Barricades;51995.png
52006;SWAT_FAST_1;52006.png
52007;SWAT_Mich-2001_1;52007.png
52008;SWAT_Mich-2002;52008.png
52009;Gray_Jeans_Pads;52009.png
52013;POLICE_Shirt_NB;52013.png
52014;POLICE_Tshirt_BCK;52014.png
52015;SWAT_Shell_BCK;52015.png
52016;SWAT_Tshirt_BCK;52016.png
52017;SWAT_Tshirt_Green;52017.png
52022;SWAT_JPC_2.0_2;52022.png
52024;Black_Cowboy_Hat;52024.png
52025;Gray_Cowboy_Hat;52025.png
52026;Tan_Cowboy_Hat;52026.png
53000;Bunker_Gate;53000.png
53202;ZUBM22-Shells;53202.png
53203;OP-281U-Shells;53203.png
53205;2S38-SmokeAmmo;53205.png
53532;MTLB_STREAL_AMMO;53532.png
54002;3BM44;54002.png
54005;BK18M;54005.png
54006;OF26;54006.png
54008;ZD6;54008.png
54010;5x_Scope;54010.png
54011;15x_Scope;54011.png
54060;Beret_0;54060.png
54061;Granit_1;54061.png
54062;Panama_0;54062.png
54063;WGO_Pants_0;54063.png
54064;WGO_Shirt_0;54064.png
54234;gun;54234.png
54235;sight;54235.png
54236;Rocket__thermobaric;54236.png
54237;Rocket_frag;54237.png
54238;Rocket_tandem;54238.png
54465;Canteen2_WWRP2;54465.png
54467;Canteen_WWRP2;54467.png
54505;Driver_Gun;54505.png
54532;MTLB_AMMO;54532.png
55000;Gauze;55000.png
55001;IFAK;55001.png
55002;Packing Bandage;55002.png
55003;Military Dressing;55003.png
55004;Elastic Bandage;55004.png
55005;CAT Trnqt;55005.png
55006;Morphine;55006.png
55007;Epinephrine;55007.png
55008;Bloodbag IV;55008.png
55009;Plasma IV;55009.png
55010;Saline IV;55010.png
55011;Splint Immo;55011.png
55012;Antibio Bottle;55012.png
55013;CMS Suture Kit;55013.png
55015;M2 Browning Box M2 AP;55015.png
55016;M2A1;55016.png
55018;Kord Box API-HC;55018.png
55019;Kord-M;55019.png
55020;NSV;55020.png
55021;M2 Browning Box;55021.png
55022;AI2;55022.png
55023;Kord Box;55023.png
55024;AI2 2;55024.png
55025;US Military Shovel;55025.png
55026;MPL-50 Shovel;55026.png
55027;US Military Shovel (Repair);55027.png
55028;MPL-50 Shovel (Repair);55028.png
55029;NE2 Blowtorch;55029.png
55030;Canteen US;55030.png
55031;NE2Hammer;55031.png
55033;MRE RU;55033.png
55034;MRE US;55034.png
55035;M18 Claymore;55035.png
55036;MON-50;55036.png
55037;M57 Clacker;55037.png
55038;M15 AT Mine;55038.png
55039;M15 AT Mine (Buried);55039.png
55040;TM-62 AT Mine;55040.png
55041;TM-62 AT Mine (Buried);55041.png
55042;C4 Demo;55042.png
55043;SZ-1 Charge;55043.png
55044;Trauma Kit;55044.png
55045;Dog Tags;55045.png
55046;Intelligence Folder;55046.png
55047;PRC-150 Radio;55047.png
55048;NE2Hammer (Destroy);55048.png
55049;C4 Prec;55049.png
55050;C4 Block;55050.png
55051;Canteen RU;55051.png
55052;M18 Claymore (Wired);55052.png
55053;MON-50 (Wired);55053.png
55054;M4 Blasting Cap;55054.png
55055;NE2Crowbar;55055.png
55057;Mk.19 Box;55057.png
55058;Mk.19 Box AR 430;55058.png
55060;AGS-30 Drum;55060.png
55061;AGS-30 Drum VOG-30D;55061.png
55062;Oil Barrel;55062.png
55063;Vehicle Carjack;55063.png
55064;Mk. 19;55064.png
55065;NE2SocketWrench;55065.png
55066;Medkit NE2;55066.png
55068;M821 HE;55068.png
55069;AGS-30;55069.png
55070;Jerry Can;55070.png
55071;Jerry Can Heavy;55071.png
55072;Sandbag Single;55072.png
55074;Bremer Wall;55074.png
55075;Jersey Barrier;55075.png
55076;O_FG_Red;55076.png
55077;O_FG_Shell_Red;55077.png
55078;Orion_Red_Flare;55078.png
55079;Blue_Glowstick;55079.png
55080;Green_Glowstick;55080.png
55081;Orange_Glowstick;55081.png
55082;Pink_Glowstick;55082.png
55083;Purple_Glowstick;55083.png
55084;Red_Glowstick;55084.png
55085;Yellow_Glowstick;55085.png
55086;O_FG_Yellow;55086.png
55087;O_FG_Shell_Yellow;55087.png
55088;O_FG_Green;55088.png
55089;O_FG_Shell_Green;55089.png
55090;Garrote_Wire;55090.png
55091;Ammo Crate AGS 30;55091.png
55092;Ammo Crate AGS 30 2;55092.png
55093;IFAK Case;55093.png
55094;Nukia 6560;55094.png
55095;wePhone;55095.png
55096;IED Medium;55096.png
55097;870 SSD Card;55097.png
55098;1TB Hard Drive;55098.png
55099;US Army Binoculars;55099.png
55100;RU Army Binoculars;55100.png
55101;Medium Case;55101.png
55102;AGS17 Ammo Box;55102.png
55103;CDS Western;55103.png
55104;CDS Eastern;55104.png
55105;O_FG_White;55105.png
55106;O_FG_Shell_White;55106.png
55110;Weapon Case;55110.png
55111;Weapon Case (Open);55111.png
55112;Pallet Wood;55112.png
55113;Pills Blister;55113.png
55114;Container Delivery System;55114.png
55115;M252 Illum;55115.png
55116;81mm Illum;55116.png
55118;Pills Blister 2;55118.png
55119;CDS Construction;55119.png
55120;SPH-4 (Black);55120.png
55121;IED Medium Timer;55121.png
55122;ANTRC-170;55122.png
55123;Type-73 Mast;55123.png
55124;Base Station Antenna;55124.png
55125;SPH-4 (Olive);55125.png
55126;SPH-4 (Tan);55126.png
55127;SPH-4 (White);55127.png
55128;DShK;55128.png
55129;DShK Box;55129.png
55130;DShK Box API-HC;55130.png
55132;Hesco;55132.png
55133;M252;55133.png
55134;CN Claymore;55134.png
55135;81mm Smoke;55135.png
55136;CN Claymore (Wired);55136.png
55138;VO-832DU HE;55138.png
55139;Podnos;55139.png
55140;LTLM TRIGR;55140.png
55141;82mm Smoke;55141.png
55143;M821 HE Case;55143.png
55144;81mm Smoke Case;55144.png
55145;VO-832DU Case;55145.png
55146;82mm Smoke Case;55146.png
55147;Reinforced Bremer Wall;55147.png
55148;CDS Hesco;55148.png
55149;Hesco Medium;55149.png
55150;Hesco Small;55150.png
55151;Hesco Tall;55151.png
55152;Hesco Very Tall;55152.png
55153;CDS Bremer Wall;55153.png
55155;QJZ-89 Box;55155.png
55156;Pills Blister 3;55156.png
55157;QJZ-89 Box AP;55157.png
55158;QJZ-89 Box 100rnd;55158.png
55159;QJZ-89 Box 100rnd AP;55159.png
55160;Pills Blister 4;55160.png
55161;QJZ-89;55161.png
55162;IED Frag;55162.png
55163;Sandbag Line;55163.png
55164;Sandbag Barricade;55164.png
55165;Sandbag Crescent;55165.png
55166;CDS Carepackage;55166.png
55168;BGM-71 TOW Ammo;55168.png
55169;BGM-71 TOW;55169.png
55171;Kornet Ammo;55171.png
55172;Kornet;55172.png
55174;HJ-8 Ammo;55174.png
55175;HJ-8;55175.png
55177;Laser Battery;55177.png
55179;Bino Battery;55179.png
55180;Laser Pointer;55180.png
55181;Vortex Ranger 1500;55181.png
55182;Bino Barrel;55182.png
55187;Ranger 1500 Battery;55187.png
55188;Gas Barrel;55188.png
55189;Hand_Radio;55189.png
55190;Hand_Radio_2;55190.png
55191;Hand_Radio_3;55191.png
55192;NE2_BatteringRam;55192.png
55193;Trap_RGO;55193.png
55194;Trap_M67;55194.png
55195;Trap_RGD5;55195.png
55196;Trap_F1;55196.png
55197;Trap_Type822;55197.png
55198;Trap_Pipe;55198.png
55199;Trap_IED;55199.png
55200;Camo Netting;55200.png
55201;Camo Netting Desert;55201.png
55202;Alcohol;55202.png
55203;Alcohol 2;55203.png
55204;IFAK 2;55204.png
55205;Molotov_NA3;55205.png
55206;Lighter;55206.png
55207;Molotov_NA3 2;55207.png
55208;T-10 Parachute;55208.png
55209;T-10 Parachute Tan;55209.png
55210;T-10 Parachute OD;55210.png
55211;Capturable Flag;55211.png
55212;Sniper Nest;55212.png
55213;Sniper Nest Desert;55213.png
55214;EOD Kit;55214.png
55215;Shipping Container;55215.png
55216;AN-M14;55216.png
55217;Laptop NE2;55217.png
55218;Razor Wire;55218.png
55219;T-UGS;55219.png
55220;Supply Box Metal;55220.png
55221;Supply Crate Metal;55221.png
55222;Supply Container Metal;55222.png
55223;Supply Box Con;55223.png
55224;Supply Crate Con;55224.png
55225;Supply Container Con;55225.png
55226;Supply Box Med;55226.png
55227;Supply Crate Med;55227.png
55228;Supply Container Med;55228.png
55229;Supply Box Ammo;55229.png
55230;Supply Crate Ammo;55230.png
55231;Supply Container Ammo;55231.png
55232;SZ-1 Charge Prec;55232.png
55233;Bunker_Shelter;55233.png
55234;IFAK 3;55234.png
55235;Spike Strip;55235.png
55236;IFAK 4;55236.png
55237;PRC-117 Radio;55237.png
55238;Target Dummy;55238.png
55239;Trauma Kit 2;55239.png
55240;Trauma Kit 3;55240.png
55241;Trauma Kit 4;55241.png
55242;Trauma Kit 5;55242.png
55243;Defib;55243.png
55244;Trauma Kit 6;55244.png
55245;Intelligence Folder Mission;55245.png
55246;Trauma Kit 7;55246.png
55247;Medkit NE2 2;55247.png
55248;Medkit NE2 3;55248.png
55249;Medkit NE2 4;55249.png
55250;Medkit NE2 5;55250.png
55251;Intelligence Folder AD;55251.png
55252;Intelligence Folder AD 2;55252.png
55253;Intelligence Folder AD 3;55253.png
55254;Intelligence Folder AF;55254.png
55255;Intelligence Folder AF 2;55255.png
55256;Intelligence Folder AF 3;55256.png
55257;Intelligence Folder Navy;55257.png
55258;Intelligence Folder Navy 2;55258.png
55259;Intelligence Folder Navy 3;55259.png
55260;Capturable Flag B;55260.png
55261;Capturable Flag R;55261.png
55262;Medkit NE2 6;55262.png
55263;Medkit NE2 7;55263.png
55264;Medkit NE2 8;55264.png
55265;Medkit NE2 9;55265.png
55266;Medkit NE2 10;55266.png
55267;Medkit NE2 11;55267.png
55268;CMS Suture Kit 2;55268.png
55269;CMS Suture Kit 3;55269.png
55270;CMS Suture Kit 4;55270.png
55271;CMS Suture Kit 5;55271.png
55272;Antibio Bottle 2;55272.png
55273;Antibio Bottle 3;55273.png
55274;Antibio Bottle 4;55274.png
55275;Antibio Bottle 5;55275.png
55276;Antibio Bottle 6;55276.png
55277;Antibio Bottle 7;55277.png
55278;Antibio Bottle 8;55278.png
55279;Antibio Bottle 9;55279.png
55280;Antibio Bottle 10;55280.png
55281;IED Medium Timer 1-Sec;55281.png
55282;Dog Tags NATO;55282.png
55283;Dog Tags PACT;55283.png
55284;Intelligence Folder Mission 2;55284.png
55285;Intelligence Folder Mission 3;55285.png
55286;Intelligence Folder CMD;55286.png
55287;Intelligence Folder CMD 2;55287.png
55288;Intelligence Folder Mission 4;55288.png
55289;Intelligence Folder Mission 5;55289.png
55290;Intelligence Folder AF 4;55290.png
55291;Intelligence Folder AF 5;55291.png
55292;Intelligence Folder AD 4;55292.png
55293;Intelligence Folder AD 5;55293.png
55294;Intelligence Folder FOB;55294.png
55295;Intelligence Folder FOB 2;55295.png
55296;Intelligence Folder FOB 3;55296.png
55297;Sandbag Platform;55297.png
55298;Trap_M84;55298.png
55299;Trap_Zarya;55299.png
55300;Trap_M7290;55300.png
55301;Trap_M7290-2;55301.png
55302;Trap_M7290-9;55302.png
55303;Trap_Flare;55303.png
55304;Trnqt;55304.png
55305;CALOK;55305.png
55306;CALOK 2;55306.png
55307;CALOK 1;55307.png
55308;Painkill Bottle;55308.png
55309;Painkill Bottle 2;55309.png
55310;Painkill Bottle 3;55310.png
55311;Painkill Bottle 4;55311.png
55312;Painkill Bottle 5;55312.png
55313;Painkill Bottle 6;55313.png
55314;Painkill Bottle 7;55314.png
55315;Painkill Bottle 8;55315.png
55316;Painkill Bottle 9;55316.png
55317;Painkill Bottle 10;55317.png
55318;Splint Alu;55318.png
55319;Pills Blister 5;55319.png
55320;Pills Blister 6;55320.png
55321;Podnos Illum;55321.png
55322;82mm Illum;55322.png
55324;Vaseline_Mew;55324.png
55325;Vaseline_Mew 2;55325.png
55326;Vaseline_Mew 3;55326.png
55327;Vaseline_Mew 4;55327.png
55328;Vaseline_Taki;55328.png
55329;Vaseline_Taki 2;55329.png
55330;Vaseline_Taki 3;55330.png
55331;Vaseline_Taki 4;55331.png
55332;Vaseline_Taki 5;55332.png
55333;Cowboys Suture Kit;55333.png
55334;Cowboys Suture Kit 2;55334.png
55335;Cowboys Suture Kit 3;55335.png
55336;Cowboys Suture Kit 4;55336.png
55337;Cowboys Suture Kit 5;55337.png
55338;Cowboys Suture Kit 6;55338.png
55339;Cowboys Suture Kit 7;55339.png
55500;gun;55500.png
55501;mag;55501.png
55502;suppressor;55502.png
55503;sight;55503.png
55504;grip;55504.png
55555;PTRD;55555.png
55556;PTRD_Magazine;55556.png
55644;AWP_2;55644.png
55646;AWP;55646.png
55647;AWP_Mag;55647.png
55648;AWP_Scope;55648.png
55649;AWP_Grip;55649.png
55650;AWP_Suppersor;55650.png
55651;Barret;55651.png
55652;Barret_Mag;55652.png
55653;Barret_Scope;55653.png
55654;Barret_Grip;55654.png
55656;Barret_2;55656.png
55657;Barret_3;55657.png
55658;Barret_Scope_2;55658.png
57502;CannonAmmo;57502.png
57504;HellfireAmmo;57504.png
58000;M4A1;58000.png
58001;STANAG Mag;58001.png
58002;M16A4 Sight;58002.png
58003;M855 Ammo Box;58003.png
58003;5.56 M855 Ammo Box;dup/58003_2.png
58004;M855 Belt;58004.png
58004;5.56 Belt;dup/58004_2.png
58005;AK-74N;58005.png
58006;6L20 Mag;58006.png
58007;7N6 Ammo Box;58007.png
58007;5.45 7N6 Ammo Box;dup/58007_2.png
58008;7N6 Packet;58008.png
58008;5.45 Packet;dup/58008_2.png
58009;ACOG TA31D;58009.png
58010;EOTech 553;58010.png
58011;M45A1;58011.png
58011;M45A1 MEUSOC;dup/58011_2.png
58012;M1911 Mag;58012.png
58013;M230gr Ammo Box;58013.png
58013;45 ACP Ammo Box;dup/58013_2.png
58014;Beryl M762;58014.png
58015;AK55 Mag;58015.png
58016;PS gzh Ammo Box;58016.png
58016;7.62x39 Ball Ammo Box;dup/58016_2.png
58017;PS gzh Packet;58017.png
58017;7.62 57-N-231 Ball 20rnd Packet;dup/58017_2.png
58018;Mk.18 CQBR;58018.png
58019;STANAG Mag Dark;58019.png
58020;A2 Sights;58020.png
58021;AKS-74N;58021.png
58022;6L23 Mag;58022.png
58023;AKS-74UN;58023.png
58024;M67;58024.png
58025;AK Scope Mount;58025.png
58026;EOTech 553 AK;58026.png
58027;SVD DMR;58027.png
58028;SVD Mag;58028.png
58029;NPZ PSO-1;58029.png
58030;7N1 Packet;58030.png
58030;7.62x54R Packet;dup/58030_2.png
58031;G3A3;58031.png
58032;G3 Mag;58032.png
58033;MP5SD3 Tri-Rail;58033.png
58034;M80A1 Ammo Box;58034.png
58034;7.62x51 Ammo Box;dup/58034_2.png
58035;M80A1 Belt;58035.png
58035;7.62x51 Belt;dup/58035_2.png
58036;AN PEQ-15;58036.png
58037;WASR 10-63 Handguard;58037.png
58038;AG-3F2;58038.png
58039;KAC Vert Grip;58039.png
58040;Magpul AFG2 Angled;58040.png
58041;NSPU-M Night;58041.png
58042;AK-103M;58042.png
58043;AK-103 Mag;58043.png
58044;PK-120;58044.png
58045;SDN6 Supp;58045.png
58046;NT-4 Suppressor;58046.png
58047;AK-101;58047.png
58048;6L29 Mag;58048.png
58049;6L29 Mag M856;58049.png
58050;PBS-4 Suppressor;58050.png
58051;PK-120 AK;58051.png
58052;ACOG TA31D AK;58052.png
58053;SCAR SSR;58053.png
58053;SCAR DMR;dup/58053_2.png
58054;SCAR SSR Mag;58054.png
58055;FN Mk.20 SSR Sight;58055.png
58056;RGD-5;58056.png
58057;SKS;58057.png
58057;SKS DMR;dup/58057_2.png
58058;SKS Clip;58058.png
58059;Mk.14 EBR;58059.png
58060;M14 Mag;58060.png
58061;PKP Pecheneg Zenitco;58061.png
58062;PBS-1 Suppressor;58062.png
58063;M240B;58063.png
58064;M240 Box;58064.png
58065;ACOG TA11F;58065.png
58066;M240L;58066.png
58067;PKMN;58067.png
58068;PKM Box;58068.png
58069;PKMN Zenitco;58069.png
58070;Makarov PM;58070.png
58071;Makarov Mag;58071.png
58072;P gzh Ammo Box;58072.png
58072;9x18 Makarov Ammo Box;dup/58072_2.png
58073;SMAW;58073.png
58074;SMAW HEAA;58074.png
58075;Mk.153 Sight;58075.png
58076;RPG-7V2;58076.png
58077;RPG-7 HEAT;58077.png
58078;M24A2 SWS;58078.png
58079;R700 Mag;58079.png
58080;PM IILP;58080.png
58081;G36C;58081.png
58082;G36 Mag;58082.png
58083;AK-101 Muzzle;58083.png
58084;G36K;58084.png
58085;HK416A5;58085.png
58086;HK416 Sights;58086.png
58087;HK417A2;58087.png
58088;HK417 Mag;58088.png
58089;AK-74M Zenitco;58089.png
58090;G17;58090.png
58091;Glock Mag;58091.png
58092;M882 FMJ Ammo Box;58092.png
58092;9mm FMJ Ammo Box;dup/58092_2.png
58093;G18;58093.png
58094;Z-Point;58094.png
58095;EOTech EXPS3;58095.png
58096;LE-032 Rangefinder;58096.png
58097;AW;58097.png
58097;L118A2;dup/58097_2.png
58098;L118A2 Mag;58098.png
58099;IIP;58099.png
58100;M110 DMR;58100.png
58101;Steel Mag;58101.png
58102;Mark 4 LRT;58102.png
58103;Harris Bipod;58103.png
58104;Ari B'Lilah;58104.png
58105;AK-308;58105.png
58106;AK-308 Mag;58106.png
58107;SCAR-H;58107.png
58108;SCAR-H Mag;58108.png
58109;FN Mk.17 Sight;58109.png
58110;MP5A2;58110.png
58111;MP5 Mag;58111.png
58112;SV98;58112.png
58113;SV98 Mag;58113.png
58114;AKM;58114.png
58115;M249;58115.png
58116;M249 Box;58116.png
58117;AKS-74UN Zenitco;58117.png
58118;L85A2;58118.png
58119;SA80 Sights;58119.png
58120;L22A2;58120.png
58121;OKP-7 (Dovetail);58121.png
58122;RPG-7 Frag;58122.png
58123;RPK;58123.png
58124;RPK Mag;58124.png
58125;RPK74;58125.png
58126;6L18 Mag;58126.png
58127;Vityaz;58127.png
58128;Vityaz Mag;58128.png
58129;M9 Bayonet;58129.png
58130;Smersh-5;58130.png
58131;SMAW HEDP;58131.png
58132;SV98 Sight;58132.png
58133;Mk.18 Mod 1;58133.png
58134;KAC Fold IS;58134.png
58135;RPG-7 Tandem;58135.png
58136;SVD S-1 Bipod;58136.png
58137;Z-Point AK;58137.png
58138;EOTech EXPS3 AK;58138.png
58139;AKS74U Muzzle;58139.png
58140;NT-4 Suppressor (Tan);58140.png
58141;M18 Smoke White;58141.png
58142;M18 Smoke Red;58142.png
58143;M18 Smoke Green;58143.png
58144;M18 Smoke Yellow;58144.png
58145;M18 Smoke Violet;58145.png
58146;Mosin Nagant;58146.png
58147;Mosin Nagant Clip;58147.png
58148;PU 3.5x Scope;58148.png
58149;Mosin Nagant Infantry;58149.png
58150;PM IILP AK;58150.png
58151;IIP AK;58151.png
58152;Mark 4 LRT AK;58152.png
58153;C7A2;58153.png
58154;C79;58154.png
58155;M1911;58155.png
58156;MP5A3 MLI;58156.png
58157;CZ-805 BREN;58157.png
58158;CZ 805 Sight;58158.png
58159;MP7A1;58159.png
58160;MP7 Mag;58160.png
58161;MP7 Mag 30rnd;58161.png
58162;MP7 Mag 40rnd;58162.png
58163;H&K MP7 Sight;58163.png
58164;SX FMJ Ammo Box;58164.png
58164;4.6mm FMJ SX Ammo Box;dup/58164_2.png
58165;C79 Sights;58165.png
58166;Elcan SpecterDR;58166.png
58167;Steiner DBAL-I²;58167.png
58168;Hera CQR Grip;58168.png
58169;F1;58169.png
58170;AUG A3SF;58170.png
58171;AUG Mag;58171.png
58172;AUG Scope;58172.png
58173;AWM;58173.png
58173;L115A3;dup/58173_2.png
58174;L115A3 Mag;58174.png
58175;SWISSP Ammo Box;58175.png
58175;338 LM Ammo Box;dup/58175_2.png
58176;M84 Flashbang;58176.png
58177;M870 MCS;58177.png
58178;12 Gauge Buck 8rnd;58178.png
58179;Saiga-12K;58179.png
58180;Saiga-12 Mag 5rnd;58180.png
58181;AK74 Muzzle;58181.png
58182;AK-103 Muzzle;58182.png
58183;SV-98 Compensator;58183.png
58184;TGP-V SVD Suppressor;58184.png
58185;12 Gauge Buck 2rnd;58185.png
58186;Super Shorty M870;58186.png
58187;AN-94 Abakan;58187.png
58188;6L23 Mag Plum;58188.png
58189;AS VAL;58189.png
58190;ASVAL Mag;58190.png
58191;VAL Suppressor;58191.png
58192;VSS DMR;58192.png
58193;VSS Mag;58193.png
58194;M16A4;58194.png
58195;SP5 Box;58195.png
58195;9x39mm SP-5 Box;dup/58195_2.png
58196;TOZ-194;58196.png
58197;M4 Super 90;58197.png
58198;ERFulcrum;58198.png
58199;USGI A2 F Hider;58199.png
58200;LMT M203;58200.png
58201;40x46mm HE;58201.png
58202;M203 Sight;58202.png
58203;Bizon-2;58203.png
58204;Bizon Mag;58204.png
58205;12G Buck Ammo Box;58205.png
58205;12 Gauge Buck Ammo Box;dup/58205_2.png
58206;SPAS-12;58206.png
58207;SPAS-12 Semi;58207.png
58208;SPAS-12 Muzzle;58208.png
58209;Mossberg 590A1 Tac;58209.png
58210;M320;58210.png
58211;RGM-40;58211.png
58212;VOG-25;58212.png
58213;G36KA4;58213.png
58214;G36KA4 Dual Optic;58214.png
58215;AK-74M;58215.png
58216;MGL Mk.1s;58216.png
58217;40x46mm HE MGL;58217.png
58218;M2A1 Reflex;58218.png
58219;Milkor MGL Grip;58219.png
58220;RG6;58220.png
58220;RG-6 MGL;dup/58220_2.png
58221;VOG-25 MGL;58221.png
58222;M107;58222.png
58223;M82 Mag;58223.png
58224;M82 Mag M2 AP;58224.png
58225;Barrett M107 Sights;58225.png
58226;M107 Bipod;58226.png
58227;Taurus Model 66;58227.png
58228;M107 Muzzle;58228.png
58229;M107 F Hider;58229.png
58230;M33 Ball Ammo Box;58230.png
58230;50 BMG Ammo Box;dup/58230_2.png
58231;GM6 Lynx;58231.png
58232;GM6 Mag;58232.png
58233;GM6 Mag API-HC;58233.png
58234;GM6 Lynx Muzzle;58234.png
58235;7N34 Ammo Box;58235.png
58235;12.7x108 Ammo Box;dup/58235_2.png
58236;SVDM DMR;58236.png
58237;SVD Mag 20rnd;58237.png
58238;12 Gauge Slug 8rnd;58238.png
58239;12 Gauge Slug 2rnd;58239.png
58240;OSV-96 AMR;58240.png
58241;OSV-96 Mag;58241.png
58242;OSV-96 Mag API-HC;58242.png
58243;OSV-96 Sights;58243.png
58244;M1022 LRS Ammo Box;58244.png
58244;50 BMG AP Ammo Box;dup/58244_2.png
58245;M16A3;58245.png
58246;A2 Sights_R;58246.png
58247;KS-23;58247.png
58248;KS-23 Shrapnel-10;58248.png
58249;MaTech Sight;58249.png
58250;M136 AT4;58250.png
58251;84mm HEAT;58251.png
58252;92FS;58252.png
58252;Beretta 92FS;dup/58252_2.png
58253;M9 Mag;58253.png
58254;M9 Sights;58254.png
58255;M9 Night Sights;58255.png
58256;Glock Night Sights;58256.png
58257;M1911 Sights;58257.png
58258;M1911 Night Sights;58258.png
58259;SVDM Bipod;58259.png
58260;STANAG Mag M856;58260.png
58261;STANAG Mag Dark M856;58261.png
58262;M995 Ammo Box;58262.png
58262;5.56 M856 Ammo Box;dup/58262_2.png
58263;M995 Belt;58263.png
58263;5.56 Belt M856;dup/58263_2.png
58264;Grach;58264.png
58265;Grach Mag;58265.png
58266;VSS Mag SP-6;58266.png
58267;Taurus Model .44;58267.png
58268;Speedloader 44 Mag;58268.png
58269;MT180gr Ammo Box;58269.png
58269;44 Mag Ammo Box;dup/58269_2.png
58270;M39 DMR;58270.png
58271;ASVAL Mag SP-6;58271.png
58272;Galil AR;58272.png
58273;Galil Mag;58273.png
58274;Galil SAR;58274.png
58275;M855 Carton;58275.png
58275;5.56 Carton;dup/58275_2.png
58276;M855 Clip;58276.png
58276;5.56 Clip;dup/58276_2.png
58277;M995 Carton;58277.png
58277;5.56 Carton M856;dup/58277_2.png
58278;M995 Clip;58278.png
58278;5.56 Clip M856;dup/58278_2.png
58279;7-BZ-1 Ammo Box;58279.png
58279;12.7x108 AP Ammo Box;dup/58279_2.png
58280;Salvo-12 Suppressor;58280.png
58281;Osprey 9 Suppressor;58281.png
58282;Osprey 9 Suppressor (Tan);58282.png
58283;Osprey 9 Suppressor (OD Green);58283.png
58284;Osprey 45 Suppressor;58284.png
58285;Osprey 45 Suppressor (Tan);58285.png
58286;Osprey 45 Suppressor (OD Green);58286.png
58287;VPO-136;58287.png
58288;VPO-136 Mag;58288.png
58289;KM2000;58289.png
58290;Zarya;58290.png
58291;Model 7290;58291.png
58292;PP-2000;58292.png
58293;PP-2000 Mag;58293.png
58294;Vector .45;58294.png
58294;Vector 45;dup/58294_2.png
58295;Vector 45 Mag;58295.png
58296;RGD-2 Smoke White;58296.png
58297;RGD-2 Smoke Red;58297.png
58298;RGD-2 Smoke Green;58298.png
58299;RGD-2 Smoke Yellow;58299.png
58300;RGD-2 Smoke Violet;58300.png
58301;Five-seven;58301.png
58302;Fiveseven Mag;58302.png
58303;SS195LF Ammo Box;58303.png
58303;5.7 SS195LF Ammo Box;dup/58303_2.png
58304;Five-seven Sights;58304.png
58305;MK57 Banshee;58305.png
58306;Romeo1 Mini;58306.png
58307;M27 IAR;58307.png
58308;Surefire Quadstack;58308.png
58309;Five-Seven Suppressor;58309.png
58310;P90 Suppressor;58310.png
58311;CPL-RM;58311.png
58312;P90 TR;58312.png
58313;P90 Mag;58313.png
58314;SMAW AB;58314.png
58315;Model 1894;58315.png
58316;Model 1894 Sawn off;58316.png
58317;Model 1894 Lupara;58317.png
58318;12G Slug Ammo Box;58318.png
58318;12 Gauge Slug Ammo Box;dup/58318_2.png
58319;RPG-26;58319.png
58320;72.5mm HEAT;58320.png
58321;M48 Tomahawk;58321.png
58322;Vityaz F Hider;58322.png
58323;PinkVAL;58323.png
58324;PinkVALSuppressor;58324.png
58325;USP 45;58325.png
58326;USP Mag;58326.png
58327;USP Sights;58327.png
58328;Uzi;58328.png
58329;Uzi Mag;58329.png
58330;Saiga-9;58330.png
58331;AR15A3;58331.png
58331;AP4;dup/58331_2.png
58332;STANAG Mag 20;58332.png
58333;STANAG Mag Dark 20;58333.png
58334;Magpul MBUS IS R;58334.png
58335;Magpul MBUS IS F;58335.png
58336;Magpul MBUS IS;58336.png
58337;Uzi Mag Ext;58337.png
58338;SCAR-L;58338.png
58339;SCAR-L Mag;58339.png
58340;AR15A3 FA;58340.png
58340;AP4 Mod;dup/58340_2.png
58341;M870 Home Defense;58341.png
58342;P226;58342.png
58343;P226 Mag;58343.png
58344;SIG P226 Sights;58344.png
58345;Storm Tactical;58345.png
58346;MAC-10;58346.png
58347;MAC-10 Mag;58347.png
58348;MAC-10 Stock;58348.png
58349;MAC-10 Stock Ext;58349.png
58350;MAC-10 Suppressor;58350.png
58351;MAC-10 Strap;58351.png
58352;PP-2000 Adaptive;58352.png
58353;KAC Fold IS R;58353.png
58354;KAC Fold IS F;58354.png
58355;KAC Fold IS M27;58355.png
58356;SP6 Box;58356.png
58356;9x39mm SP-6 Box;dup/58356_2.png
58357;M33 Ball Belt;58357.png
58357;50 BMG Belt;dup/58357_2.png
58358;M1022 LRS Belt;58358.png
58358;50 BMG Belt AP;dup/58358_2.png
58359;7N34 Belt;58359.png
58359;12.7x108 Belt;dup/58359_2.png
58360;7-BZ-1 Belt;58360.png
58360;12.7x108 Belt AP;dup/58360_2.png
58361;Saiga-12 Mag 5rnd Slug;58361.png
58362;Ak 5C;58362.png
58363;Ak 5 Mag;58363.png
58364;Aimpoint CS;58364.png
58365;Aimpoint CS Sights;58365.png
58366;R0991;58366.png
58367;Colt SMG Mag 32rnd;58367.png
58368;Colt SMG Mag;58368.png
58369;Ak 5D;58369.png
58370;M1A;58370.png
58371;M1A Mag;58371.png
58372;M1A SOCOM;58372.png
58373;M14 Mag 30rnd;58373.png
58374;Micro T-2;58374.png
58375;MDR;58375.png
58376;G36 Mag M856;58376.png
58377;M249 Box M856;58377.png
58378;AUG Mag M856;58378.png
58379;Galil Mag M856;58379.png
58380;Surefire Quadstack M856;58380.png
58381;STANAG Mag 20 M856;58381.png
58382;STANAG Mag Dark 20 M856;58382.png
58383;SCAR-L Mag M856;58383.png
58384;Ak 5 Mag M856;58384.png
58385;Magpul MBUS IS AR;58385.png
58386;RX01NSN;58386.png
58387;P2000;58387.png
58388;P2000 Mag;58388.png
58389;P2000 Mag AP 6.3;58389.png
58390;Speedloader 44 Mag OMA;58390.png
58391;44 Mag OMA Ammo Box;58391.png
58391;44Mag OMA Ammo Box;dup/58391_2.png
58392;MG3;58392.png
58393;MG3 Drum;58393.png
58394;UMP 45;58394.png
58395;UMP45 Mag;58395.png
58396;ACOG TA648;58396.png
58397;B-3 Mount;58397.png
58398;AS VAL B-3;58398.png
58399;VSS DMR B-3;58399.png
58400;RPG-22;58400.png
58401;PK-AS-W;58401.png
58402;PK-AS-W AK;58402.png
58403;MG3KWS;58403.png
58404;PKP Pecheneg;58404.png
58405;PKM Box 200rnd;58405.png
58406;DP-27;58406.png
58407;DP27 Pan;58407.png
58408;T-5000;58408.png
58409;T5000 Mag;58409.png
58410;DP-2000;58410.png
58411;DP27 Rear Sight;58411.png
58412;Tavor-21;58412.png
58413;KAC Fold IS Tavor;58413.png
58414;Vityaz SN Zenitco;58414.png
58415;Micro T-2 AK;58415.png
58416;Aimpoint CS AK;58416.png
58417;Aimpoint CS AK Sights;58417.png
58418;M2A1 Reflex AK;58418.png
58419;RX01NSN AK;58419.png
58420;ACOG TA11F AK;58420.png
58421;ACOG TA648 AK;58421.png
58422;Elcan SpecterDR AK;58422.png
58423;C79 AK;58423.png
58424;C79 AK Sights;58424.png
58425;Tavor-7;58425.png
58426;Tavor 7 Handguard;58426.png
58427;DTK-1 Muzzle;58427.png
58428;SV-98 Suppressor;58428.png
58429;SV98 Heat Ribbon;58429.png
58430;T-5000 .338;58430.png
58431;T5000 .338 Mag;58431.png
58432;Wave Muzzle;58432.png
58433;SVU DMR;58433.png
58434;SVU-A;58434.png
58435;SVD Mag 30rnd;58435.png
58436;SVU Bipod;58436.png
58437;SVU Flip-Up Sights;58437.png
58438;SVU Suppressor;58438.png
58439;KS-23M;58439.png
58440;MP7A2;58440.png
58441;AEK-971;58441.png
58442;AEK-973;58442.png
58443;MPX;58443.png
58444;FN MAG;58444.png
58445;KS-23M Stock;58445.png
58446;MPX Mag;58446.png
58447;MCX;58447.png
58448;GM6 Lynx Suppressor;58448.png
58449;M107 Suppressor;58449.png
58450;Reaper Muzzle;58450.png
58451;Lantac Dragon Muzzle;58451.png
58452;PSR Muzzle;58452.png
58453;PSR Muzzle 762;58453.png
58454;OKP-7 AK;58454.png
58455;Malyuk 556;58455.png
58456;Malyuk;58456.png
58457;Malyuk 762;58457.png
58458;PSR Muzzle 338;58458.png
58459;Kashtan 1P78;58459.png
58460;Kashtan P1;58460.png
58461;Kashtan P1 AK;58461.png
58462;NPZ PA1-4;58462.png
58463;NPZ PA1-4 AK;58463.png
58464;7N1 Ammo Box;58464.png
58464;7N1 Ball Ammo Box;dup/58464_2.png
58465;7N1 Belt;58465.png
58465;7.62x54R Belt;dup/58465_2.png
58466;KS-23 Barricade;58466.png
58467;BM-1 Barrel Mount;58467.png
58468;OKP-7;58468.png
58469;Igolnik Packet;58469.png
58469;7T3M 30rnd Packet;dup/58469_2.png
58470;6L20 Mag 7T3M;58470.png
58471;6L23 Mag 7T3M;58471.png
58472;6L18 Mag 7T3M;58472.png
58473;6L23 Mag Plum 7T3M;58473.png
58474;7N23 Packet;58474.png
58474;57-N-231P 20rnd Packet;dup/58474_2.png
58475;VPO-136 Mag Tracer;58475.png
58476;AK55 Mag Tracer;58476.png
58477;AK-103 Mag Tracer;58477.png
58478;RPK Mag Tracer;58478.png
58479;SKS Clip Tracer;58479.png
58480;M4 Carbine;58480.png
58481;C8A3;58481.png
58482;M714 White;58482.png
58483;M713 Red;58483.png
58484;M715 Green;58484.png
58485;M716 Yellow;58485.png
58486;M714 White MGL;58486.png
58487;M713 Red MGL;58487.png
58488;M715 Green MGL;58488.png
58489;M716 Yellow MGL;58489.png
58490;GRD-50 White;58490.png
58491;GRD-50 Red;58491.png
58492;GRD-50 Green;58492.png
58493;GRD-50 Yellow;58493.png
58494;GRD-50 MGL White;58494.png
58495;GRD-50 MGL Red;58495.png
58496;GRD-50 MGL Green;58496.png
58497;GRD-50 MGL Yellow;58497.png
58498;Ka-Bar;58498.png
58499;FinkaNKVD;58499.png
58500;AN-94K Taki;58500.png
58501;RGO;58501.png
58502;BEANO T-13;58502.png
58503;RPK74M;58503.png
58504;6L26 Mag;58504.png
58505;6L26 Mag 7T3M;58505.png
58506;Steiner DBAL-I² BM-1;58506.png
58507;LE-032 Rangefinder BM-1;58507.png
58508;AN PEQ-15 BM-1;58508.png
58509;Uzi Tac;58509.png
58510;Hi Power;58510.png
58511;HP Mag;58511.png
58512;HP Sights;58512.png
58513;Vector 9;58513.png
58513;Vector 9mm;dup/58513_2.png
58514;Glock Mag 33rnd;58514.png
58515;M1 Garand;58515.png
58516;M1 Garand Clip;58516.png
58517;M1906 Packet;58517.png
58517;M1906 Ball 30rnd Packet;dup/58517_2.png
58518;M4A3;58518.png
58519;STANAG Mag 10;58519.png
58520;STANAG Mag 10 M856;58520.png
58521;STANAG Mag Dark 10;58521.png
58522;STANAG Mag Dark 10 M856;58522.png
58523;AP 6.3 Ammo Box;58523.png
58523;9mm AP 6.3 Ammo Box;dup/58523_2.png
58524;Glock Mag AP 6.3;58524.png
58525;MP5 Mag AP 6.3;58525.png
58526;Vityaz Mag AP 6.3;58526.png
58527;M9 Mag AP 6.3;58527.png
58528;Grach Mag AP 6.3;58528.png
58529;PP-2000 Mag AP 6.3;58529.png
58530;Uzi Mag AP 6.3;58530.png
58531;Uzi Mag Ext AP 6.3;58531.png
58532;P226 Mag AP 6.3;58532.png
58533;Colt SMG Mag 32rnd AP 6.3;58533.png
58534;Colt SMG Mag AP 6.3;58534.png
58535;MPX Mag AP 6.3;58535.png
58536;Glock Mag 33rnd AP 6.3;58536.png
58537;HP Mag AP 6.3;58537.png
58538;M60E6;58538.png
58539;M60 Box;58539.png
58540;M60E6 Rear Sight;58540.png
58541;M60;58541.png
58542;SRD QD Supp;58542.png
58543;PPSh-41;58543.png
58544;PPSh-41 Mag;58544.png
58545;PPSh-41 Drum;58545.png
58546;P gl Packet;58546.png
58546;7.62x25 Tokarev Packet;dup/58546_2.png
58547;TT-33;58547.png
58548;TT-33 Mag;58548.png
58549;Scorpion Evo 3;58549.png
58550;Evo-3 Mag;58550.png
58551;Evo-3 Mag AP 6.3;58551.png
58552;Evo-3 Mag 20rnd;58552.png
58553;Evo-3 Mag 20rnd AP 6.3;58553.png
58554;Evo-3 Drum;58554.png
58555;Evo-3 Drum AP 6.3;58555.png
58556;Evo 3 Sights;58556.png
58557;Evo 3 Rear Sight;58557.png
58558;Evo 3 Front Sight;58558.png
58559;TT-33 Sights;58559.png
58560;MP-443 Grach Sights;58560.png
58561;Groza-1;58561.png
58562;Groza Grip;58562.png
58563;M45 Mistake;58563.png
58564;Deagle;58564.png
58565;Deagle Mag;58565.png
58566;P2000 Sights;58566.png
58567;Deagle Mag OMA;58567.png
58568;50 AE HP Ammo Box;58568.png
58568;50AE HP Ammo Box;dup/58568_2.png
58569;Tavor-21 300BO;58569.png
58570;50 AE OMA Ammo Box;58570.png
58570;50AE OMA Ammo Box;dup/58570_2.png
58571;Desert Eagle Sights;58571.png
58572;SP-11 Ammo Box;58572.png
58572;SP11 Ammo Box;dup/58572_2.png
58573;SP-10 Ammo Box;58573.png
58573;SP10 Ammo Box;dup/58573_2.png
58574;Zubilo Ammo Box;58574.png
58574;SP-13 Ammo Box;dup/58574_2.png
58575;SR-1MP;58575.png
58576;SR-1MP Mag;58576.png
58577;SR-1MP Mag SP-10;58577.png
58578;SR-1MP Mag SP-13;58578.png
58579;SR-1MP Tac;58579.png
58580;SR-1MP Quad Mount;58580.png
58581;SR-1MP Single Mount;58581.png
58582;CPL-RM SR-1MP;58582.png
58583;SR-1MP Suppressor;58583.png
58584;Veresk;58584.png
58585;Veresk Mag 30rnd;58585.png
58586;Veresk Mag 30rnd SP-10;58586.png
58587;Veresk Mag 30rnd SP-13;58587.png
58588;Veresk Mag;58588.png
58589;Veresk Mag SP-10;58589.png
58590;Veresk Mag SP-13;58590.png
58591;G3 Drum;58591.png
58592;MP5SD Suppressor;58592.png
58593;MSG90 DMR;58593.png
58594;G3 Mag 10rnd;58594.png
58595;G3 Bipod;58595.png
58596;G3 Mag 5rnd;58596.png
58597;ZF-1 Scope;58597.png
58598;HK33 Tac;58598.png
58599;HK33 Mag;58599.png
58600;HK33 Mag M856;58600.png
58601;HK33;58601.png
58602;MP5 Drum;58602.png
58603;MP5 Drum AP 6.3;58603.png
58604;HK33 Mag 25rnd;58604.png
58605;HK33 Mag 25rnd M856;58605.png
58606;M16A1;58606.png
58607;MP5K;58607.png
58608;MP5K Mag;58608.png
58609;MP5K Mag AP 6.3;58609.png
58610;HK53;58610.png
58611;MP5SD2;58611.png
58612;HK Scope Mount;58612.png
58613;OKP-7 HK;58613.png
58614;Kashtan P1 HK;58614.png
58615;NPZ PA1-4 HK;58615.png
58616;Aimpoint CS HK;58616.png
58617;Aimpoint CS HK Sights;58617.png
58618;Micro T-2 HK;58618.png
58619;RX01NSN HK;58619.png
58620;ACOG TA648 HK;58620.png
58621;PK-AS-W HK;58621.png
58622;M2A1 Reflex HK;58622.png
58623;C79 HK;58623.png
58624;C79 HK Sights;58624.png
58625;ACOG TA11F HK;58625.png
58626;PM IILP HK;58626.png
58627;Z-Point HK;58627.png
58628;EOTech EXPS3 HK;58628.png
58629;IIP HK;58629.png
58630;Mark 4 LRT HK;58630.png
58631;ACOG TA31D HK;58631.png
58632;EOTech 553 HK;58632.png
58633;PK-120 HK;58633.png
58634;Elcan SpecterDR HK;58634.png
58635;G3 Muzzle;58635.png
58636;FAL;58636.png
58636;FN FAL;dup/58636_2.png
58637;FAL Mag;58637.png
58638;SA58;58638.png
58639;L1A1;58639.png
58639;L1A1 DMR;dup/58639_2.png
58640;SA58 DMR;58640.png
58641;FN Minimi;58641.png
58642;Carl Gustaf M3;58642.png
58643;FFV551 HEAT;58643.png
58644;Carl Gustaf 2x Scope;58644.png
58645;SenVU DMR;58645.png
58646;FFV441B HE;58646.png
58647;FFV751 Tandem;58647.png
58648;SenVU Mag;58648.png
58649;SenVU Mag Ult;58649.png
58650;Surefire M300;58650.png
58651;Surefire X300;58651.png
58652;Surefire X300 SR-1MP;58652.png
58653;M24A3 SWS;58653.png
58654;Surefire M300 BM-1;58654.png
58655;ARX 160;58655.png
58656;ARX 160 7.62;58656.png
58657;ARX160 Sights;58657.png
58658;M14;58658.png
58659;vz. 58;58659.png
58660;vz. 58 Mag;58660.png
58661;Rotex 2 Suppressor;58661.png
58662;Veresk Suppressor;58662.png
58663;Veresk Muzzle;58663.png
58664;93 Raffica;58664.png
58664;Beretta 93 Raffica;dup/58664_2.png
58665;Colt Python;58665.png
58666;Moon Clip 357 Mag;58666.png
58667;Hardballer;58667.png
58668;Moon Clip 357 Mag Semi;58668.png
58669;RPG-29;58669.png
58670;RPG-29 Tandem;58670.png
58671;RPG-29 HE;58671.png
58672;M79 GL;58672.png
58673;158gr FMJ Ammo Box;58673.png
58673;357 Mag Ammo Box;dup/58673_2.png
58674;Hardballer Sights;58674.png
58675;BSAP Ammo Box;58675.png
58675;357 Mag Semi Ammo Box;dup/58675_2.png
58676;M40 SR;58676.png
58677;M80A1 5rnd;58677.png
58677;7.62x51 5rnd;dup/58677_2.png
58678;M202 FLASH;58678.png
58679;M202 FLASH Ammo;58679.png
58680;M72 LAW;58680.png
58681;M72 LAW HEAT;58681.png
58682;M609;58682.png
58683;AK-12;58683.png
58684;AK-12 Mag;58684.png
58685;AK-12 Rear Sight;58685.png
58686;AK-12 Mag 7T3M;58686.png
58687;vz. 58 Mag Tracer;58687.png
58688;3–9× Redfield;58688.png
58689;MAT-49;58689.png
58690;MAT-49 Mag;58690.png
58691;MAT-49 Mag AP 6.3;58691.png
58692;RPD;58692.png
58693;RPD Drum;58693.png
58694;RPD Drum Tracer;58694.png
58695;AK-15;58695.png
58696;AK-12K;58696.png
58697;AK-15K;58697.png
58698;RPK-16;58698.png
58699;RPK-16 Drum;58699.png
58700;RPK-16 Drum 7T3M;58700.png
58701;VHS-2;58701.png
58702;VHS-2 Sights;58702.png
58703;VHS-2 F Hider;58703.png
58704;vz. 58 FAB;58704.png
58705;Micro Uzi;58705.png
58706;Stechkin APS;58706.png
58707;APS Mag;58707.png
58708;APS Wire Stock;58708.png
58709;M72A7 LAW;58709.png
58710;P320 MHS;58710.png
58711;P320 Mag;58711.png
58712;P320 Mag AP 6.3;58712.png
58713;SIG P320 Sights;58713.png
58714;Tiss;58714.png
58715;Tiss Mag;58715.png
58716;Tiss Mag SP-6;58716.png
58717;Groza-4;58717.png
58718;Groza-4 Suppressor;58718.png
58719;FFV509 ASM;58719.png
58720;PMAG;58720.png
58721;PMAG T;58721.png
58722;PMAG OD;58722.png
58723;PMAG OR;58723.png
58724;PMAG 2;58724.png
58725;PMAG 2 T;58725.png
58726;PMAG 2 OD;58726.png
58727;PMAG 2 OR;58727.png
58728;OTs-12 Muzzle;58728.png
58729;PMAG M856;58729.png
58730;PMAG T M856;58730.png
58731;PMAG OD M856;58731.png
58732;PMAG OR M856;58732.png
58733;PMAG 2 M856;58733.png
58735;PMAG 2 OD M856;58735.png
58736;PMAG 2 OR M856;58736.png
58737;6L31 Mag;58737.png
58738;6L31 Mag 7T3M;58738.png
58739;KEDR;58739.png
58740;KEDR Mag;58740.png
58741;KEDR Mag 30rnd;58741.png
58742;PP-91 Mount;58742.png
58743;KEDR Tac;58743.png
58744;HK33 Drum;58744.png
58745;TEC-9;58745.png
58746;TEC-9 Mag;58746.png
58747;TEC-9 Mag AP 6.3;58747.png
58748;G28 DMR;58748.png
58749;CZ 75;58749.png
58750;CZ 75 Mag;58750.png
58751;CZ 75 Mag AP 6.3;58751.png
58752;CZ 75 Sights;58752.png
58753;Stechkin APB;58753.png
58754;APB Suppressor;58754.png
58755;TEC-9 Modded;58755.png
58756;HK33 Drum M856;58756.png
58757;CZ-805 BREN A2;58757.png
58758;TRG-22;58758.png
58759;TRG-22 Mag;58759.png
58760;TRG Muzzle;58760.png
58761;Sako TRG Bipod;58761.png
58762;TRG-42;58762.png
58763;TRG-42 Mag;58763.png
58764;AK Mistake;58764.png
58765;AK-102;58765.png
58766;AK-102 Muzzle;58766.png
58767;PK-AS;58767.png
58768;M134;58768.png
58769;M134 Belt M80A1;58769.png
58769;M134 Belt;dup/58769_2.png
58770;MCX Rattler;58770.png
58771;MCX 300BO;58771.png
58772;Honey Badger;58772.png
58773;MCX LVAW;58773.png
58774;MCX LVAW Suppressor;58774.png
58775;STANAG Mag 300BO;58775.png
58776;STANAG Mag Dark 300BO;58776.png
58777;Surefire Quadstack 300BO;58777.png
58778;STANAG Mag 20 300BO;58778.png
58779;STANAG Mag Dark 20 300BO;58779.png
58780;SCAR-L Mag 300BO;58780.png
58781;Ak 5 Mag 300BO;58781.png
58782;STANAG Mag 10 300BO;58782.png
58783;STANAG Mag Dark 10 300BO;58783.png
58784;PMAG 300BO;58784.png
58785;PMAG T 300BO;58785.png
58786;PMAG OD 300BO;58786.png
58787;PMAG OR 300BO;58787.png
58788;PMAG 2 300BO;58788.png
58789;PMAG 2 T 300BO;58789.png
58790;PMAG 2 OD 300BO;58790.png
58791;PMAG 2 OR 300BO;58791.png
58792;Enforcer Ammo Box;58792.png
58792;300BO Ammo Box;dup/58792_2.png
58793;Honey Badger Supp;58793.png
58794;6h5;58794.png
58795;FairbairnSykes;58795.png
58796;Ontario Machete;58796.png
58797;Ontario SP-8 Machete;58797.png
58798;Taiga-1 Machete;58798.png
58799;SOG Axe;58799.png
58800;HK69;58800.png
58801;Gerber Tomahawk;58801.png
58802;QBZ-97;58802.png
58803;QBZ-97 Custom;58803.png
58804;QJB-97;58804.png
58805;QJB-97 Custom;58805.png
58806;ACR;58806.png
58806;Remington ACR;dup/58806_2.png
58807;Magpul MBUS IS ACR;58807.png
58808;HK433;58808.png
58809;HK433 Sights;58809.png
58810;HK433 F Hider;58810.png
58811;MSBS Grot;58811.png
58812;MSBS Grot Carbine;58812.png
58813;MG3 Box;58813.png
58814;Carl Gustaf M4;58814.png
58815;T03A;58815.png
58816;T03A Upgrade;58816.png
58817;MP9;58817.png
58818;MP9 Mag;58818.png
58819;MP9 Mag AP 6.3;58819.png
58820;MP9-N;58820.png
58821;MP9 Mag 20rnd;58821.png
58822;MP9 Mag 20rnd AP 6.3;58822.png
58823;MP9 Mag 25rnd;58823.png
58824;MP9 Mag 25rnd AP 6.3;58824.png
58825;MP9 Mag 30rnd;58825.png
58826;MP9 Mag 30rnd AP 6.3;58826.png
58827;MCX Patrol;58827.png
58828;MP9 Suppressor;58828.png
58829;Razor AMG UH-1;58829.png
58830;Razor AMG UH-1 AK;58830.png
58831;Razor AMG UH-1 HK;58831.png
58832;APC9K;58832.png
58833;Saiga-12 Mag;58833.png
58834;Saiga-12 Mag Slug;58834.png
58835;KH-2002;58835.png
58836;FORTIS Shift Grip;58836.png
58837;SOCOM556-RC2 Sup;58837.png
58838;RK-0 Grip;58838.png
58839;SOCOM556-Mon Sup;58839.png
58840;RK-1 Grip;58840.png
58841;SOCOM556-MinMon Sup;58841.png
58842;RK-2 Grip;58842.png
58843;SOCOM556-RC2 Sup T;58843.png
58844;RK-4 Grip;58844.png
58845;SCAR-HAMR;58845.png
58846;RK-5 Grip;58846.png
58847;Mark 4 LRT BLK;58847.png
58848;RK-6 Grip;58848.png
58849;Mark 4 LRT BLK AK;58849.png
58850;RK-1 Grip B-25U;58850.png
58851;Mark 4 LRT BLK HK;58851.png
58852;Pernach;58852.png
58853;Pernach Mag;58853.png
58854;Pernach Mag Ext;58854.png
58855;Pernach Sights;58855.png
58856;Pernach Stock;58856.png
58857;SG551;58857.png
58858;SG552;58858.png
58859;SG552 Mag;58859.png
58860;SG551 Mag;58860.png
58861;SG551 Sight;58861.png
58862;SG551 F Hider;58862.png
58863;SG552 Muzzle;58863.png
58864;SG552 Mag M856;58864.png
58865;SG551 Mag M856;58865.png
58866;Fateh;58866.png
58867;Aimpoint PRO;58867.png
58868;Aimpoint PRO (AK);58868.png
58869;Aimpoint PRO (HK);58869.png
58870;C90-CR;58870.png
58871;C90-CR HEAT;58871.png
58872;C90 2x Scope;58872.png
58873;C90 Reusable;58873.png
58874;C90 HEAT;58874.png
58875;C90 HE;58875.png
58876;C90 Tandem;58876.png
58877;C90 AB;58877.png
58878;Carl Gustaf HEAT Box;58878.png
58879;Carl Gustaf HE Box;58879.png
58880;Carl Gustaf Tandem Box;58880.png
58881;Carl Gustaf ASM Box;58881.png
58882;C90 Reusable HEAT Box;58882.png
58883;C90 Reusable HE Box;58883.png
58884;C90 Reusable Tandem Box;58884.png
58885;C90 Reusable ASM Box;58885.png
58886;RPG-75 Launcher;58886.png
58887;RPG-75 Ammo;58887.png
58888;Glock FAB Stock;58888.png
58889;Glock Sights;58889.png
58890;KH-2002 Carbine;58890.png
58891;KH-2002 DMR;58891.png
58892;TAC-50 A1-R2;58892.png
58893;TAC-50 Mag;58893.png
58894;TAC-50 Mag AP;58894.png
58895;Saiga-12K Mod;58895.png
58896;PM IILP Tan;58896.png
58897;PM IILP Tan HK;58897.png
58898;PM IILP Tan AK;58898.png
58899;TAC-50 A1-R2 Muzzle;58899.png
58900;M93 Black Arrow;58900.png
58901;Black Arrow Mag;58901.png
58902;Black Arrow Mag AP;58902.png
58903;MP1911;58903.png
58904;Black Arrow Muzzle;58904.png
58905;Black Arrow Bipod;58905.png
58906;Zolfaqar;58906.png
58907;Zolfaqar Mag;58907.png
58908;Zolfaqar Angled Grip;58908.png
58909;SA80 F Hider;58909.png
58910;Zolfaqar Grip;58910.png
58911;FMG-9;58911.png
58912;Zolfaqar Grip (Bipod);58912.png
58913;FMG-9 Sight;58913.png
58914;L85A3;58914.png
58915;GPS.02 Grip;58915.png
58916;PP-2000 Laser;58916.png
58917;FAMAS F1 Infantry;58917.png
58917;FAMAS F1;dup/58917_2.png
58918;FAMAS F1 Mag;58918.png
58919;FAMAS F1 Mag M856;58919.png
58920;Gunsite Scout;58920.png
58921;Gunsite Scout Mag;58921.png
58922;Gunsite Scout Mag M856;58922.png
58923;G3A4;58923.png
58924;G3A4 Rail;58924.png
58925;FAMAS F Hider;58925.png
58926;GPS.02 Grip (Bipod);58926.png
58927;R700 338 Mag;58927.png
58928;SS12;58928.png
58929;SS12 Sawn off;58929.png
58930;Saiga-12 Mag Army Buck;58930.png
58931;12 Gauge Army 8rnd;58931.png
58932;Saiga-12 Mag 5rnd Army;58932.png
58933;12 Gauge Army 2rnd;58933.png
58934;12G Mag Ammo Box;58934.png
58934;12 Gauge Army Ammo Box;dup/58934_2.png
58935;L86A2;58935.png
58936;FAL Rear Sight;58936.png
58937;FAL 50.63;58937.png
58937;FN FAL 50.63;dup/58937_2.png
58938;FAL F Hider;58938.png
58939;FAL Muzzle;58939.png
58940;MP40;58940.png
58941;MP40 Mag;58941.png
58942;MP40 Mag AP 6.3;58942.png
58943;Luger P08;58943.png
58944;Luger Mag;58944.png
58945;Luger Mag AP 6.3;58945.png
58946;SA58 OSW;58946.png
58947;FAL Mag 30rnd;58947.png
58948;M870 MCS 10 Inch;58948.png
58949;12 Gauge Buck 5rnd;58949.png
58950;12 Gauge Army 5rnd;58950.png
58951;12 Gauge Slug 5rnd;58951.png
58952;Ithaca 37;58952.png
58953;Ithaca 37 Stakeout;58953.png
58954;AA12;58954.png
58955;AA12 Mag;58955.png
58956;AA12 Mag Slug;58956.png
58957;AA12 Mag Army Buck;58957.png
58958;AA12 Drum;58958.png
58959;AA12 Drum Slug;58959.png
58960;AA12 Drum Army Buck;58960.png
58961;Intervention;58961.png
58962;Intervention Mag;58962.png
58963;408 CheyTac Ammo Box;58963.png
58964;Walther MRS;58964.png
58965;Glock Auto Sear;58965.png
58966;G17 Burst;58966.png
58967;G26 Dump;58967.png
58968;SA80 Sights (L86);58968.png
58969;M200 Intervention Muzzle;58969.png
58970;Intervention Bipod;58970.png
58971;PPK Suppressor;58971.png
58972;CZ 75 Auto;58972.png
58973;CZ 75 Mag 32rnd;58973.png
58974;CZ 75 Mag 32rnd AP 6.3;58974.png
58975;GK-02 Muzzle;58975.png
58976;L119A2 CQB;58976.png
58977;SKS OP;58977.png
58977;OP-SKS DMR;dup/58977_2.png
58978;SKS Mag;58978.png
58979;SKS Mag Tracer;58979.png
58980;SKS Mag 20rnd;58980.png
58981;SKS Mag 20rnd Tracer;58981.png
58982;Glompensator;58982.png
58983;SKS Tapco;58983.png
58983;Tapco SKS DMR;dup/58983_2.png
58984;vz.61 Skorpion;58984.png
58985;vz.61 Mag 10rnd;58985.png
58986;vz.61 Mag;58986.png
58987;Auto Ball Ammo Box;58987.png
58987;32 ACP Ammo Box;dup/58987_2.png
58988;PPK;58988.png
58989;PPK Mag;58989.png
58990;SKS Mag 35rnd;58990.png
58991;SKS Mag 35rnd Tracer;58991.png
58992;L129A1 DMR;58992.png
58993;PMAG AR10;58993.png
58994;KAC Vert Grip Tan;58994.png
58995;AN-94 Abakan Burst;58995.png
58996;CAA FVG-3B;58996.png
58997;Siyavash SR;58997.png
58998;Walther MRS G3;58998.png
58999;Walther MRS AK;58999.png
59000;QBZ-95-1;59000.png
59001;QBZ95 Mag;59001.png
59002;QBZ95 Mag DBP88;59002.png
59003;QBZ95 Drum;59003.png
59004;QBZ95 Drum DBP88;59004.png
59005;DBP10 Box;59005.png
59006;DBP10 Belt;59006.png
59007;QBZ-95-1 Tac;59007.png
59008;QJB-95;59008.png
59009;QJB-95 Tac;59009.png
59010;QBZ-03;59010.png
59011;QBZ-03 Upgrade;59011.png
59012;QBZ-95 Scope;59012.png
59013;QBZ-95B-1;59013.png
59014;QBZ-95B-1 Tac;59014.png
59015;QBZ-03 Scope;59015.png
59016;QBZ 95 Suppressor;59016.png
59017;XY 8.6 Bipod;59017.png
59018;PF98 Bunker;59018.png
59019;QSZ-92;59019.png
59020;QSZ-92 Mag;59020.png
59021;DAP92 Ammo Box;59021.png
59021;DAP92 Box;dup/59021_2.png
59022;QSZ-92 Sights;59022.png
59023;QTS-11;59023.png
59024;QTS-11 GL;59024.png
59025;QTS-11 Grenade;59025.png
59026;QTS-11 Grenade White;59026.png
59027;QBZ 95 Compensator;59027.png
59028;QTS-11 Scope;59028.png
59029;QBS-09;59029.png
59030;QTS-11 Grenade Red;59030.png
59031;QTS-11 Grenade Green;59031.png
59032;QTS-11 Grenade Yellow;59032.png
59033;JS 9mm;59033.png
59034;JS 9mm Sight;59034.png
59035;PF89;59035.png
59036;PF89 Ammo;59036.png
59037;PF89 Scope;59037.png
59038;PF98;59038.png
59039;PF98 Tandem;59039.png
59040;PF98 HE;59040.png
59041;PF98 HEAT;59041.png
59042;QJY-88;59042.png
59043;QJY-88 Box;59043.png
59044;QJY-88 Box DBP88;59044.png
59045;DBP88 Box;59045.png
59046;DBP88 Belt;59046.png
59047;QJY-88 Box 200rnd;59047.png
59048;QJY-88 Box 200rnd DBP88;59048.png
59049;QJY-88 Sight;59049.png
59050;QBU-88 DMR;59050.png
59051;QBU88 Mag;59051.png
59052;QBU88 Mag DBP88;59052.png
59053;PF98 Tandem ATS;59053.png
59054;QBU88 Sights;59054.png
59055;QBU-88 Scope;59055.png
59056;QBU-88 Scope (HK);59056.png
59057;QBU-88 Scope (AK);59057.png
59058;SpeechJammer;59058.png
59059;Speech Jammer Ammo;59059.png
59060;QSW 06 Suppressor;59060.png
59061;LG4;59061.png
59061;LG4 MGL;dup/59061_2.png
59062;QBU88 Mag 20rnd;59062.png
59063;QBU88 Mag 20rnd DBP88;59063.png
59064;LG4 Sight;59064.png
59065;CSLR4;59065.png
59065;CSLR4 Sniper;dup/59065_2.png
59066;CSLR4 Mag;59066.png
59067;CSOS17;59067.png
59068;CSOS17 AK;59068.png
59069;CSOS17 HK;59069.png
59070;XY 8.6;59070.png
59071;XY 8.6 Mag;59071.png
59072;PF98 Scope;59072.png
59073;CSLR3 Bipod;59073.png
59074;JS 9mm Suppressor;59074.png
59075;QBU-10 AMR;59075.png
59076;QBU10 Mag;59076.png
59077;QBU10 Mag API;59077.png
59078;SOG Vodoo Hawk;59078.png
59079;QBU10 Sights;59079.png
59080;QBU-10 Scope;59080.png
59081;QBU-10 Scope (AK);59081.png
59082;QBU-10 Scope (HK);59082.png
59083;Type-82-2;59083.png
59084;Strider CMFK;59084.png
59085;PLA Type 87;59085.png
59086;LG4 Grip;59086.png
59087;FFV469 Smoke;59087.png
59088;CSLR3;59088.png
59088;CSLR3 Sniper;dup/59088_2.png
59089;CSLR3 Mag;59089.png
59090;CSLR3 Mag DBP88;59090.png
59091;EOTech HHS-1;59091.png
59092;EOTech HHS-1 (HK);59092.png
59093;EOTech HHS-1 (AK);59093.png
59094;EOTech HHS-1 3x;59094.png
59095;EOTech HHS-1 3x (HK);59095.png
59096;EOTech HHS-1 3x (AK);59096.png
59097;Type 89;59097.png
59097;Howa Type 89;dup/59097_2.png
59098;Type 89-F;59098.png
59098;Howa Type 89-F;dup/59098_2.png
59099;Type 89 Bayonet;59099.png
59100;Type 89 Tac;59100.png
59100;Howa Type 89 Tactical;dup/59100_2.png
59101;Type 89-F Tac;59101.png
59101;Howa Type 89-F Tactical;dup/59101_2.png
59102;Type 06 Rifle Grenade;59102.png
59103;Minebea PM9;59103.png
59104;Type 20;59104.png
59104;Howa Type 20;dup/59104_2.png
59105;KAC Fold IS Type 20;59105.png
59106;Minebea PM9 Tac;59106.png
59107;RPG-28;59107.png
59108;RPG-28 Warhead;59108.png
59109;RPG-28 Sight;59109.png
59110;ColdSteelMagnumTanto;59110.png
59111;D4V24IML;59111.png
59112;D4V24IML (AK);59112.png
59113;D4V24IML (HK);59113.png
59114;Panzerfaust 3;59114.png
59115;Panzerfaust 3 Ammo;59115.png
59116;Panzerfaust 3 Scope;59116.png
59117;Panzerfaust 3-IT HEAT;59117.png
59118;Panzerfaust 3-IT HEAT;59118.png
59119;Panzerfaust 3-IT Tandem;59119.png
59120;Panzerfaust 3-IT Tandem;59120.png
59121;Panzerfaust 3-IT HE;59121.png
59122;Panzerfaust 3-IT HE;59122.png
59123;Panzerfaust 3-IT600;59123.png
59124;Panzerfaust 3-IT ATS;59124.png
59125;EKP-08-18;59125.png
59126;EKP-08-18 (HK);59126.png
59127;EKP-08-18 (AK);59127.png
59128;L119A2;59128.png
59129;EKP-08-02;59129.png
59130;M79 Osa;59130.png
59131;M79 Osa HEAT;59131.png
59132;M79 Osa Scope;59132.png
59133;M79 Osa Tandem;59133.png
59134;M79 Osa HE;59134.png
59135;CBJ-MS;59135.png
59136;CBJ Mag;59136.png
59137;CBJ Mag AP 6.3;59137.png
59138;CBJ Mag Ext;59138.png
59139;CBJ Mag Ext AP 6.3;59139.png
59140;CBJ Drum;59140.png
59141;CBJ Drum AP 6.3;59141.png
59142;Galil AR FAB;59142.png
59143;Galil SAR FAB;59143.png
59144;Galil BR;59144.png
59145;Galil BR Mag;59145.png
59146;Galil BR FAB;59146.png
59147;PPSh-21 OMA;59147.png
59148;M16A1 Mod;59148.png
59149;M16A2;59149.png
59150;M16A2 Mod;59150.png
59151;M609 Mod;59151.png
59152;Kit SOPMOD;59152.png
59153;Kit Spetsnaz;59153.png
59154;Kit Modern;59154.png
59155;Kit Spec Ops;59155.png
59156;Kit OMA 1;59156.png
59157;Kit OMA 2;59157.png
59158;Kit OMA 3;59158.png
59159;Kit OMA 4;59159.png
59160;Mag Speed Loader;59160.png
59161;GunReceiver1;59161.png
59162;GunReceiver2;59162.png
59163;GunReceiver3;59163.png
59164;GunBarrel1;59164.png
59165;GunBarrel2;59165.png
59166;GunBarrel3;59166.png
59167;GunStock1;59167.png
59168;GunStock2;59168.png
59169;GunStock3;59169.png
59170;GunRail1;59170.png
59171;GunRail2;59171.png
59172;GunRail3;59172.png
59173;GunHandguard1;59173.png
59174;GunHandguard2;59174.png
59175;GunHandguard3;59175.png
59176;GunGrip2;59176.png
59177;GunGrip1;59177.png
59178;GunGrip3;59178.png
59179;QBZ95 Mount;59179.png
59180;USP Sights 2;59180.png
59181;USP Compensator;59181.png
59182;Obsidian 9 Suppressor;59182.png
59183;Obsidian 9 Suppressor BLK;59183.png
59184;Omega K Suppressor 45;59184.png
59185;Omega K Suppressor 9;59185.png
59186;USP Mag 2;59186.png
59187;Karambit;59187.png
59188;Type 88-2;59188.png
59189;NK Mag;59189.png
59190;NK Mag Tracer;59190.png
59191;AK74 Mag Steel;59191.png
59192;AK74 Mag Steel Tra;59192.png
59193;Type 98-3;59193.png
59194;NK Mag 2;59194.png
59195;NK Mag 2 Tracer;59195.png
59196;QBZ-191;59196.png
59197;QBZ191 Mag;59197.png
59198;QBZ191 Mag DBP88;59198.png
59199;QBZ191 Sights;59199.png
59200;QBZ-192;59200.png
59201;QBU-191;59201.png
59202;QBU191 Sights;59202.png
59203;QJB-191;59203.png
59204;ShAK 12.7;59204.png
59205;ShAK 12.7 Mag;59205.png
59206;ShAK 12.7 Sights;59206.png
59207;ShAK 12.7 Mag 20rnd;59207.png
59208;ShAK 12.7 Muzzle;59208.png
59209;ShAK 12.7 Suppressor;59209.png
59210;PS12 Ammo Box;59210.png
59210;STs130 Ammo Box;dup/59210_2.png
59211;ShAk 12.7 Grip;59211.png
59212;ACOG NLAW;59212.png
59213;FBQ08;59213.png
59214;DFS-10;59214.png
59215;DFS-10 White;59215.png
59216;DFS-10 Red;59216.png
59217;DFS-10 Yellow;59217.png
59218;DFS-10 Green;59218.png
59219;Aimpoint CompM4;59219.png
59220;Aimpoint CompM4 (AK);59220.png
59221;Aimpoint CompM4 (HK);59221.png
59222;RPK Drum;59222.png
59223;RPK Drum Tracer;59223.png
59224;ShAK Adaptive;59224.png
59225;PMAG AR10 10rd;59225.png
59226;PMAG Drum;59226.png
59227;PMAG Drum M856;59227.png
59228;PMAG Drum 300BO;59228.png
59229;RM277;59229.png
59230;RM277 Mag;59230.png
59231;HK416;59231.png
59232;HK416C;59232.png
59233;TVCM Ammo Box;59233.png
59233;6.8 TVCM Ammo Box;dup/59233_2.png
59234;RM277 Suppressor;59234.png
59235;DXL-4;59235.png
59236;DXL-4 Mag;59236.png
59237;DXL-4 Muzzle;59237.png
59238;SG556;59238.png
59239;TP9;59239.png
59240;Zolfaqar 2;59240.png
59241;Zolfaqar 3;59241.png
59242;AFG2 Gray;59242.png
59243;AFG2 OD;59243.png
59244;AFG2 T;59244.png
59245;NLAW;59245.png
59246;NLAW HEAT;59246.png
59247;KAC Fold IS Malyuk;59247.png
59248;Model 7290-2;59248.png
59249;Model 7290-9;59249.png
59250;Vector 45 CRB;59250.png
59250;Vector CRB;dup/59250_2.png
59251;Vector 9 SDP;59251.png
59251;Vector SDP;dup/59251_2.png
59252;M1911 Mag RIP;59252.png
59253;Vector 45 Mag RIP;59253.png
59254;USP Mag RIP;59254.png
59255;MAC-10 Mag RIP;59255.png
59256;UMP45 Mag RIP;59256.png
59257;USP Mag 2 RIP;59257.png
59258;45 ACP RIP Ammo Box;59258.png
59258;45ACP RIP Ammo Box;dup/59258_2.png
59259;M1A1;59259.png
59260;Thompson Mag;59260.png
59261;Thompson Mag RIP;59261.png
59262;Thompson Mag 30rnd;59262.png
59263;Thompson Mag 30rnd RIP;59263.png
59264;Thompson Drum;59264.png
59265;Thompson Drum RIP;59265.png
59266;M1921;59266.png
59267;M1A1 Kahr;59267.png
59268;PL-15;59268.png
59269;PL15 Mag;59269.png
59270;PL15 Mag AP 6.3;59270.png
59271;PL15 Sights;59271.png
59272;PL-15K;59272.png
59273;PL15K Mag;59273.png
59274;PL15K Mag AP 6.3;59274.png
59275;PL15K Sights;59275.png
59276;PL15 Suppressor;59276.png
59277;7N23 Ammo Box;59277.png
59277;7.62x39 Tracer Ammo Box;dup/59277_2.png
59278;PP-2000 Mag 2;59278.png
59279;PP-2000 Mag 2 AP 6.3;59279.png
59280;Beryl wz. 96;59280.png
59281;Beryl Mag;59281.png
59282;Beryl Mag M856;59282.png
59283;QBZ95 Mag DPX10;59283.png
59284;QBZ95 Drum DPX10;59284.png
59285;QJY-88 Box DPX10;59285.png
59286;QJY-88 Box 200rnd DPX10;59286.png
59287;QBU88 Mag DPX10;59287.png
59288;QBU88 Mag 20rnd DPX10;59288.png
59289;CSLR3 Mag DPX10;59289.png
59290;QBZ191 Mag DPX10;59290.png
59291;DBU141 Box;59291.png
59291;DBX10 Box;dup/59291_2.png
59292;DBU141 Belt;59292.png
59292;DBX10 Belt;dup/59292_2.png
59293;AK-104;59293.png
59294;SG553R;59294.png
59295;Saiga-12 Mag Bird;59295.png
59296;12 Gauge Birdshot 8rnd;59296.png
59297;Saiga-12 Mag 5rnd Bird;59297.png
59298;12 Gauge Birdshot 2rnd;59298.png
59299;Mini Uzi;59299.png
59300;12G Bird Ammo Box;59300.png
59300;12 Gauge Bird Ammo Box;dup/59300_2.png
59301;G3SG1 DMR;59301.png
59302;G3SG1 Scope;59302.png
59303;M870 Home Defense SO;59303.png
59304;MP412 REX;59304.png
59305;Unica 6;59305.png
59306;MR 73;59306.png
59307;MR 73 Scope;59307.png
59308;Rhino 60DS;59308.png
59309;K7 Suppressor;59309.png
59310;Model 327 R8;59310.png
59311;Rhino 200DS;59311.png
59312;Saiga-12 Mag Frag;59312.png
59313;12 Gauge Frag 8rnd;59313.png
59314;Saiga-12 Mag 5rnd Frag;59314.png
59315;12 Gauge Frag 2rnd;59315.png
59316;HK437;59316.png
59317;12G Frag Ammo Box;59317.png
59317;12 Gauge Frag Ammo Box;dup/59317_2.png
59318;K1 F Hider;59318.png
59319;Win1866;59319.png
59320;Flat Lead 14rnd;59320.png
59320;44 Henry 14rnd;dup/59320_2.png
59321;Flat Lead Packet;59321.png
59321;44 Henry Packet;dup/59321_2.png
59322;Speedloader 357 Mag;59322.png
59323;M1911 Mag 2;59323.png
59324;Speedloader 357 Mag Semi;59324.png
59325;Raging Bull;59325.png
59326;Raging Hunter;59326.png
59327;SR3 Mag;59327.png
59328;SR3 Mag SP-6;59328.png
59329;M249 Bag;59329.png
59330;M249 Bag M856;59330.png
59331;40x46mm FB;59331.png
59332;40x46mm FB MGL;59332.png
59333;VOG FB;59333.png
59334;VOG FB MGL;59334.png
59335;QTS-11 Grenade FB;59335.png
59336;DFS-10 FB;59336.png
59337;KS-23 Zvezda;59337.png
59338;Marlin1895SBL;59338.png
59339;325gr 6rnd;59339.png
59339;45-70 Govt 6rnd;dup/59339_2.png
59340;325gr Packet;59340.png
59340;4570 Govt Packet;dup/59340_2.png
59341;Marlin1895 Sight;59341.png
59342;RPKM;59342.png
59343;PSG1 DMR;59343.png
59344;Mini14;59344.png
59345;Mini14 Mag 30rnd;59345.png
59346;Mini14 Mag 30rnd M856;59346.png
59347;Mini14 Mag 20rnd;59347.png
59348;Mini14 Mag 20rnd M856;59348.png
59349;Mini14 Mag 10rnd;59349.png
59350;Mini14 Mag 10rnd M856;59350.png
59351;Mini14 Mag;59351.png
59352;Mini14 Mag M856;59352.png
59353;Mini14 Tac;59353.png
59354;AC556;59354.png
59355;AC556 Tac;59355.png
59356;HK11E;59356.png
59357;RPG-32;59357.png
59358;RPG-32 Tandem;59358.png
59359;RPG32 Scope;59359.png
59360;RPG-32 Thermo;59360.png
59361;M9 Mag 2;59361.png
59362;M9 Mag 2 AP 6.3;59362.png
59363;Mx4;59363.png
59364;Mx4 Mag;59364.png
59365;Mx4 Mag AP 6.3;59365.png
59366;Cx4;59366.png
59367;K2 F Hider;59367.png
59368;BatonExpand;59368.png
59369;BowieKnife;59369.png
59370;Breaching Hammer;59370.png
59371;SOCPKnife;59371.png
59372;Win1887;59372.png
59373;AKM Magpul;59373.png
59374;PMAG AK;59374.png
59375;PMAG AK Tracer;59375.png
59376;PMAG AK 2;59376.png
59377;PMAG AK 2 Tracer;59377.png
59378;PMAG AK 3;59378.png
59379;PMAG AK 3 Tracer;59379.png
59380;PMAG AK 4;59380.png
59381;PMAG AK 4 Tracer;59381.png
59382;K2;59382.png
59383;K2 Civ;59383.png
59384;K2C1;59384.png
59385;K2C1 Sight;59385.png
59386;K1A;59386.png
59387;K1A Tac;59387.png
59388;K7;59388.png
59389;PMAG AR10 10rd 277;59389.png
59390;DTK-4M Suppressor;59390.png
59391;K7 Tac;59391.png
59392;Steel Mag S;59392.png
59393;Steel Mag S 277;59393.png
59394;VSS Mag SPP;59394.png
59395;ASVAL Mag SPP;59395.png
59396;Tiss Mag SPP;59396.png
59397;SR3 Mag SPP;59397.png
59398;SPP Box;59398.png
59398;9x39mm SPP Box;dup/59398_2.png
59399;AUG Scope 2;59399.png
59400;AUG A1;59400.png
59401;AUG A2;59401.png
59402;AUG A3;59402.png
59403;AUG A3 CQC;59403.png
59404;Igolnik Ammo Box;59404.png
59404;5.45 7T3M Ammo Box;dup/59404_2.png
59406;AUG HBAR;59406.png
59406;AUG HBAR-T;dup/59406_2.png
59407;AUG XS;59407.png
59408;AUG SMG;59408.png
59409;AUG Mag 3;59409.png
59410;AUG Mag 3 M856;59410.png
59411;AUG Mag 2;59411.png
59412;AUG Mag 2 M856;59412.png
59413;AUG Mag D;59413.png
59414;AUG Mag D M856;59414.png
59415;K2C1 6.8;59415.png
59416;Steel Mag 277;59416.png
59417;PMAG AR10 277;59417.png
59418;Hybrid Ammo Box;59418.png
59418;277 Fury Ammo Box;dup/59418_2.png
59419;SR-3M;59419.png
59420;SR-3MP;59420.png
59421;SR3 Suppressor;59421.png
59422;AUG Mag 2 D;59422.png
59423;AUG Mag 2 D M856;59423.png
59424;AUG Mag 3 D;59424.png
59425;AUG Mag 3 D M856;59425.png
59426;MG42;59426.png
59427;S Patrone Belt;59427.png
59427;7.92 Mauser Belt;dup/59427_2.png
59428;M79 GL Pistol;59428.png
59429;AUG F Hider;59429.png
59430;12 Gauge Birdshot 5rnd;59430.png
59431;12 Gauge Frag 5rnd;59431.png
59432;AA12 Mag Birdshot;59432.png
59433;AA12 Mag Frag;59433.png
59434;AA12 Drum Birdshot;59434.png
59435;AA12 Drum Frag;59435.png
59436;Speedloader 357 Mag 2;59436.png
59437;M1911 Mag 2 RIP;59437.png
59438;Speedloader 357 Mag Semi 2;59438.png
59439;KAC Fold IS AUGA2;59439.png
59440;Mossberg 590A1;59440.png
59441;MP-153;59441.png
59442;MP-155;59442.png
59443;Auto-5;59443.png
59444;MK47 Mutant Semi;59444.png
59445;MK47 Mutant;59445.png
59446;Mk47 Muzzle;59446.png
59447;Marlin1895;59447.png
59448;M38 SDMR;59448.png
59449;NAR-10;59449.png
59450;NAR10 Mag;59450.png
59451;REPR MKII;59451.png
59452;M6 IC;59452.png
59453;G3A3 Rag;59453.png
59454;P99;59454.png
59455;P99 Mag;59455.png
59456;P99 Mag AP 6.3;59456.png
59457;P99 Sights;59457.png
59458;P99 Sup;59458.png
59459;Ultimax 100;59459.png
59460;Ultimax 100 Drum;59460.png
59461;Ultimax 100 Drum M856;59461.png
59461;Leoprad_BB Ammo;dup/59461_2.png
59462;X26 Taser;59462.png
59463;X26 Cartridge;59463.png
59464;M76 DMR;59464.png
59465;M76 Mag;59465.png
59466;M77 LMG;59466.png
59467;M77 Mag;59467.png
59468;M77PS;59468.png
59469;Tabuk;59469.png
59470;Maverick 88;59470.png
59471;SPAS-12 Tac;59471.png
59472;SPAS-12 Tac Semi;59472.png
59473;MRAD;59473.png
59474;MRAD Mag;59474.png
59475;MK248 Box;59475.png
59475;300 Win Mag Box;dup/59475_2.png
59476;MRAD Muzzle;59476.png
59477;Sierra-1;59477.png
59478;Hecate II;59478.png
59479;Hecate Mag;59479.png
59480;Hecate Mag M2 AP;59480.png
59481;M1911 Mag 3;59481.png
59482;Hecate Scope;59482.png
59483;Hecate Scope AK;59483.png
59483;Leoprad_20mm_Ammo;dup/59483_2.png
59484;Hecate Scope HK;59484.png
59485;PAPOP-1;59485.png
59486;PAPOP-1 GL;59486.png
59487;PAPOP-1 HE;59487.png
59488;PAPOP Scope;59488.png
59489;Recon Tactical;59489.png
59490;STANAG Mag 458 SCM;59490.png
59491;STANAG Mag Dark 458 SCM;59491.png
59492;Surefire Quadstack 458 SCM;59492.png
59493;STANAG Mag 20 458 SCM;59493.png
59494;STANAG Mag Dark 20 458 SCM;59494.png
59495;SCAR-L Mag 458 SCM;59495.png
59495;Smoke_Ammo_Leopard;dup/59495_2.png
59496;Ak 5 Mag 458 SCM;59496.png
59497;PMAG 458S;59497.png
59498;PMAG T 458S;59498.png
59499;PMAG OD 458S;59499.png
59500;PMAG OR 458S;59500.png
59501;PMAG 2 458S;59501.png
59502;PMAG 2 T 458S;59502.png
59503;PMAG 2 OD 458S;59503.png
59504;PMAG 2 OR 458S;59504.png
59505;PMAG Drum 458S;59505.png
59506;350grFP Ammo Box;59506.png
59506;458 SCM SS Ammo Box;dup/59506_2.png
59507;M5 300;59507.png
59508;TAC-50 A1-R2 MC;59508.png
59509;Mosin Nagant Obrez;59509.png
59510;Ultimax 100 Nakaya;59510.png
59511;Stinger;59511.png
59512;G36 Scope;59512.png
59514;Igla;59514.png
59515;Igla Missile;59515.png
59517;Contender G2;59517.png
59518;Classic 1rnd;59518.png
59518;500 Nitro Exp 1rnd;dup/59518_2.png
59519;Classic Ammo Box;59519.png
59519;500 Nitro Exp Ammo Box;dup/59519_2.png
59520;Contender G2 2;59520.png
59521;Lahti L-39;59521.png
59522;Lahti L-39 Mag;59522.png
59523;Lahti L-39 Mag AT;59523.png
59524;20x138B AP Ammo Box;59524.png
59524;20×138mmB Ammo Box;dup/59524_2.png
59525;20x138B AT Ammo Box;59525.png
59525;20×138mmB AT Ammo Box;dup/59525_2.png
59526;Lahti L-39 Shin;59526.png
59527;Lahti L-39 Mag 2;59527.png
59528;Lahti L-39 Mag 2 AT;59528.png
59530;Lahti L-39 Bipod Shin;59530.png
59531;Lahti L-39 Loudener;59531.png
59532;Lahti L-39 Muzzle;59532.png
59533;Lahti L-39 Bipod;59533.png
59534;Armasight NVS;59534.png
59535;Armasight NVS AK;59535.png
59536;Armasight NVS HK;59536.png
59537;Scalable Frag;59537.png
59538;Scalable Frag 2x;59538.png
59539;Scalable Frag 3x;59539.png
59540;Scalable Frag Charge;59540.png
59541;M70AB2N;59541.png
59542;M70 Rifle Grenade 2;59542.png
59543;M70 Rifle Grenade;59543.png
59544;M70 Spigot;59544.png
59545;M70 Grenade Sight;59545.png
59546;M70 Grenade Sight Tac;59546.png
59547;Kar98K Sniper;59547.png
59548;Kar98K Clip;59548.png
59549;Kar98K Inf;59549.png
59550;Kark98K Scope;59550.png
59551;S Patrone Pouch;59551.png
59551;7.92 Mauser Pouch;dup/59551_2.png
59552;MG5;59552.png
59553;MG5 Bag;59553.png
59554;MG5 Sights;59554.png
59555;MG5 Drum;59555.png
59556;MG5 Box;59556.png
59557;G36KA3;59557.png
59558;XM8;59558.png
59559;XM8C;59559.png
59560;XM8 OMA;59560.png
59561;XM8 Sights;59561.png
59562;XM8C Sights;59562.png
59563;AS VAL Frost;59563.png
59564;G36 F Hider;59564.png
59565;MG5 F Hider;59565.png
59566;M240 Bag;59566.png
59567;M80A1 Packet;59567.png
59567;7.62x51 Packet;dup/59567_2.png
59568;SUSAT;59568.png
59569;SUSAT AK;59569.png
59570;SUSAT HK;59570.png
59571;AUG A3 Sights;59571.png
59572;Shield;59572.png
59573;Shield_RU;59573.png
59574;Shield_RU_Light;59574.png
59575;BFG-50 AMR;59575.png
59576;M33 Ball 1rnd;59576.png
59576;50 BMG 1rnd;dup/59576_2.png
59577;M1022 LRS 1rnd;59577.png
59577;50 BMG 1rnd AP;dup/59577_2.png
59578;M1911 Mag 3 RIP;59578.png
59579;BFG-50 Muzzle;59579.png
59580;M33 Ball Ammo Pack;59580.png
59580;50 BMG Ammo Pack;dup/59580_2.png
59581;M1022 LRS Ammo Pack;59581.png
59581;50 BMG AP Ammo Pack;dup/59581_2.png
59582;Anzio 20mm;59582.png
59583;Anzio 20mm Mag;59583.png
59584;Anzio 20mm Mag AP;59584.png
59585;Anzio 20mm Muzzle;59585.png
59586;Anzio 20mm Bipod;59586.png
59587;AWS;59587.png
59589;MRAD MK22;59589.png
59590;MRAD Mag MK22;59590.png
59591;M1162 Box;59591.png
59591;338 Nor Mag Box;dup/59591_2.png
59592;Titan-QD;59592.png
59593;X95;59593.png
59594;X95 SMG;59594.png
59595;X95-S SMG;59595.png
59596;Tavor F Hider;59596.png
59597;X95-S Suppressor;59597.png
59598;ITL MARS;59598.png
59599;ITL MARS (AK);59599.png
59600;ITL MARS (HK);59600.png
59601;KAC Fold IS Tavor 2;59601.png
59602;M145 MG;59602.png
59603;M145 MG AK;59603.png
59604;M145 MG HK;59604.png
59605;M145;59605.png
59606;M145 AK;59606.png
59607;M145 HK;59607.png
59608;VP-09 Muzzle;59608.png
59609;KX3 F Hider;59609.png
59610;Annihilator F Hider;59610.png
59611;Recondo IV;59611.png
59612;DV-1;59612.png
59613;BowieKnife 2;59613.png
59614;Espada XL;59614.png
59615;860 Bedlam;59615.png
59616;Guthook;59616.png
59617;MX-8054;59617.png
59618;Gypsy Jack;59618.png
59619;Strider B46;59619.png
59620;Prodigy Tanto;59620.png
59621;Tiger_Claw;59621.png
59622;WEYLAND Survival;59622.png
59623;Stilletto;59623.png
59624;G4 Stryker;59624.png
59625;Push_Dagger;59625.png
59626;Linton Seal;59626.png
59627;Bars A-2607;59627.png
59628;FN40;59628.png
59629;Makarov PB;59629.png
59630;Makarov PB Suppressor;59630.png
59631;M1911 Vickers;59631.png
59632;SR25 DMR;59632.png
59633;SA80 Bayonet;59633.png
59634;NPZ PSO 6x;59634.png
59635;HK53 Tac;59635.png
59636;FAL Mag 10rnd;59636.png
59637;M3 Super 90;59637.png
59638;M3 Super 90 Semi;59638.png
59639;M6 PSDC;59639.png
59640;MPX Mag 2;59640.png
59641;MPX Mag 2 AP 6.3;59641.png
59642;SKS D;59642.png
59642;SKS China;dup/59642_2.png
59643;Type 63;59643.png
59643;SKS AR;dup/59643_2.png
59644;FNC;59644.png
59645;FNC Para;59645.png
59646;FNC Tac;59646.png
59647;FNC Para Tac;59647.png
59648;MCX SPEAR;59648.png
59649;L7 Mag 277;59649.png
59650;MCX SPEAR Suppressor;59650.png
59651;Vortex Razor Scope;59651.png
59652;Vortex Razor Scope AK;59652.png
59653;Vortex Razor Scope HK;59653.png
59654;Vortex Razor Scope 2;59654.png
59655;Vortex Razor Scope 2 AK;59655.png
59656;Vortex Razor Scope 2 HK;59656.png
59657;SG556 LE;59657.png
59658;ACE 22;59658.png
59659;ACE 21;59659.png
59660;ACE F Hider;59660.png
59661;ACE Rail Cover;59661.png
59662;ACE Rail Cover Grip;59662.png
59663;ACE 32;59663.png
59664;ACE 52;59664.png
59665;ACE F Hider 2;59665.png
59666;G19x;59666.png
59667;Nova Tac;59667.png
59668;Nova Tac Rail;59668.png
59669;Nova Super;59669.png
59670;G26;59670.png
59671;Glock 26 Mag;59671.png
59672;Glock 26 Mag AP 6.3;59672.png
59673;Glock Night Sights G26;59673.png
59674;Glock Sights G26;59674.png
59675;Glock Drum;59675.png
59676;Glock Drum AP 6.3;59676.png
59677;GMT300 Supp;59677.png
59678;K300 Supp;59678.png
59679;SL-BK Supp;59679.png
59680;INCOG 2 Muzzle;59680.png
59681;Speedloader 454 C;59681.png
59682;260gr Ammo Box;59682.png
59682;454 Casull JHP Ammo Box;dup/59682_2.png
59683;Negev;59683.png
59684;Negev Box;59684.png
59685;Negev Box M856;59685.png
59686;Negev Box 2;59686.png
59687;Negev Box 2 M856;59687.png
59688;Negev F Hider;59688.png
59689;Negev Sight;59689.png
59690;Negev SF;59690.png
59691;P228;59691.png
59692;P228 Mag;59692.png
59693;P228 Mag AP 6.3;59693.png
59694;SIG P228 Sights;59694.png
59695;FAMAS F1;59695.png
59695;FAMAS F1 OG;dup/59695_2.png
59696;FAMAS F1 OG Auto;59696.png
59697;Shelbie Gun;59697.png
59698;SCAR DMR CSGO;59698.png
59699;G3SG1 DMR CSGO;59699.png
59700;VHS-2 SBR;59700.png
59701;VHS-2 NATO;59701.png
59702;VHS-2 NATO SBR;59702.png
59703;RShG-2;59703.png
59704;72.5mm Thermo;59704.png
59705;RPG-27;59705.png
59706;72.5mm Tandem;59706.png
59707;SUSAT sus;59707.png
59708;SUSAT sus AK;59708.png
59709;SUSAT sus HK;59709.png
59710;Speedloader 454 C DT;59710.png
59711;240DT Ammo Box;59711.png
59711;454 Casull DT Ammo Box;dup/59711_2.png
59712;MAG-7;59712.png
59713;MAG-7 Mag;59713.png
59714;MAG-7 Mag Army Buck;59714.png
59715;MAG-7 Mag Birdshot;59715.png
59716;MAG-7 Mag Slug;59716.png
59717;MAG-7 Mag Frag;59717.png
59718;RPG-32 Tandem ATS;59718.png
59719;RPG-32 Thermo ATS;59719.png
59720;MDR 308;59720.png
59721;MDR F Hider;59721.png
59722;Magpul MBUS IS AR 2;59722.png
59723;Mini Uzi Tac;59723.png
59724;SMG 45;59724.png
59725;AK-9;59725.png
59726;AK9 Mag;59726.png
59727;AK9 Mag SP6;59727.png
59728;AK9 Mag SPP;59728.png
59729;MP412 REX OMA;59729.png
59730;LUGAL Supp;59730.png
59731;RPD Short;59731.png
59732;RGN;59732.png
59733;MP5K Stock;59733.png
59734;Pizza Box Gun;59734.png
59735;12G AP20 Ammo Box;59735.png
59735;12 Gauge AP20 Ammo Box;dup/59735_2.png
59736;12 Gauge AP20 8rnd;59736.png
59737;12 Gauge AP20 2rnd;59737.png
59738;12 Gauge AP20 5rnd;59738.png
59739;Saiga-12 Mag AP20;59739.png
59740;Saiga-12 Mag 5rnd AP20;59740.png
59741;AA12 Mag AP20;59741.png
59742;AA12 Drum AP20;59742.png
59743;MAG-7 Mag AP20;59743.png
59744;Icon_Random_Item;59744.png
59745;Mk3 Endeavor;59745.png
59746;HK416 Sights C;59746.png
59747;ADAR 2-15;59747.png
59748;PMAG 10rd;59748.png
59749;PMAG 10rd 300BO;59749.png
59750;PMAG 10rd M856;59750.png
59751;HK416 Sights 417;59751.png
59752;R5 RGP;59752.png
59753;Honey Badger Q;59753.png
59754;MK12 Mod 0;59754.png
59755;RSASS;59755.png
59756;M2 Tac Sword;59756.png
59757;M16 Sporter 4x;59757.png
59758;SR25 Supp;59758.png
59759;M110 Supp;59759.png
59760;Model 29;59760.png
59761;CMAG STANAG;59761.png
59762;CMAG STANAG M856;59762.png
59763;CMAG STANAG 300BO;59763.png
59764;M16A3 SOF;59764.png
59765;Steel Mag S 65CM;59765.png
59766;Steel Mag 65CM;59766.png
59767;PMAG AR10 65CM;59767.png
59768;PMAG AR10 10rd 65CM;59768.png
59769;143gr Ammo Box;59769.png
59769;65CM Ammo Box;dup/59769_2.png
59770;SCAR SSR 65CM;59770.png
59770;SCAR DMR 65CM;dup/59770_2.png
59771;SR25 E2;59771.png
59772;SCAR SSR Mag 65CM;59772.png
59773;SCAR-H Mag 65CM;59773.png
59774;L129A2;59774.png
59775;MDR 65CM;59775.png
59776;Steel Mag S 65CM ET;59776.png
59777;Steel Mag 65CM ET;59777.png
59778;PMAG AR10 65CM ET;59778.png
59779;PMAG AR10 10rd 65CM ET;59779.png
59780;SCAR SSR Mag 65CM ET;59780.png
59781;SCAR-H Mag 65CM ET;59781.png
59782;ETip Ammo Box;59782.png
59782;65CM ET Ammo Box;dup/59782_2.png
59783;OA93;59783.png
59784;A2 Sights R5;59784.png
59785;L7 Mag 65CM;59785.png
59786;L7 Mag 65CM ET;59786.png
59787;L7 Mag;59787.png
59788;L7 Mag 25rd;59788.png
59789;L7 Mag 25rd 277;59789.png
59790;L7 Mag 25rd 65CM;59790.png
59791;L7 Mag 25rd 65CM ET;59791.png
59792;L7 Mag 10rd;59792.png
59793;L7 Mag 10rd 277;59793.png
59794;L7 Mag 10rd 65CM;59794.png
59795;L7 Mag 10rd 65CM ET;59795.png
59796;L7 Mag 2;59796.png
59797;L7 Mag 2 277;59797.png
59798;L7 Mag 2 65CM;59798.png
59799;L7 Mag 2 65CM ET;59799.png
59800;L7 Mag 25rd 2;59800.png
59801;L7 Mag 25rd 2 277;59801.png
59802;L7 Mag 25rd 2 65CM;59802.png
59803;L7 Mag 25rd 2 65CM ET;59803.png
59804;L7 Mag 10rd 2;59804.png
59805;L7 Mag 10rd 2 10rd 277;59805.png
59806;L7 Mag 10rd 2 10rd 65CM;59806.png
59807;L7 Mag 10rd 2 10rd 65CM ET;59807.png
59808;OA93 Tac;59808.png
59809;M40A5;59809.png
59810;R700 Mag 10rnd;59810.png
59811;M40A3;59811.png
59812;R700;59812.png
59813;TT-33 Brunner;59813.png
59814;TT-33 Muzzle;59814.png
59815;Hi Power Prac;59815.png
59816;Hi Power FN;59816.png
59817;HP Mag 15rnd;59817.png
59818;HP Mag 15rnd AP 6.3;59818.png
59819;HP Mag 17rnd;59819.png
59820;HP Mag 17rnd AP 6.3;59820.png
59821;HP Prac Sights;59821.png
59822;HP FN Sights;59822.png
59823;Model 27;59823.png
59824;USP 9;59824.png
59824;USP Match;dup/59824_2.png
59825;USP Mag 9x19;59825.png
59826;USP Mag 9x19 2;59826.png
59827;USP Mag 9x19 AP 6.3;59827.png
59828;USP Mag 9x19 2 AP 6.3;59828.png
59829;Fiveseven Mag SS190;59829.png
59830;SS190 Ammo Box;59830.png
59830;5.7 SS190 Ammo Box;dup/59830_2.png
59831;P90 Mag SS190;59831.png
59832;C14;59832.png
59833;ButterflyKnife;59833.png
59834;ButterflyKnife_CSGO;59834.png
59835;ButterflyKnife_Comb;59835.png
59836;Baton_Tonfa;59836.png
59837;Agelsjon Hatchet;59837.png
59838;FiskarsX7;59838.png
59839;Tagilla Hammer;59839.png
59840;Rebel IcePick;59840.png
59841;Bat_Baseball;59841.png
59842;Bat_Baseball_Metal;59842.png
59843;Giant Spoon;59843.png
59844;FryingPan;59844.png
59845;Kukri_Gurkha;59845.png
59846;Fiveseven Mag 30rnd;59846.png
59847;Fiveseven Mag 30rnd SS190;59847.png
59848;M16A1 Wood;59848.png
60000;gun;60000.png
60001;sight;60001.png
60003;Rocket__thermobaric;60003.png
60004;Rocket_cumulative;60004.png
60005;Rocket_frag;60005.png
60006;Rocket_tandem;60006.png
62001;MinigunMag;62001.png
62003;RocketMag;62003.png
62881;Smoke_Ammo;62881.png
63001;Armor_Plate_(IIIA);63001.png
63002;Armor_Plate_(III);63002.png
63003;Armor_Plate_(IV);63003.png
63005;Fabric_Aramid;63005.png
63006;Fabric_RipStop;63006.png
63007;Fabric_Cordura;63007.png
63008;Fabric_Fleece;63008.png
63009;JPC_1_Tan_II;63009.png
63010;JPC_1_Tan_IIIA;63010.png
63011;JPC_1_Tan_III;63011.png
63012;JPC_1_Tan_IV;63012.png
63013;JPC_2_Tan_II;63013.png
63014;JPC_2_Tan_IIIA;63014.png
63015;JPC_2_Tan_III;63015.png
63016;JPC_2_Tan_IV;63016.png
63017;Tan_Combat_Pants;63017.png
63018;Tan_Combat_Pants_Pads;63018.png
63019;Tan_Raider_Pants;63019.png
63020;Tan_Aggressor_1;63020.png
63021;Tan_Aggressor_2;63021.png
63022;Tan_Aggressor_3;63022.png
63023;Tan_Slim_Fit_1;63023.png
63024;Tan_Slim_Fit_2;63024.png
63025;Tan_Slim_Fit_3;63025.png
63026;Tan_Slim_Fit_4;63026.png
63027;Tan FAST MT_1_Bump  (Variant A);63027.png
63028;Tan FAST MT_1_Bump  (Variant B);63028.png
63029;Tan FAST MT_1_Bump  (Variant C);63029.png
63030;Tan FAST MT_1_Bump  (Variant D);63030.png
63031;Tan FAST MT_2  (Variant A);63031.png
63032;Tan FAST MT_2  (Variant B);63032.png
63033;Tan FAST MT_3_Uparmored  (Variant A);63033.png
63034;Tan FAST MT_3_Uparmored  (Variant B);63034.png
63035;Tan MICH-2001_1 (Variant A);63035.png
63036;Tan MICH-2001_1 (Variant B);63036.png
63037;Tan MICH-2001_1 (Variant C);63037.png
63038;Tan MICH-2001_1 (Variant D);63038.png
63039;Tan MICH-2000_1 (Variant A);63039.png
63040;Tan MICH-2000_1 (Variant B);63040.png
63041;Tan MICH-2000_1 (Variant C);63041.png
63042;Tan MICH-2000_1 (Variant D);63042.png
63043;Tan MICH-2002_1 (Variant A);63043.png
63044;Tan MICH-2002_1 (Variant B);63044.png
63045;Tan MICH-2002_1 (Variant C);63045.png
63046;Tan MICH-2002_1 (Variant D);63046.png
63047;Tan Caiman_1 (Variant A);63047.png
63048;Tan Caiman_1 (Variant B);63048.png
63049;Tan Caiman_1 (Variant C);63049.png
63050;Tan Caiman_1 (Variant D);63050.png
63051;Tan Caiman_2_Uparmored (Variant A);63051.png
63052;Tan Caiman_2_Uparmored (Variant B);63052.png
63053;Tan Caiman_2_Uparmored (Variant C);63053.png
63054;Tan Caiman_2_Uparmored (Variant D);63054.png
63055;GPNVG (Green);63055.png
63056;GPNVG (Amber);63056.png
63057;GPNVG (White Phosphorus);63057.png
63058;PVS-7 (Green);63058.png
63059;PVS-7 (Amber);63059.png
63060;PVS-7 (White Phosphorus);63060.png
63061;PVS-14 (Green);63061.png
63062;PVS-14 (Amber);63062.png
63063;PVS-14 (White Phosphorus);63063.png
63064;PVS-31 (Green);63064.png
63065;PVS-31 (Amber);63065.png
63066;PVS-31 (White Phosphorus);63066.png
63067;Tan_Hoodie_1;63067.png
63068;Tan_Hoodie_2;63068.png
63069;Tan_Leather_1;63069.png
63070;Tan_Puffer_1;63070.png
63071;Tan_Puffer_2;63071.png
63072;SPC_1_Tan_II;63072.png
63073;SPC_1_Tan_IIIA;63073.png
63074;SPC_1_Tan_III;63074.png
63075;SPC_1_Tan_IV;63075.png
63076;Tan_Shell_1;63076.png
63077;Tan_Shell_2;63077.png
63078;Tan_Shell_3;63078.png
63079;Tan_Shell_4;63079.png
63080;Tan_Tshirt;63080.png
63081;CPC_1_Tan_II;63081.png
63082;CPC_1_Tan_IIIA;63082.png
63083;CPC_1_Tan_III;63083.png
63084;CPC_1_Tan_IV;63084.png
63085;Tan_Boonie_1;63085.png
63086;Tan_Boonie_2;63086.png
63087;Tan_Cap_1;63087.png
63088;Tan_Cap_2;63088.png
63089;Tan_Togue_1;63089.png
63090;Tan_Togue_2;63090.png
63091;Tan_Balaclava_1;63091.png
63092;Tan_Balaclava_2;63092.png
63093;Tan_FaceMask_1;63093.png
63094;Tan_FaceMask_2;63094.png
63095;Tan_Shemagh_1;63095.png
63096;Tan_TwoHole_1;63096.png
63097;Tan_FaceWrap_1;63097.png
63098;Tan_AlicePack_1;63098.png
63099;Tan_Survivalist_1;63099.png
63100;Tan_Camping_1;63100.png
63101;Tan_Condor_Base;63101.png
63102;Tan_Condor_Blue;63102.png
63103;Tan_Condor_Green;63103.png
63104;Tan_Condor_Orange;63104.png
63105;Tan_Condor_Red;63105.png
63106;Tan_Condor_Yellow;63106.png
63107;Tan_Wonkor_Base;63107.png
63108;Tan_Wonkor_Blue;63108.png
63109;Tan_Wonkor_Green;63109.png
63110;Tan_Wonkor_Orange;63110.png
63111;Tan_Wonkor_Red;63111.png
63112;Tan_Wonkor_Yellow;63112.png
63113;Tan_Goggles_Base;63113.png
63114;Tan_Goggles_Blue;63114.png
63115;Tan_Goggles_Green;63115.png
63116;Tan_Goggles_Orange;63116.png
63117;Tan_Goggles_Red;63117.png
63118;Tan_Goggles_Yellow;63118.png
63119;Tan_Mikee_1;63119.png
63120;Tan_Rantz_72_1;63120.png
63121;Allzo_Gasmask;63121.png
63122;Tan MICH-2000_1 (Variant A)_UP;63122.png
63123;Tan MICH-2002_1 (Variant C)_UP;63123.png
63124;GZHEL_1_Tan_II;63124.png
63125;GZHEL_1_Tan_IIIA;63125.png
63126;GZHEL_1_Tan_III;63126.png
63127;GZHEL_1_Tan_IV;63127.png
63128;CPC_2_Tan_II;63128.png
63129;CPC_2_Tan_IIIA;63129.png
63130;CPC_2_Tan_III;63130.png
63131;CPC_2_Tan_IV;63131.png
63132;SPC_2_Tan_II;63132.png
63133;SPC_2_Tan_IIIA;63133.png
63134;SPC_2_Tan_III;63134.png
63135;SPC_2_Tan_IV;63135.png
63136;Tan PASGT_1 (Variant A);63136.png
63137;Tan PASGT_1_Wrap (Variant A);63137.png
63138;Tan MICH-2000_2 (Variant A);63138.png
63139;Tan MICH-2000_2_Wrap (Variant A);63139.png
63140;Tan MICH-2002_2 (Variant A);63140.png
63141;Tan MICH-2002_2_Wrap (Variant A);63141.png
63142;Tan 6B47_1 (Variant A);63142.png
63143;Altyn (Variant A);63143.png
63144;Altyn (Variant A)_UP;63144.png
63145;RYS-T (Variant A);63145.png
63146;RYS-T (Variant A)_UP;63146.png
63147;TSH-4 (Variant A);63147.png
63148;JPC_1_Multicam_II;63148.png
63149;JPC_1_Multicam_IIIA;63149.png
63150;JPC_1_Multicam_III;63150.png
63151;JPC_1_Multicam_IV;63151.png
63152;JPC_2_Multicam_II;63152.png
63153;JPC_2_Multicam_IIIA;63153.png
63154;JPC_2_Multicam_III;63154.png
63155;JPC_2_Multicam_IV;63155.png
63156;Multicam_Combat_Pants;63156.png
63157;Multicam_Combat_Pants_Pads;63157.png
63158;Multicam_Raider_Pants;63158.png
63159;Multicam_Aggressor_1;63159.png
63160;Multicam_Aggressor_2;63160.png
63161;Multicam_Aggressor_3;63161.png
63162;Multicam_Slim_Fit_1;63162.png
63163;Multicam_Slim_Fit_2;63163.png
63164;Multicam_Slim_Fit_3;63164.png
63165;Multicam_Slim_Fit_4;63165.png
63166;Multicam FAST MT_1_Bump  (Variant A);63166.png
63167;Multicam FAST MT_1_Bump  (Variant B);63167.png
63168;Multicam FAST MT_1_Bump  (Variant C);63168.png
63169;Multicam FAST MT_1_Bump  (Variant D);63169.png
63170;Multicam FAST MT_2  (Variant A);63170.png
63171;Multicam FAST MT_2  (Variant B);63171.png
63172;Multicam FAST MT_3_Uparmored  (Variant A);63172.png
63173;Multicam FAST MT_3_Uparmored  (Variant B);63173.png
63174;Multicam MICH-2001_1 (Variant A);63174.png
63175;Multicam MICH-2001_1 (Variant B);63175.png
63176;Multicam MICH-2001_1 (Variant C);63176.png
63177;Multicam MICH-2001_1 (Variant D);63177.png
63178;Multicam MICH-2000_1 (Variant A);63178.png
63179;Multicam MICH-2000_1 (Variant B);63179.png
63180;Multicam MICH-2000_1 (Variant C);63180.png
63181;Multicam MICH-2000_1 (Variant D);63181.png
63182;Multicam MICH-2002_1 (Variant A);63182.png
63183;Multicam MICH-2002_1 (Variant B);63183.png
63184;Multicam MICH-2002_1 (Variant C);63184.png
63185;Multicam MICH-2002_1 (Variant D);63185.png
63186;Multicam Caiman_1 (Variant A);63186.png
63187;Multicam Caiman_1 (Variant B);63187.png
63188;Multicam Caiman_1 (Variant C);63188.png
63189;Multicam Caiman_1 (Variant D);63189.png
63190;Multicam Caiman_2_Uparmored (Variant A);63190.png
63191;Multicam Caiman_2_Uparmored (Variant B);63191.png
63192;Multicam Caiman_2_Uparmored (Variant C);63192.png
63193;Multicam Caiman_2_Uparmored (Variant D);63193.png
63194;Multicam_Hoodie_1;63194.png
63195;Multicam_Hoodie_2;63195.png
63196;Multicam_Leather_1;63196.png
63197;Multicam_Puffer_1;63197.png
63198;Multicam_Puffer_2;63198.png
63199;SPC_1_Multicam_II;63199.png
63200;SPC_1_Multicam_IIIA;63200.png
63201;SPC_1_Multicam_III;63201.png
63202;SPC_1_Multicam_IV;63202.png
63203;Multicam_Shell_1;63203.png
63204;Multicam_Shell_2;63204.png
63205;Multicam_Shell_3;63205.png
63206;Multicam_Shell_4;63206.png
63207;Multicam_Tshirt;63207.png
63208;CPC_1_Multicam_II;63208.png
63209;CPC_1_Multicam_IIIA;63209.png
63210;CPC_1_Multicam_III;63210.png
63211;CPC_1_Multicam_IV;63211.png
63212;Multicam_Boonie_1;63212.png
63213;Multicam_Boonie_2;63213.png
63214;Multicam_Togue_1;63214.png
63215;Multicam_Togue_2;63215.png
63216;Multicam_Balaclava_1;63216.png
63217;Multicam_FaceMask_1;63217.png
63218;Multicam_TwoHole_1;63218.png
63219;Multicam_AlicePack_1;63219.png
63220;Multicam_Survivalist_1;63220.png
63221;Multicam_Camping_1;63221.png
63222;Multicam_Mikee_1;63222.png
63223;Multicam_Rantz_72_1;63223.png
63224;Multicam MICH-2000_1 (Variant A)_UP;63224.png
63225;Multicam MICH-2002_1 (Variant C)_UP;63225.png
63226;GZHEL_1_Multicam_II;63226.png
63227;GZHEL_1_Multicam_IIIA;63227.png
63228;GZHEL_1_Multicam_III;63228.png
63229;GZHEL_1_Multicam_IV;63229.png
63230;CPC_2_Multicam_II;63230.png
63231;CPC_2_Multicam_IIIA;63231.png
63232;CPC_2_Multicam_III;63232.png
63233;CPC_2_Multicam_IV;63233.png
63234;SPC_2_Multicam_II;63234.png
63235;SPC_2_Multicam_IIIA;63235.png
63236;SPC_2_Multicam_III;63236.png
63237;SPC_2_Multicam_IV;63237.png
63239;Multicam PASGT_1_Wrap (Variant A);63239.png
63240;Multicam MICH-2000_2 (Variant A);63240.png
63241;Multicam MICH-2000_2_Wrap (Variant A);63241.png
63242;Multicam MICH-2002_2 (Variant A);63242.png
63243;Multicam MICH-2002_2_Wrap (Variant A);63243.png
63244;Multicam 6B47_1_Wrap (Variant A);63244.png
63245;JPC_1_Green_II;63245.png
63246;JPC_1_Green_IIIA;63246.png
63247;JPC_1_Green_III;63247.png
63248;JPC_1_Green_IV;63248.png
63249;JPC_2_Green_II;63249.png
63250;JPC_2_Green_IIIA;63250.png
63251;JPC_2_Green_III;63251.png
63252;JPC_2_Green_IV;63252.png
63253;Green_Combat_Pants;63253.png
63254;Green_Combat_Pants_Pads;63254.png
63255;Green_Raider_Pants;63255.png
63256;Green_Aggressor_1;63256.png
63257;Green_Aggressor_2;63257.png
63258;Green_Aggressor_3;63258.png
63259;Green_Slim_Fit_1;63259.png
63260;Green_Slim_Fit_2;63260.png
63261;Green_Slim_Fit_3;63261.png
63262;Green_Slim_Fit_4;63262.png
63263;Green FAST MT_1_Bump  (Variant A);63263.png
63264;Green FAST MT_1_Bump  (Variant B);63264.png
63265;Green FAST MT_1_Bump  (Variant C);63265.png
63266;Green FAST MT_1_Bump  (Variant D);63266.png
63267;Green FAST MT_2  (Variant A);63267.png
63268;Green FAST MT_2  (Variant B);63268.png
63269;Green FAST MT_3_Uparmored  (Variant A);63269.png
63270;Green FAST MT_3_Uparmored  (Variant B);63270.png
63271;Green MICH-2001_1 (Variant A);63271.png
63272;Green MICH-2001_1 (Variant B);63272.png
63273;Green MICH-2001_1 (Variant C);63273.png
63274;Green MICH-2001_1 (Variant D);63274.png
63275;Green MICH-2000_1 (Variant A);63275.png
63276;Green MICH-2000_1 (Variant B);63276.png
63277;Green MICH-2000_1 (Variant C);63277.png
63278;Green MICH-2000_1 (Variant D);63278.png
63279;Green MICH-2002_1 (Variant A);63279.png
63280;Green MICH-2002_1 (Variant B);63280.png
63281;Green MICH-2002_1 (Variant C);63281.png
63282;Green MICH-2002_1 (Variant D);63282.png
63283;Green Caiman_1 (Variant A);63283.png
63284;Green Caiman_1 (Variant B);63284.png
63285;Green Caiman_1 (Variant C);63285.png
63286;Green Caiman_1 (Variant D);63286.png
63287;Green Caiman_2_Uparmored (Variant A);63287.png
63288;Green Caiman_2_Uparmored (Variant B);63288.png
63289;Green Caiman_2_Uparmored (Variant C);63289.png
63290;Green Caiman_2_Uparmored (Variant D);63290.png
63291;Green_Hoodie_1;63291.png
63292;Green_Hoodie_2;63292.png
63293;Green_Leather_1;63293.png
63294;Green_Puffer_1;63294.png
63295;Green_Puffer_2;63295.png
63296;SPC_1_Green_II;63296.png
63297;SPC_1_Green_IIIA;63297.png
63298;SPC_1_Green_III;63298.png
63299;SPC_1_Green_IV;63299.png
63300;Green_Shell_1;63300.png
63301;Green_Shell_2;63301.png
63302;Green_Shell_3;63302.png
63303;Green_Shell_4;63303.png
63304;Green_Tshirt;63304.png
63305;CPC_1_Green_II;63305.png
63306;CPC_1_Green_IIIA;63306.png
63307;CPC_1_Green_III;63307.png
63308;CPC_1_Green_IV;63308.png
63309;Green_Boonie_1;63309.png
63310;Green_Boonie_2;63310.png
63311;Green_Cap_1;63311.png
63312;Green_Cap_2;63312.png
63313;Green_Togue_1;63313.png
63314;Green_Togue_2;63314.png
63315;Green_Balaclava_1;63315.png
63316;Green_Balaclava_2;63316.png
63317;Green_FaceMask_1;63317.png
63318;Green_FaceMask_2;63318.png
63319;Green_Shemagh_1;63319.png
63320;Green_TwoHole_1;63320.png
63321;Green_FaceWrap_1;63321.png
63322;Green_AlicePack_1;63322.png
63323;Green_Survivalist_1;63323.png
63324;Green_Camping_1;63324.png
63325;Green_Mikee_1;63325.png
63326;Green_Rantz_72_1;63326.png
63327;Green MICH-2000_1 (Variant A)_UP;63327.png
63328;Green MICH-2002_1 (Variant C)_UP;63328.png
63329;GZHEL_1_Green_II;63329.png
63330;GZHEL_1_Green_IIIA;63330.png
63331;GZHEL_1_Green_III;63331.png
63332;GZHEL_1_Green_IV;63332.png
63333;CPC_2_Green_II;63333.png
63334;CPC_2_Green_IIIA;63334.png
63335;CPC_2_Green_III;63335.png
63336;CPC_2_Green_IV;63336.png
63337;SPC_2_Green_II;63337.png
63338;SPC_2_Green_IIIA;63338.png
63339;SPC_2_Green_III;63339.png
63340;SPC_2_Green_IV;63340.png
63341;Green PASGT_1 (Variant A);63341.png
63342;Green PASGT_1_Wrap (Variant A);63342.png
63343;Green MICH-2000_2 (Variant A);63343.png
63344;Green MICH-2002_2_Wrap (Variant A);63344.png
63345;Green MICH-2002_2 (Variant A);63345.png
63346;Green MICH-2000_2_Wrap (Variant A);63346.png
63347;Green 6B47_1 (Variant A);63347.png
63348;Green_Condor_Base;63348.png
63349;Green_Condor_Blue;63349.png
63350;Green_Condor_Green;63350.png
63351;Green_Condor_Orange;63351.png
63352;Green_Condor_Red;63352.png
63353;Green_Condor_Yellow;63353.png
63354;Green_Wonkor_Base;63354.png
63355;Green_Wonkor_Blue;63355.png
63356;Green_Wonkor_Green;63356.png
63357;Green_Wonkor_Orange;63357.png
63358;Green_Wonkor_Red;63358.png
63359;Green_Wonkor_Yellow;63359.png
63360;Green_Goggles_Base;63360.png
63361;Green_Goggles_Blue;63361.png
63362;Green_Goggles_Green;63362.png
63363;Green_Goggles_Orange;63363.png
63364;Green_Goggles_Red;63364.png
63365;Green_Goggles_Yellow;63365.png
63366;JPC_1_Black_II;63366.png
63367;JPC_1_Black_IIIA;63367.png
63368;JPC_1_Black_III;63368.png
63369;JPC_1_Black_IV;63369.png
63370;JPC_2_Black_II;63370.png
63371;JPC_2_Black_IIIA;63371.png
63372;JPC_2_Black_III;63372.png
63373;JPC_2_Black_IV;63373.png
63374;Black_Combat_Pants;63374.png
63375;Black_Combat_Pants_Pads;63375.png
63376;Black_Raider_Pants;63376.png
63377;Black_Aggressor_1;63377.png
63378;Black_Aggressor_2;63378.png
63379;Black_Aggressor_3;63379.png
63380;Black_Slim_Fit_1;63380.png
63381;Black_Slim_Fit_2;63381.png
63382;Black_Slim_Fit_3;63382.png
63383;Black_Slim_Fit_4;63383.png
63384;Black FAST MT_1_Bump  (Variant A);63384.png
63385;Black FAST MT_1_Bump  (Variant B);63385.png
63386;Black FAST MT_1_Bump  (Variant C);63386.png
63387;Black FAST MT_1_Bump  (Variant D);63387.png
63388;Black FAST MT_2  (Variant A);63388.png
63389;Black FAST MT_2  (Variant B);63389.png
63390;Black FAST MT_3_Uparmored  (Variant A);63390.png
63391;Black FAST MT_3_Uparmored  (Variant B);63391.png
63392;Black MICH-2001_1 (Variant A);63392.png
63393;Black MICH-2001_1 (Variant B);63393.png
63394;Black MICH-2001_1 (Variant C);63394.png
63395;Black MICH-2001_1 (Variant D);63395.png
63396;Black MICH-2000_1 (Variant A);63396.png
63397;Black MICH-2000_1 (Variant B);63397.png
63398;Black MICH-2000_1 (Variant C);63398.png
63399;Black MICH-2000_1 (Variant D);63399.png
63400;Black MICH-2002_1 (Variant A);63400.png
63401;Black MICH-2002_1 (Variant B);63401.png
63402;Black MICH-2002_1 (Variant C);63402.png
63403;Black MICH-2002_1 (Variant D);63403.png
63404;Black Caiman_1 (Variant A);63404.png
63405;Black Caiman_1 (Variant B);63405.png
63406;Black Caiman_1 (Variant C);63406.png
63407;Black Caiman_1 (Variant D);63407.png
63408;Black Caiman_2_Uparmored (Variant A);63408.png
63409;Black Caiman_2_Uparmored (Variant B);63409.png
63410;Black Caiman_2_Uparmored (Variant C);63410.png
63411;Black Caiman_2_Uparmored (Variant D);63411.png
63412;Black_Hoodie_1;63412.png
63413;Black_Hoodie_2;63413.png
63414;Black_Leather_1;63414.png
63415;Black_Puffer_1;63415.png
63416;Black_Puffer_2;63416.png
63417;SPC_1_Black_II;63417.png
63418;SPC_1_Black_IIIA;63418.png
63419;SPC_1_Black_III;63419.png
63420;SPC_1_Black_IV;63420.png
63421;Black_Shell_1;63421.png
63422;Black_Shell_2;63422.png
63423;Black_Shell_3;63423.png
63424;Black_Shell_4;63424.png
63425;Black_Tshirt;63425.png
63426;CPC_1_Black_II;63426.png
63427;CPC_1_Black_IIIA;63427.png
63428;CPC_1_Black_III;63428.png
63429;CPC_1_Black_IV;63429.png
63430;Black_Boonie_1;63430.png
63431;Black_Boonie_2;63431.png
63432;Black_Cap_1;63432.png
63433;Black_Cap_2;63433.png
63434;Black_Togue_1;63434.png
63435;Black_Togue_2;63435.png
63436;Black_Balaclava_1;63436.png
63437;Black_Balaclava_2;63437.png
63438;Black_FaceMask_1;63438.png
63439;Black_FaceMask_2;63439.png
63440;Black_Shemagh_1;63440.png
63441;Black_TwoHole_1;63441.png
63442;Black_FaceWrap_1;63442.png
63443;Black_AlicePack_1;63443.png
63444;Black_Survivalist_1;63444.png
63445;Black_Camping_1;63445.png
63446;Black_Mikee_1;63446.png
63447;Black_Rantz_72_1;63447.png
63448;Black MICH-2000_1 (Variant A)_UP;63448.png
63449;Black MICH-2002_1 (Variant C)_UP;63449.png
63450;GZHEL_1_Black_II;63450.png
63451;GZHEL_1_Black_IIIA;63451.png
63452;GZHEL_1_Black_III;63452.png
63453;GZHEL_1_Black_IV;63453.png
63454;CPC_2_Black_II;63454.png
63455;CPC_2_Black_IIIA;63455.png
63456;CPC_2_Black_III;63456.png
63457;CPC_2_Black_IV;63457.png
63458;SPC_2_Black_II;63458.png
63459;SPC_2_Black_IIIA;63459.png
63460;SPC_2_Black_III;63460.png
63461;SPC_2_Black_IV;63461.png
63462;Black PASGT_1 (Variant A);63462.png
63463;Black PASGT_1_Wrap (Variant A);63463.png
63464;Black MICH-2000_2 (Variant A);63464.png
63465;Black MICH-2000_2_Wrap (Variant A);63465.png
63466;Black MICH-2002_2 (Variant A);63466.png
63467;Black MICH-2002_2_Wrap (Variant A);63467.png
63468;Black 6B47_1 (Variant A);63468.png
63469;Black_Condor_Base;63469.png
63470;Black_Condor_Blue;63470.png
63471;Black_Condor_Green;63471.png
63472;Black_Condor_Orange;63472.png
63473;Black_Condor_Red;63473.png
63474;Black_Condor_Yellow;63474.png
63475;Black_Wonkor_Base;63475.png
63476;Black_Wonkor_Blue;63476.png
63477;Black_Wonkor_Green;63477.png
63478;Black_Wonkor_Orange;63478.png
63479;Black_Wonkor_Red;63479.png
63480;Black_Wonkor_Yellow;63480.png
63481;Black_Goggles_Base;63481.png
63482;Black_Goggles_Blue;63482.png
63483;Black_Goggles_Green;63483.png
63484;Black_Goggles_Orange;63484.png
63485;Black_Goggles_Red;63485.png
63486;Black_Goggles_Yellow;63486.png
63487;JPC_1_Gray_II;63487.png
63488;JPC_1_Gray_IIIA;63488.png
63489;JPC_1_Gray_III;63489.png
63490;JPC_1_Gray_IV;63490.png
63491;JPC_2_Gray_II;63491.png
63492;JPC_2_Gray_IIIA;63492.png
63493;JPC_2_Gray_III;63493.png
63494;JPC_2_Gray_IV;63494.png
63495;Gray_Combat_Pants;63495.png
63496;Gray_Combat_Pants_Pads;63496.png
63497;Gray_Raider_Pants;63497.png
63498;Gray_Aggressor_1;63498.png
63499;Gray_Aggressor_2;63499.png
63500;Gray_Aggressor_3;63500.png
63501;Gray_Slim_Fit_1;63501.png
63502;Gray_Slim_Fit_2;63502.png
63503;Gray_Slim_Fit_3;63503.png
63504;Gray_Slim_Fit_4;63504.png
63505;Gray FAST MT_1_Bump  (Variant A);63505.png
63506;Gray FAST MT_1_Bump  (Variant B);63506.png
63507;Gray FAST MT_1_Bump  (Variant C);63507.png
63508;Gray FAST MT_1_Bump  (Variant D);63508.png
63509;Gray FAST MT_2  (Variant A);63509.png
63510;Gray FAST MT_2  (Variant B);63510.png
63511;Gray FAST MT_3_Uparmored  (Variant A);63511.png
63512;Gray FAST MT_3_Uparmored  (Variant B);63512.png
63513;Gray MICH-2001_1 (Variant A);63513.png
63514;Gray MICH-2001_1 (Variant B);63514.png
63515;Gray MICH-2001_1 (Variant C);63515.png
63516;Gray MICH-2001_1 (Variant D);63516.png
63517;Gray MICH-2000_1 (Variant A);63517.png
63518;Gray MICH-2000_1 (Variant B);63518.png
63519;Gray MICH-2000_1 (Variant C);63519.png
63520;Gray MICH-2000_1 (Variant D);63520.png
63521;Gray MICH-2002_1 (Variant A);63521.png
63522;Gray MICH-2002_1 (Variant B);63522.png
63523;Gray MICH-2002_1 (Variant C);63523.png
63524;Gray MICH-2002_1 (Variant D);63524.png
63525;Gray Caiman_1 (Variant A);63525.png
63526;Gray Caiman_1 (Variant B);63526.png
63527;Gray Caiman_1 (Variant C);63527.png
63528;Gray Caiman_1 (Variant D);63528.png
63529;Gray Caiman_2_Uparmored (Variant A);63529.png
63530;Gray Caiman_2_Uparmored (Variant B);63530.png
63531;Gray Caiman_2_Uparmored (Variant C);63531.png
63532;Gray Caiman_2_Uparmored (Variant D);63532.png
63533;Gray_Hoodie_1;63533.png
63534;Gray_Hoodie_2;63534.png
63535;Gray_Leather_1;63535.png
63536;Gray_Puffer_1;63536.png
63537;Gray_Puffer_2;63537.png
63538;SPC_1_Gray_II;63538.png
63539;SPC_1_Gray_IIIA;63539.png
63540;SPC_1_Gray_III;63540.png
63541;SPC_1_Gray_IV;63541.png
63542;Gray_Shell_1;63542.png
63543;Gray_Shell_2;63543.png
63544;Gray_Shell_3;63544.png
63545;Gray_Shell_4;63545.png
63546;Gray_Tshirt;63546.png
63547;CPC_1_Gray_II;63547.png
63548;CPC_1_Gray_IIIA;63548.png
63549;CPC_1_Gray_III;63549.png
63550;CPC_1_Gray_IV;63550.png
63551;Gray_Boonie_1;63551.png
63552;Gray_Boonie_2;63552.png
63553;Gray_Cap_1;63553.png
63554;Gray_Cap_2;63554.png
63555;Gray_Togue_1;63555.png
63556;Gray_Togue_2;63556.png
63557;Gray_Balaclava_1;63557.png
63558;Gray_Balaclava_2;63558.png
63559;Gray_FaceMask_1;63559.png
63560;Gray_FaceMask_2;63560.png
63561;Gray_Shemagh_1;63561.png
63562;Gray_TwoHole_1;63562.png
63563;Gray_FaceWrap_1;63563.png
63564;Gray_AlicePack_1;63564.png
63565;Gray_Survivalist_1;63565.png
63566;Gray_Camping_1;63566.png
63567;Gray_Mikee_1;63567.png
63568;Gray_Rantz_72_1;63568.png
63569;Gray MICH-2000_1 (Variant A)_UP;63569.png
63570;Gray MICH-2002_1 (Variant C)_UP;63570.png
63571;GZHEL_1_Gray_II;63571.png
63572;GZHEL_1_Gray_IIIA;63572.png
63573;GZHEL_1_Gray_III;63573.png
63574;GZHEL_1_Gray_IV;63574.png
63575;CPC_2_Gray_II;63575.png
63576;CPC_2_Gray_IIIA;63576.png
63577;CPC_2_Gray_III;63577.png
63578;CPC_2_Gray_IV;63578.png
63579;SPC_2_Gray_II;63579.png
63580;SPC_2_Gray_IIIA;63580.png
63581;SPC_2_Gray_III;63581.png
63582;SPC_2_Gray_IV;63582.png
63583;Gray PASGT_1 (Variant A);63583.png
63584;Gray PASGT_1_Wrap (Variant A);63584.png
63585;Gray MICH-2000_2 (Variant A);63585.png
63586;Gray MICH-2000_2_Wrap (Variant A);63586.png
63587;Gray MICH-2002_2 (Variant A);63587.png
63588;Gray MICH-2002_2_Wrap (Variant A);63588.png
63589;Gray 6B47_1 (Variant A);63589.png
63590;Blue_Jeans_Pads;63590.png
63591;DN_Jacket;63591.png
63592;USEC_Cap_1;63592.png
63593;UN PASGT_1_Wrap (Variant A);63593.png
63594;Zhuk_1_PRESS_II;63594.png
63595;Zhuk_1_PRESS_IIIA;63595.png
63596;Zhuk_1_PRESS_III;63596.png
63597;Zhuk_1_PRESS_IV;63597.png
63598;FBI MICH-2002_1 (Variant A);63598.png
63599;JPC_1_FBI_II;63599.png
63600;JPC_1_FBI_IIIA;63600.png
63601;JPC_1_FBI_III;63601.png
63602;JPC_1_FBI_IV;63602.png
63603;FBI_Zip-On_1;63603.png
63604;FBI_Slim_Fit_1;63604.png
63605;FBI_Combat_Pants_Pads;63605.png
63606;GSSH_BCK;63606.png
63607;GSSH_TAN;63607.png
63608;GSSH_GRN;63608.png
63609;M32_BCK;63609.png
63610;M32_TAN;63610.png
63611;M32_GRN;63611.png
63612;Sanotec2_BCK;63612.png
63613;Sanotec2_GRN;63613.png
63614;Sanotec2_TAN;63614.png
63615;Sanotec4_BCK;63615.png
63616;Sanotec4_GRN;63616.png
63617;Sanotec4_TAN;63617.png
63618;Selin_BCK;63618.png
63619;Selin_TAN;63619.png
63620;Selin_GRN;63620.png
63621;XCEL_GRAY;63621.png
63622;Zhuk_Chest_Rig;63622.png
63623;Zhuk_1_PRESS_II_(Zhuk_Rig);63623.png
63624;Zhuk_1_PRESS_IIIA_(Zhuk_Rig);63624.png
63625;Zhuk_1_PRESS_III_(Zhuk_Rig);63625.png
63626;Zhuk_1_PRESS_IV_(Zhuk_Rig);63626.png
63627;TV104_Chest_Rig;63627.png
63628;Zhuk_1_PRESS_II_(TV104_Rig);63628.png
63629;Zhuk_1_PRESS_IIIA_(TV104_Rig);63629.png
63630;Zhuk_1_PRESS_III_(TV104_Rig);63630.png
63631;Zhuk_1_PRESS_IV_(TV104_Rig);63631.png
63632;Black_Flannel_1;63632.png
63633;Black_Flannel_2;63633.png
63634;Brown_Flannel_1;63634.png
63635;Brown_Flannel_2;63635.png
63636;Dark_Blue_Flannel_1;63636.png
63637;Dark_Blue_Flannel_2;63637.png
63638;Dark_Gray_Flannel_1;63638.png
63639;Dark_Gray_Flannel_2;63639.png
63640;Tan_Tactical_Belt_Light_1;63640.png
63641;Green_Tactical_Belt_Light_1;63641.png
63642;Black_Tactical_Belt_Light_1;63642.png
63643;Gray_Tactical_Belt_Light_1;63643.png
63644;Tan_Tactical_Belt_Heavy_1;63644.png
63645;Green_Tactical_Belt_Heavy_1;63645.png
63646;Black_Tactical_Belt_Heavy_1;63646.png
63647;Gray_Tactical_Belt_Heavy_1;63647.png
63648;Black_Dufflebag;63648.png
63649;Black Biker Helmet (Variant A);63649.png
63650;Black Biker Helmet (Variant A)_UP;63650.png
63651;Black_Jeans_Pads;63651.png
63652;Beret_Black;63652.png
63653;Beret_Blue;63653.png
63654;Beret_Green;63654.png
63655;Beret_Red;63655.png
63656;Beret_Tan;63656.png
63657;PVS-14-Mono (Green);63657.png
63658;PVS-14-Mono (Amber);63658.png
63659;PVS-14-Mono (White Phosphorus);63659.png
63660;GPNVG (Green)(Skulllock);63660.png
63661;GPNVG (Amber)(Skulllock);63661.png
63662;GPNVG (White Phosphorus)(Skulllock);63662.png
63663;PVS-7 (Green)(Skulllock);63663.png
63664;PVS-7 (Amber)(Skulllock);63664.png
63665;PVS-7 (White Phosphorus)(Skulllock);63665.png
63666;PVS-14 (Green)(Skulllock);63666.png
63667;PVS-14 (Amber)(Skulllock);63667.png
63668;PVS-14 (White Phosphorus)(Skulllock);63668.png
63669;PVS-31 (Green)(Skulllock);63669.png
63670;PVS-31 (Amber)(Skulllock);63670.png
63671;PVS-31 (White Phosphorus)(Skulllock);63671.png
63672;PVS-14-Mono (Green)(Skulllock);63672.png
63673;PVS-14-Mono (Amber)(Skulllock);63673.png
63674;PVS-14-Mono (White Phosphorus)(Skulllock);63674.png
63675;6SH112_Vest;63675.png
63676;Poyas_A_Chest_Rig;63676.png
63677;Zhuk_1_PRESS_II_(Poyas_A_Rig);63677.png
63678;Zhuk_1_PRESS_IIIA_(Poyas_A_Rig);63678.png
63679;Zhuk_1_PRESS_III_(Poyas_A_Rig);63679.png
63680;Zhuk_1_PRESS_IV_(Poyas_A_Rig);63680.png
63681;Zhuk_1_EMR_II_(Zhuk_Rig);63681.png
63682;Zhuk_1_EMR_IIIA_(Zhuk_Rig);63682.png
63683;Zhuk_1_EMR_III_(Zhuk_Rig);63683.png
63684;Zhuk_1_EMR_IV_(Zhuk_Rig);63684.png
63685;Zhuk_1_EMR_II_(TV104_Rig);63685.png
63686;Zhuk_1_EMR_IIIA_(TV104_Rig);63686.png
63687;Zhuk_1_EMR_III_(TV104_Rig);63687.png
63688;Zhuk_1_EMR_IV_(TV104_Rig);63688.png
63689;Zhuk_1_EMR_II_(6SH112_Vest);63689.png
63690;Zhuk_1_EMR_IIIA_(6SH112_Vest);63690.png
63691;Zhuk_1_EMR_III_(6SH112_Vest);63691.png
63692;Zhuk_1_EMR_IV_(6SH112_Vest);63692.png
63693;Zhuk_1_EMR_II_(Poyas_A_Rig);63693.png
63694;Zhuk_1_EMR_IIIA_(Poyas_A_Rig);63694.png
63695;Zhuk_1_EMR_III_(Poyas_A_Rig);63695.png
63696;Zhuk_1_EMR_IV_(Poyas_A_Rig);63696.png
63701;Raindrop_M85_Field_Jacket;63701.png
63702;Raindrop_M85_Field_Pants;63702.png
63703;Green_M85_Field_Jacket;63703.png
63704;Green_M85_Field_Pants;63704.png
63705;Green_M85_Parka;63705.png
63706;Surplus_Ushanka_A;63706.png
63707;Surplus_Ushanka_B;63707.png
63708;Green Ssh68_1 (Variant A);63708.png
63709;Brown_M81_Field_Pants;63709.png
63710;Brown_M81_Field_Jacket_VDV;63710.png
63711;Brown_M81_Field_Jacket_BG;63711.png
63712;Brown_M81_Field_Jacket_NV;63712.png
63713;Brown_M81_Field_Jacket_NG;63713.png
63714;Brown_M81_Field_Jacket_OM;63714.png
63715;Brown_M81_Field_Jacket_NI;63715.png
63716;Telnyashka_VDV;63716.png
63717;Telnyashka_BG;63717.png
63718;Telnyashka_NV;63718.png
63719;Telnyashka_NG;63719.png
63720;Telnyashka_OM;63720.png
63721;Telnyashka_NI;63721.png
63722;EMR_6SH122_Shell (Variant A);63722.png
63723;EMR_6SH122_Shell (Variant B);63723.png
63724;EMR_6SH122_Shell (Variant C);63724.png
63725;EMR_6SH122_Combat_Pants;63725.png
63726;EMR_6SH122_Combat_Pants_Pads;63726.png
63727;EMR 6B47_1_Wrap (Variant A);63727.png
63728;EMR 6B47_1_Wrap (Variant B);63728.png
63729;EMR 6B47_1_Wrap (Variant C);63729.png
63730;EMR 6B47_1_Wrap (Variant D);63730.png
63732;EMR_VKBO_Shell (Variant A);63732.png
63733;EMR_VKBO_Shell (Variant B);63733.png
63734;EMR_VKBO_Shell (Variant C);63734.png
63735;EMR_VKBO_Combat_Pants;63735.png
63736;EMR_VKBO_Combat_Pants_Pads;63736.png
63737;EMR_6SH122_Shell (Variant D);63737.png
63738;6B43_1_EMR_II;63738.png
63739;6B43_1_EMR_IIIA;63739.png
63740;6B43_1_EMR_III;63740.png
63741;6B43_1_EMR_IV;63741.png
63742;6B45_1_EMR_II;63742.png
63743;6B45_1_EMR_IIIA;63743.png
63744;6B45_1_EMR_III;63744.png
63745;6B45_1_EMR_IV;63745.png
63746;EMR 6B47_1_Wrap (Variant E);63746.png
63747;EMR 6B47_1_Wrap (Variant F);63747.png
63752;EMR_VKBO_Shell (Variant A)(VDV);63752.png
63753;EMR_VKBO_Shell (Variant B)(VDV);63753.png
63754;EMR_VKBO_Shell (Variant A)(FSB);63754.png
63755;EMR_VKBO_Shell (Variant B)(FSB);63755.png
63756;EMR_VKBO_Shell (Variant A)(ARMY);63756.png
63757;EMR_VKBO_Shell (Variant B)(ARMY);63757.png
63758;Zhuk_1_EMR_II;63758.png
63759;Zhuk_1_EMR_IIIA;63759.png
63760;Zhuk_1_EMR_III;63760.png
63761;Zhuk_1_EMR_IV;63761.png
63762;Zhuk_1_PRESS_II_(6SH112_Vest);63762.png
63763;Zhuk_1_PRESS_IIIA_(6SH112_Vest);63763.png
63764;Zhuk_1_PRESS_III_(6SH112_Vest);63764.png
63765;Zhuk_1_PRESS_IV_(6SH112_Vest);63765.png
64001;Шлем Shadow Company;64001.png
64002;Бронежелет Shadow Company;64002.png
64003;Рубашка Shadow Company;64003.png
64004;Штаны Shadow Company;64004.png
65000;Shirt_Invisibility;65000.png
65001;helmet;65001.png
65002;mask;65002.png
65003;order;65003.png
65004;pants;65004.png
65005;pnv;65005.png
65006;vest;65006.png
65008;PKPBP_Mag;65008.png
65009;PKPBP;65009.png
65011;backpack;65011.png
65012;hat;65012.png
65013;mask;65013.png
65015;pnv;65015.png
65016;shirt;65016.png
65017;vest;65017.png
